date,district,rf,t_max,t_min,avg_temp,year,month,dayofyear,weekday
2013-10-01,Colombo,0.0,31.1,25.8,28.45,2013,10,274,1
2013-10-02,Colombo,0.0,31.3,27.5,29.4,2013,10,275,2
2013-10-03,Colombo,1.6,31.3,27.3,29.3,2013,10,276,3
2013-10-04,Colombo,5.8,30.7,25.7,28.2,2013,10,277,4
2013-10-05,Colombo,0.3,30.8,24.4,27.6,2013,10,278,5
2013-10-06,Colombo,2.5,31.0,25.1,28.05,2013,10,279,6
2013-10-07,Colombo,13.2,31.1,24.4,27.75,2013,10,280,0
2013-10-08,Colombo,0.0,30.5,24.8,27.65,2013,10,281,1
2013-10-09,Colombo,3.4,30.9,27.3,29.1,2013,10,282,2
2013-10-10,Colombo,6.2,29.8,26.3,28.05,2013,10,283,3
2013-10-11,Colombo,5.5,30.7,26.1,28.4,2013,10,284,4
2013-10-12,Colombo,2.0,30.3,25.6,27.95,2013,10,285,5
2013-10-13,Colombo,0.4,30.4,26.1,28.25,2013,10,286,6
2013-10-14,Colombo,1.6,30.8,25.4,28.1,2013,10,287,0
2013-10-15,Colombo,0.0,30.8,25.7,28.25,2013,10,288,1
2013-10-16,Colombo,24.6,30.5,27.2,28.85,2013,10,289,2
2013-10-17,Colombo,2.1,30.4,25.0,27.7,2013,10,290,3
2013-10-18,Colombo,18.2,30.3,24.2,27.25,2013,10,291,4
2013-10-19,Colombo,23.7,27.5,23.9,25.7,2013,10,292,5
2013-10-20,Colombo,0.1,29.5,23.9,26.7,2013,10,293,6
2013-10-21,Colombo,8.1,30.3,26.4,28.35,2013,10,294,0
2013-10-22,Colombo,1.6,30.5,24.9,27.7,2013,10,295,1
2013-10-23,Colombo,0.5,30.9,26.9,28.9,2013,10,296,2
2013-10-24,Colombo,1.9,30.5,25.9,28.2,2013,10,297,3
2013-10-25,Colombo,0.0,30.4,25.1,27.75,2013,10,298,4
2013-10-26,Colombo,1.2,30.5,24.6,27.55,2013,10,299,5
2013-10-27,Colombo,0.0,30.6,24.9,27.75,2013,10,300,6
2013-10-28,Colombo,0.0,30.9,25.7,28.3,2013,10,301,0
2013-10-29,Colombo,0.5,30.5,25.0,27.75,2013,10,302,1
2013-10-30,Colombo,7.1,30.8,24.3,27.55,2013,10,303,2
2013-10-31,Colombo,8.2,30.4,24.2,27.3,2013,10,304,3
2013-11-01,Colombo,9.2,31.2,23.4,27.3,2013,11,305,4
2013-11-02,Colombo,18.0,30.7,23.9,27.3,2013,11,306,5
2013-11-03,Colombo,2.8,30.6,23.4,27.0,2013,11,307,6
2013-11-04,Colombo,3.1,30.8,24.8,27.8,2013,11,308,0
2013-11-05,Colombo,3.0,30.9,24.5,27.7,2013,11,309,1
2013-11-06,Colombo,0.0,31.0,24.6,27.8,2013,11,310,2
2013-11-07,Colombo,5.1,31.3,23.8,27.55,2013,11,311,3
2013-11-08,Colombo,3.5,31.3,23.6,27.45,2013,11,312,4
2013-11-09,Colombo,21.2,31.7,24.5,28.1,2013,11,313,5
2013-11-10,Colombo,8.8,29.6,24.7,27.15,2013,11,314,6
2013-11-11,Colombo,0.0,32.0,24.5,28.25,2013,11,315,0
2013-11-12,Colombo,0.3,31.4,25.3,28.35,2013,11,316,1
2013-11-13,Colombo,0.0,28.9,25.1,27.0,2013,11,317,2
2013-11-14,Colombo,0.0,31.5,24.8,28.15,2013,11,318,3
2013-11-15,Colombo,0.0,31.0,24.7,27.85,2013,11,319,4
2013-11-16,Colombo,0.0,31.0,24.0,27.5,2013,11,320,5
2013-11-17,Colombo,0.0,31.3,25.4,28.35,2013,11,321,6
2013-11-18,Colombo,0.0,31.1,24.7,27.9,2013,11,322,0
2013-11-19,Colombo,19.7,30.9,23.9,27.4,2013,11,323,1
2013-11-20,Colombo,0.0,31.3,23.2,27.25,2013,11,324,2
2013-11-21,Colombo,0.0,30.8,24.0,27.4,2013,11,325,3
2013-11-22,Colombo,17.4,30.9,25.2,28.05,2013,11,326,4
2013-11-23,Colombo,14.1,30.8,24.5,27.65,2013,11,327,5
2013-11-24,Colombo,1.6,29.7,23.8,26.75,2013,11,328,6
2013-11-25,Colombo,0.6,30.9,23.9,27.4,2013,11,329,0
2013-11-26,Colombo,0.0,31.0,23.9,27.45,2013,11,330,1
2013-11-27,Colombo,0.0,31.0,23.7,27.35,2013,11,331,2
2013-11-28,Colombo,0.0,30.7,23.3,27.0,2013,11,332,3
2013-11-29,Colombo,15.7,30.7,24.8,27.75,2013,11,333,4
2013-11-30,Colombo,60.6,32.5,24.5,28.5,2013,11,334,5
2013-12-01,Colombo,0.4,30.3,23.2,26.75,2013,12,335,6
2013-12-02,Colombo,0.0,30.8,24.1,27.45,2013,12,336,0
2013-12-03,Colombo,0.0,31.6,23.9,27.75,2013,12,337,1
2013-12-04,Colombo,0.0,31.5,24.5,28.0,2013,12,338,2
2013-12-05,Colombo,0.0,29.9,24.3,27.1,2013,12,339,3
2013-12-06,Colombo,0.0,30.2,23.9,27.05,2013,12,340,4
2013-12-07,Colombo,0.0,30.2,24.3,27.25,2013,12,341,5
2013-12-08,Colombo,0.0,30.2,23.9,27.05,2013,12,342,6
2013-12-09,Colombo,0.0,30.9,24.1,27.5,2013,12,343,0
2013-12-10,Colombo,0.0,30.3,23.3,26.8,2013,12,344,1
2013-12-11,Colombo,0.0,31.1,23.7,27.4,2013,12,345,2
2013-12-12,Colombo,27.1,31.0,24.1,27.55,2013,12,346,3
2013-12-13,Colombo,0.0,29.9,23.8,26.85,2013,12,347,4
2013-12-14,Colombo,0.4,30.9,23.7,27.3,2013,12,348,5
2013-12-15,Colombo,4.4,30.0,24.3,27.15,2013,12,349,6
2013-12-16,Colombo,0.0,30.5,24.2,27.35,2013,12,350,0
2013-12-17,Colombo,0.0,30.1,22.8,26.45,2013,12,351,1
2013-12-18,Colombo,0.0,32.2,23.5,27.85,2013,12,352,2
2013-12-19,Colombo,0.0,31.1,24.4,27.75,2013,12,353,3
2013-12-20,Colombo,0.0,31.3,23.9,27.6,2013,12,354,4
2013-12-21,Colombo,0.0,30.7,25.0,27.85,2013,12,355,5
2013-12-22,Colombo,0.0,32.5,23.9,28.2,2013,12,356,6
2013-12-23,Colombo,0.0,32.9,22.8,27.85,2013,12,357,0
2013-12-24,Colombo,0.0,31.0,24.2,27.6,2013,12,358,1
2013-12-25,Colombo,0.0,30.8,24.8,27.8,2013,12,359,2
2013-12-26,Colombo,0.0,31.9,22.8,27.35,2013,12,360,3
2013-12-27,Colombo,0.0,31.3,23.3,27.3,2013,12,361,4
2013-12-28,Colombo,0.0,32.5,23.4,27.95,2013,12,362,5
2013-12-29,Colombo,0.0,32.1,22.9,27.5,2013,12,363,6
2013-12-30,Colombo,0.0,31.9,22.6,27.25,2013,12,364,0
2013-12-31,Colombo,0.0,32.9,23.3,28.1,2013,12,365,1
2014-01-01,Colombo,0.0,33.2,24.1,28.65,2014,1,1,2
2014-01-02,Colombo,0.0,31.9,23.4,27.65,2014,1,2,3
2014-01-03,Colombo,0.0,31.2,24.2,27.7,2014,1,3,4
2014-01-04,Colombo,0.0,30.3,24.0,27.15,2014,1,4,5
2014-01-05,Colombo,0.0,29.4,22.7,26.05,2014,1,5,6
2014-01-06,Colombo,7.4,29.7,23.7,26.7,2014,1,6,0
2014-01-07,Colombo,0.0,29.4,24.3,26.85,2014,1,7,1
2014-01-08,Colombo,0.0,30.9,23.9,27.4,2014,1,8,2
2014-01-09,Colombo,58.1,31.4,24.7,28.05,2014,1,9,3
2014-01-10,Colombo,0.0,30.7,23.7,27.2,2014,1,10,4
2014-01-11,Colombo,0.0,30.6,23.1,26.85,2014,1,11,5
2014-01-12,Colombo,3.8,30.4,23.9,27.15,2014,1,12,6
2014-01-13,Colombo,0.0,32.3,22.9,27.6,2014,1,13,0
2014-01-14,Colombo,0.0,29.6,24.5,27.05,2014,1,14,1
2014-01-15,Colombo,3.8,29.7,25.3,27.5,2014,1,15,2
2014-01-16,Colombo,7.8,30.0,23.6,26.8,2014,1,16,3
2014-01-17,Colombo,0.0,32.8,23.1,27.95,2014,1,17,4
2014-01-18,Colombo,0.0,30.3,22.1,26.2,2014,1,18,5
2014-01-19,Colombo,0.0,32.6,23.0,27.8,2014,1,19,6
2014-01-20,Colombo,0.0,31.6,22.3,26.95,2014,1,20,0
2014-01-21,Colombo,0.0,33.7,23.9,28.8,2014,1,21,1
2014-01-22,Colombo,0.0,32.0,23.1,27.55,2014,1,22,2
2014-01-23,Colombo,0.0,31.0,24.5,27.75,2014,1,23,3
2014-01-24,Colombo,0.0,31.2,23.7,27.45,2014,1,24,4
2014-01-25,Colombo,0.0,33.1,22.7,27.9,2014,1,25,5
2014-01-26,Colombo,0.0,32.1,22.2,27.15,2014,1,26,6
2014-01-27,Colombo,0.0,32.4,22.9,27.65,2014,1,27,0
2014-01-28,Colombo,4.7,32.0,24.0,28.0,2014,1,28,1
2014-01-29,Colombo,0.0,32.3,24.2,28.25,2014,1,29,2
2014-01-30,Colombo,0.0,32.8,24.5,28.65,2014,1,30,3
2014-01-31,Colombo,0.0,31.9,24.9,28.4,2014,1,31,4
2014-02-01,Colombo,0.0,34.9,24.4,29.65,2014,2,32,5
2014-02-02,Colombo,0.0,35.3,24.3,29.8,2014,2,33,6
2014-02-03,Colombo,0.0,34.6,23.5,29.05,2014,2,34,0
2014-02-04,Colombo,0.0,31.4,23.4,27.4,2014,2,35,1
2014-02-05,Colombo,0.0,31.3,22.9,27.1,2014,2,36,2
2014-02-06,Colombo,0.0,30.7,23.1,26.9,2014,2,37,3
2014-02-07,Colombo,0.0,34.4,22.0,28.2,2014,2,38,4
2014-02-08,Colombo,0.0,31.0,22.3,26.65,2014,2,39,5
2014-02-09,Colombo,0.0,30.4,22.0,26.2,2014,2,40,6
2014-02-10,Colombo,0.0,29.8,20.9,25.35,2014,2,41,0
2014-02-11,Colombo,0.0,29.5,21.0,25.25,2014,2,42,1
2014-02-12,Colombo,0.0,30.5,22.6,26.55,2014,2,43,2
2014-02-13,Colombo,0.0,29.9,22.4,26.15,2014,2,44,3
2014-02-14,Colombo,0.0,31.1,23.8,27.45,2014,2,45,4
2014-02-15,Colombo,0.0,30.8,22.9,26.85,2014,2,46,5
2014-02-16,Colombo,0.0,30.8,24.4,27.6,2014,2,47,6
2014-02-17,Colombo,0.0,31.2,23.9,27.55,2014,2,48,0
2014-02-18,Colombo,0.0,31.4,24.8,28.1,2014,2,49,1
2014-02-19,Colombo,0.0,32.1,25.6,28.85,2014,2,50,2
2014-02-20,Colombo,1.7,31.3,25.4,28.35,2014,2,51,3
2014-02-21,Colombo,0.0,32.8,25.0,28.9,2014,2,52,4
2014-02-22,Colombo,0.0,31.3,23.9,27.6,2014,2,53,5
2014-02-23,Colombo,17.8,31.1,24.8,27.95,2014,2,54,6
2014-02-24,Colombo,0.0,31.5,23.6,27.55,2014,2,55,0
2014-02-25,Colombo,0.0,32.1,25.0,28.55,2014,2,56,1
2014-02-26,Colombo,0.0,32.1,24.2,28.15,2014,2,57,2
2014-02-27,Colombo,0.0,31.2,24.9,28.05,2014,2,58,3
2014-02-28,Colombo,0.0,31.4,24.0,27.7,2014,2,59,4
2014-03-01,Colombo,0.0,31.5,24.7,28.1,2014,3,60,5
2014-03-02,Colombo,0.0,32.0,24.9,28.45,2014,3,61,6
2014-03-03,Colombo,0.0,32.4,25.1,28.75,2014,3,62,0
2014-03-04,Colombo,0.0,32.2,25.4,28.8,2014,3,63,1
2014-03-05,Colombo,25.2,32.6,26.2,29.4,2014,3,64,2
2014-03-06,Colombo,9.8,31.6,24.4,28.0,2014,3,65,3
2014-03-07,Colombo,46.5,32.5,23.7,28.1,2014,3,66,4
2014-03-08,Colombo,0.0,32.5,22.9,27.7,2014,3,67,5
2014-03-09,Colombo,0.0,34.1,24.4,29.25,2014,3,68,6
2014-03-10,Colombo,0.0,32.2,24.9,28.55,2014,3,69,0
2014-03-11,Colombo,0.0,35.2,24.3,29.75,2014,3,70,1
2014-03-12,Colombo,0.0,32.6,24.3,28.45,2014,3,71,2
2014-03-13,Colombo,0.0,32.8,24.1,28.45,2014,3,72,3
2014-03-14,Colombo,0.0,31.7,23.9,27.8,2014,3,73,4
2014-03-15,Colombo,0.0,31.5,24.1,27.8,2014,3,74,5
2014-03-16,Colombo,0.0,32.5,24.3,28.4,2014,3,75,6
2014-03-17,Colombo,2.2,33.1,24.4,28.75,2014,3,76,0
2014-03-18,Colombo,2.9,33.2,25.5,29.35,2014,3,77,1
2014-03-19,Colombo,0.0,30.1,24.3,27.2,2014,3,78,2
2014-03-20,Colombo,0.0,31.9,25.4,28.65,2014,3,79,3
2014-03-21,Colombo,5.9,32.1,25.5,28.8,2014,3,80,4
2014-03-22,Colombo,0.0,31.3,25.0,28.15,2014,3,81,5
2014-03-23,Colombo,0.0,32.9,25.4,29.15,2014,3,82,6
2014-03-24,Colombo,9.8,32.0,25.4,28.7,2014,3,83,0
2014-03-25,Colombo,0.0,32.2,25.1,28.65,2014,3,84,1
2014-03-26,Colombo,0.0,33.2,24.9,29.05,2014,3,85,2
2014-03-27,Colombo,42.5,32.9,25.7,29.3,2014,3,86,3
2014-03-28,Colombo,0.0,31.8,24.7,28.25,2014,3,87,4
2014-03-29,Colombo,0.0,31.9,25.4,28.65,2014,3,88,5
2014-03-30,Colombo,0.0,32.4,25.4,28.9,2014,3,89,6
2014-03-31,Colombo,0.0,31.9,25.4,28.65,2014,3,90,0
2014-04-01,Colombo,0.0,32.2,25.1,28.65,2014,4,91,1
2014-04-02,Colombo,0.0,32.4,27.9,30.15,2014,4,92,2
2014-04-03,Colombo,16.6,32.7,26.3,29.5,2014,4,93,3
2014-04-04,Colombo,1.9,31.8,25.1,28.45,2014,4,94,4
2014-04-05,Colombo,5.8,32.5,25.4,28.95,2014,4,95,5
2014-04-06,Colombo,4.4,32.4,24.0,28.2,2014,4,96,6
2014-04-07,Colombo,0.4,33.5,24.2,28.85,2014,4,97,0
2014-04-08,Colombo,41.5,32.5,25.6,29.05,2014,4,98,1
2014-04-09,Colombo,0.0,31.8,24.7,28.25,2014,4,99,2
2014-04-10,Colombo,9.6,31.9,25.7,28.8,2014,4,100,3
2014-04-11,Colombo,0.0,32.8,24.9,28.85,2014,4,101,4
2014-04-12,Colombo,0.0,31.9,25.3,28.6,2014,4,102,5
2014-04-13,Colombo,0.0,32.4,25.9,29.15,2014,4,103,6
2014-04-14,Colombo,30.3,32.1,25.1,28.6,2014,4,104,0
2014-04-15,Colombo,0.8,31.9,23.0,27.45,2014,4,105,1
2014-04-16,Colombo,0.0,32.6,26.0,29.3,2014,4,106,2
2014-04-17,Colombo,0.9,32.3,25.6,28.95,2014,4,107,3
2014-04-18,Colombo,26.9,32.3,25.7,29.0,2014,4,108,4
2014-04-19,Colombo,0.0,32.2,24.9,28.55,2014,4,109,5
2014-04-20,Colombo,0.0,32.1,25.4,28.75,2014,4,110,6
2014-04-21,Colombo,0.8,32.3,26.8,29.55,2014,4,111,0
2014-04-22,Colombo,2.2,32.6,25.5,29.05,2014,4,112,1
2014-04-23,Colombo,1.0,31.8,23.9,27.85,2014,4,113,2
2014-04-24,Colombo,37.8,31.7,24.8,28.25,2014,4,114,3
2014-04-25,Colombo,0.0,32.2,24.6,28.4,2014,4,115,4
2014-04-26,Colombo,0.0,32.6,26.3,29.45,2014,4,116,5
2014-04-27,Colombo,0.7,32.4,26.4,29.4,2014,4,117,6
2014-04-28,Colombo,4.3,32.3,25.4,28.85,2014,4,118,0
2014-04-29,Colombo,68.8,30.5,25.1,27.8,2014,4,119,1
2014-04-30,Colombo,0.0,32.2,23.3,27.75,2014,4,120,2
2014-05-01,Colombo,0.0,30.1,25.3,27.7,2014,5,121,3
2014-05-02,Colombo,5.0,32.4,25.7,29.05,2014,5,122,4
2014-05-03,Colombo,0.3,29.4,25.0,27.2,2014,5,123,5
2014-05-04,Colombo,12.0,29.5,25.5,27.5,2014,5,124,6
2014-05-05,Colombo,11.9,30.6,25.5,28.05,2014,5,125,0
2014-05-06,Colombo,3.9,30.4,24.4,27.4,2014,5,126,1
2014-05-07,Colombo,8.4,30.6,25.1,27.85,2014,5,127,2
2014-05-08,Colombo,1.8,31.6,23.9,27.75,2014,5,128,3
2014-05-09,Colombo,0.0,31.3,25.7,28.5,2014,5,129,4
2014-05-10,Colombo,0.0,31.8,26.4,29.1,2014,5,130,5
2014-05-11,Colombo,0.0,31.9,26.2,29.05,2014,5,131,6
2014-05-12,Colombo,0.0,32.0,26.3,29.15,2014,5,132,0
2014-05-13,Colombo,0.0,32.0,27.1,29.55,2014,5,133,1
2014-05-14,Colombo,0.0,32.2,28.4,30.3,2014,5,134,2
2014-05-15,Colombo,0.0,32.3,28.5,30.4,2014,5,135,3
2014-05-16,Colombo,3.0,32.7,28.8,30.75,2014,5,136,4
2014-05-17,Colombo,0.0,31.9,28.0,29.95,2014,5,137,5
2014-05-18,Colombo,0.0,32.3,27.6,29.95,2014,5,138,6
2014-05-19,Colombo,6.8,32.1,26.5,29.3,2014,5,139,0
2014-05-20,Colombo,6.3,32.0,26.8,29.4,2014,5,140,1
2014-05-21,Colombo,5.6,30.8,26.8,28.8,2014,5,141,2
2014-05-22,Colombo,0.2,31.9,26.0,28.95,2014,5,142,3
2014-05-23,Colombo,0.0,32.4,28.1,30.25,2014,5,143,4
2014-05-24,Colombo,6.9,32.3,28.9,30.6,2014,5,144,5
2014-05-25,Colombo,0.0,32.0,26.3,29.15,2014,5,145,6
2014-05-26,Colombo,0.0,32.1,26.6,29.35,2014,5,146,0
2014-05-27,Colombo,0.0,32.1,27.9,30.0,2014,5,147,1
2014-05-28,Colombo,8.8,31.8,27.3,29.55,2014,5,148,2
2014-05-29,Colombo,2.2,31.4,25.1,28.25,2014,5,149,3
2014-05-30,Colombo,0.4,31.8,26.6,29.2,2014,5,150,4
2014-05-31,Colombo,0.0,32.1,27.7,29.9,2014,5,151,5
2014-06-01,Colombo,102.8,31.1,27.4,29.25,2014,6,152,6
2014-06-02,Colombo,29.5,28.7,23.6,26.15,2014,6,153,0
2014-06-03,Colombo,3.6,28.4,23.9,26.15,2014,6,154,1
2014-06-04,Colombo,2.7,30.9,25.1,28.0,2014,6,155,2
2014-06-05,Colombo,0.7,31.3,27.5,29.4,2014,6,156,3
2014-06-06,Colombo,0.0,31.6,28.0,29.8,2014,6,157,4
2014-06-07,Colombo,0.0,31.8,28.1,29.95,2014,6,158,5
2014-06-08,Colombo,8.8,31.1,28.3,29.7,2014,6,159,6
2014-06-09,Colombo,0.0,30.5,27.4,28.95,2014,6,160,0
2014-06-10,Colombo,5.4,31.7,27.5,29.6,2014,6,161,1
2014-06-11,Colombo,7.2,30.7,25.5,28.1,2014,6,162,2
2014-06-12,Colombo,29.1,30.5,26.3,28.4,2014,6,163,3
2014-06-13,Colombo,0.0,30.9,23.8,27.35,2014,6,164,4
2014-06-14,Colombo,0.0,31.3,27.9,29.6,2014,6,165,5
2014-06-15,Colombo,0.0,30.8,28.0,29.4,2014,6,166,6
2014-06-16,Colombo,0.0,31.3,27.8,29.55,2014,6,167,0
2014-06-17,Colombo,0.0,31.2,27.4,29.3,2014,6,168,1
2014-06-18,Colombo,0.3,31.1,28.1,29.6,2014,6,169,2
2014-06-19,Colombo,0.0,31.0,28.1,29.55,2014,6,170,3
2014-06-20,Colombo,0.0,31.5,27.6,29.55,2014,6,171,4
2014-06-21,Colombo,0.0,31.7,28.3,30.0,2014,6,172,5
2014-06-22,Colombo,0.0,31.7,28.1,29.9,2014,6,173,6
2014-06-23,Colombo,0.0,31.5,28.0,29.75,2014,6,174,0
2014-06-24,Colombo,0.0,31.4,28.3,29.85,2014,6,175,1
2014-06-25,Colombo,0.0,31.5,28.2,29.85,2014,6,176,2
2014-06-26,Colombo,0.0,31.3,27.9,29.6,2014,6,177,3
2014-06-27,Colombo,4.6,31.7,27.7,29.7,2014,6,178,4
2014-06-28,Colombo,3.9,30.8,26.7,28.75,2014,6,179,5
2014-06-29,Colombo,9.2,31.0,27.0,29.0,2014,6,180,6
2014-06-30,Colombo,30.9,29.4,25.4,27.4,2014,6,181,0
2014-07-01,Colombo,8.6,29.7,24.4,27.05,2014,7,182,1
2014-07-02,Colombo,0.0,30.6,25.1,27.85,2014,7,183,2
2014-07-03,Colombo,0.0,30.7,28.0,29.35,2014,7,184,3
2014-07-04,Colombo,0.1,30.8,27.6,29.2,2014,7,185,4
2014-07-05,Colombo,0.0,30.5,27.3,28.9,2014,7,186,5
2014-07-06,Colombo,0.0,30.6,27.0,28.8,2014,7,187,6
2014-07-07,Colombo,0.0,30.6,27.3,28.95,2014,7,188,0
2014-07-08,Colombo,0.0,30.9,27.3,29.1,2014,7,189,1
2014-07-09,Colombo,0.0,30.8,27.2,29.0,2014,7,190,2
2014-07-10,Colombo,5.0,29.9,27.3,28.6,2014,7,191,3
2014-07-11,Colombo,0.0,30.7,24.7,27.7,2014,7,192,4
2014-07-12,Colombo,0.0,30.9,27.4,29.15,2014,7,193,5
2014-07-13,Colombo,0.0,31.2,27.4,29.3,2014,7,194,6
2014-07-14,Colombo,1.8,30.9,26.8,28.85,2014,7,195,0
2014-07-15,Colombo,2.2,31.2,26.3,28.75,2014,7,196,1
2014-07-16,Colombo,0.0,31.3,24.7,28.0,2014,7,197,2
2014-07-17,Colombo,0.0,31.1,27.3,29.2,2014,7,198,3
2014-07-18,Colombo,0.0,31.1,27.4,29.25,2014,7,199,4
2014-07-19,Colombo,0.0,31.5,27.7,29.6,2014,7,200,5
2014-07-20,Colombo,0.0,30.6,27.4,29.0,2014,7,201,6
2014-07-21,Colombo,0.0,31.5,27.0,29.25,2014,7,202,0
2014-07-22,Colombo,3.3,31.7,27.3,29.5,2014,7,203,1
2014-07-23,Colombo,0.0,30.7,26.4,28.55,2014,7,204,2
2014-07-24,Colombo,0.0,31.5,27.3,29.4,2014,7,205,3
2014-07-25,Colombo,0.0,31.5,27.4,29.45,2014,7,206,4
2014-07-26,Colombo,0.0,31.1,27.7,29.4,2014,7,207,5
2014-07-27,Colombo,4.5,30.5,27.6,29.05,2014,7,208,6
2014-07-28,Colombo,9.5,30.1,25.9,28.0,2014,7,209,0
2014-07-29,Colombo,0.0,30.9,24.2,27.55,2014,7,210,1
2014-07-30,Colombo,0.0,31.2,27.1,29.15,2014,7,211,2
2014-07-31,Colombo,0.2,31.1,27.2,29.15,2014,7,212,3
2014-08-01,Colombo,67.6,31.1,26.9,29.0,2014,8,213,4
2014-08-02,Colombo,2.9,30.1,24.1,27.1,2014,8,214,5
2014-08-03,Colombo,7.4,30.3,25.1,27.7,2014,8,215,6
2014-08-04,Colombo,0.0,30.0,25.3,27.65,2014,8,216,0
2014-08-05,Colombo,3.0,30.6,26.5,28.55,2014,8,217,1
2014-08-06,Colombo,0.0,30.6,25.3,27.95,2014,8,218,2
2014-08-07,Colombo,0.5,30.5,26.8,28.65,2014,8,219,3
2014-08-08,Colombo,0.0,30.5,27.2,28.85,2014,8,220,4
2014-08-09,Colombo,0.4,30.7,24.9,27.8,2014,8,221,5
2014-08-10,Colombo,15.0,30.2,26.6,28.4,2014,8,222,6
2014-08-11,Colombo,7.8,29.0,24.9,26.95,2014,8,223,0
2014-08-12,Colombo,0.2,29.9,23.7,26.8,2014,8,224,1
2014-08-13,Colombo,0.0,30.0,24.5,27.25,2014,8,225,2
2014-08-14,Colombo,0.0,30.7,26.3,28.5,2014,8,226,3
2014-08-15,Colombo,0.0,30.5,26.8,28.65,2014,8,227,4
2014-08-16,Colombo,9.2,30.2,27.1,28.65,2014,8,228,5
2014-08-17,Colombo,17.4,28.5,25.2,26.85,2014,8,229,6
2014-08-18,Colombo,1.5,29.9,24.3,27.1,2014,8,230,0
2014-08-19,Colombo,34.7,30.4,24.3,27.35,2014,8,231,1
2014-08-20,Colombo,6.2,30.5,24.3,27.4,2014,8,232,2
2014-08-21,Colombo,16.0,28.7,25.1,26.9,2014,8,233,3
2014-08-22,Colombo,57.4,27.1,24.5,25.8,2014,8,234,4
2014-08-23,Colombo,7.4,30.2,23.7,26.95,2014,8,235,5
2014-08-24,Colombo,0.3,30.3,24.5,27.4,2014,8,236,6
2014-08-25,Colombo,0.0,30.6,25.3,27.95,2014,8,237,0
2014-08-26,Colombo,0.0,30.3,25.5,27.9,2014,8,238,1
2014-08-27,Colombo,0.0,30.6,26.7,28.65,2014,8,239,2
2014-08-28,Colombo,0.0,31.0,27.3,29.15,2014,8,240,3
2014-08-29,Colombo,0.0,30.9,27.2,29.05,2014,8,241,4
2014-08-30,Colombo,0.5,30.9,27.2,29.05,2014,8,242,5
2014-08-31,Colombo,0.0,30.9,25.1,28.0,2014,8,243,6
2014-09-01,Colombo,5.7,31.1,27.2,29.15,2014,9,244,0
2014-09-02,Colombo,41.6,29.5,24.8,27.15,2014,9,245,1
2014-09-03,Colombo,8.4,29.9,23.5,26.7,2014,9,246,2
2014-09-04,Colombo,23.9,29.5,23.3,26.4,2014,9,247,3
2014-09-05,Colombo,0.0,30.2,24.3,27.25,2014,9,248,4
2014-09-06,Colombo,1.4,30.8,25.5,28.15,2014,9,249,5
2014-09-07,Colombo,6.3,29.5,26.0,27.75,2014,9,250,6
2014-09-08,Colombo,21.8,30.4,24.5,27.45,2014,9,251,0
2014-09-09,Colombo,1.1,30.4,23.6,27.0,2014,9,252,1
2014-09-10,Colombo,6.8,29.9,25.0,27.45,2014,9,253,2
2014-09-11,Colombo,0.4,30.6,25.4,28.0,2014,9,254,3
2014-09-12,Colombo,1.0,31.1,26.4,28.75,2014,9,255,4
2014-09-13,Colombo,16.8,31.3,27.1,29.2,2014,9,256,5
2014-09-14,Colombo,15.6,30.8,26.0,28.4,2014,9,257,6
2014-09-15,Colombo,0.3,30.6,24.9,27.75,2014,9,258,0
2014-09-16,Colombo,3.5,30.8,26.3,28.55,2014,9,259,1
2014-09-17,Colombo,0.2,30.6,25.9,28.25,2014,9,260,2
2014-09-18,Colombo,21.9,31.0,26.3,28.65,2014,9,261,3
2014-09-19,Colombo,0.0,30.9,25.6,28.25,2014,9,262,4
2014-09-20,Colombo,0.0,30.7,27.2,28.95,2014,9,263,5
2014-09-21,Colombo,0.0,30.7,25.8,28.25,2014,9,264,6
2014-09-22,Colombo,0.0,30.9,25.7,28.3,2014,9,265,0
2014-09-23,Colombo,32.7,31.0,26.4,28.7,2014,9,266,1
2014-09-24,Colombo,0.7,31.1,25.4,28.25,2014,9,267,2
2014-09-25,Colombo,15.1,30.9,24.9,27.9,2014,9,268,3
2014-09-26,Colombo,32.9,30.4,24.4,27.4,2014,9,269,4
2014-09-27,Colombo,0.2,30.9,24.1,27.5,2014,9,270,5
2014-09-28,Colombo,1.3,31.1,24.7,27.9,2014,9,271,6
2014-09-29,Colombo,30.6,31.3,24.8,28.05,2014,9,272,0
2014-09-30,Colombo,22.5,29.8,24.9,27.35,2014,9,273,1
2014-10-01,Colombo,29.3,31.0,23.5,27.25,2014,10,274,2
2014-10-02,Colombo,0.0,29.9,23.7,26.8,2014,10,275,3
2014-10-03,Colombo,1.0,29.1,25.2,27.15,2014,10,276,4
2014-10-04,Colombo,0.0,31.0,24.7,27.85,2014,10,277,5
2014-10-05,Colombo,0.0,31.1,26.3,28.7,2014,10,278,6
2014-10-06,Colombo,2.7,31.2,26.8,29.0,2014,10,279,0
2014-10-07,Colombo,84.9,26.9,25.1,26.0,2014,10,280,1
2014-10-08,Colombo,10.8,29.8,23.8,26.8,2014,10,281,2
2014-10-09,Colombo,2.8,30.1,24.9,27.5,2014,10,282,3
2014-10-10,Colombo,5.2,31.0,26.6,28.8,2014,10,283,4
2014-10-11,Colombo,0.0,31.0,27.0,29.0,2014,10,284,5
2014-10-12,Colombo,1.8,31.1,27.3,29.2,2014,10,285,6
2014-10-13,Colombo,6.7,31.3,25.1,28.2,2014,10,286,0
2014-10-14,Colombo,0.0,31.2,24.6,27.9,2014,10,287,1
2014-10-15,Colombo,28.4,31.0,25.5,28.25,2014,10,288,2
2014-10-16,Colombo,14.5,30.9,23.8,27.35,2014,10,289,3
2014-10-17,Colombo,58.2,30.3,24.8,27.55,2014,10,290,4
2014-10-18,Colombo,34.0,28.6,23.7,26.15,2014,10,291,5
2014-10-19,Colombo,5.1,30.3,22.9,26.6,2014,10,292,6
2014-10-20,Colombo,9.8,30.5,24.7,27.6,2014,10,293,0
2014-10-21,Colombo,3.0,30.5,24.6,27.55,2014,10,294,1
2014-10-22,Colombo,40.1,31.0,23.9,27.45,2014,10,295,2
2014-10-23,Colombo,0.0,29.6,23.4,26.5,2014,10,296,3
2014-10-24,Colombo,0.0,30.7,24.7,27.7,2014,10,297,4
2014-10-25,Colombo,0.5,31.3,24.5,27.9,2014,10,298,5
2014-10-26,Colombo,5.3,30.5,25.0,27.75,2014,10,299,6
2014-10-27,Colombo,2.0,30.9,23.9,27.4,2014,10,300,0
2014-10-28,Colombo,13.2,31.6,24.2,27.9,2014,10,301,1
2014-10-29,Colombo,8.7,30.6,23.5,27.05,2014,10,302,2
2014-10-30,Colombo,81.2,28.4,23.8,26.1,2014,10,303,3
2014-10-31,Colombo,0.4,29.5,23.2,26.35,2014,10,304,4
2014-11-01,Colombo,14.8,30.8,23.5,27.15,2014,11,305,5
2014-11-02,Colombo,19.8,28.0,24.1,26.05,2014,11,306,6
2014-11-03,Colombo,17.4,28.0,24.4,26.2,2014,11,307,0
2014-11-04,Colombo,9.0,27.1,23.0,25.05,2014,11,308,1
2014-11-05,Colombo,0.0,31.3,23.0,27.15,2014,11,309,2
2014-11-06,Colombo,0.0,31.2,26.6,28.9,2014,11,310,3
2014-11-07,Colombo,0.0,31.0,23.6,27.3,2014,11,311,4
2014-11-08,Colombo,0.0,30.8,23.6,27.2,2014,11,312,5
2014-11-09,Colombo,0.0,31.0,24.4,27.7,2014,11,313,6
2014-11-10,Colombo,1.0,30.9,23.7,27.3,2014,11,314,0
2014-11-11,Colombo,20.6,31.7,24.6,28.15,2014,11,315,1
2014-11-12,Colombo,0.0,30.8,23.5,27.15,2014,11,316,2
2014-11-13,Colombo,0.8,31.7,24.5,28.1,2014,11,317,3
2014-11-14,Colombo,57.3,31.5,24.0,27.75,2014,11,318,4
2014-11-15,Colombo,0.0,30.7,23.6,27.15,2014,11,319,5
2014-11-16,Colombo,8.2,31.9,24.4,28.15,2014,11,320,6
2014-11-17,Colombo,5.7,32.8,23.4,28.1,2014,11,321,0
2014-11-18,Colombo,3.3,31.3,23.6,27.45,2014,11,322,1
2014-11-19,Colombo,0.1,28.8,23.6,26.2,2014,11,323,2
2014-11-20,Colombo,0.3,31.2,24.2,27.7,2014,11,324,3
2014-11-21,Colombo,3.8,31.0,25.2,28.1,2014,11,325,4
2014-11-22,Colombo,0.3,30.2,23.8,27.0,2014,11,326,5
2014-11-23,Colombo,6.0,30.1,23.9,27.0,2014,11,327,6
2014-11-24,Colombo,4.4,31.0,23.9,27.45,2014,11,328,0
2014-11-25,Colombo,0.3,26.5,23.6,25.05,2014,11,329,1
2014-11-26,Colombo,0.9,26.5,24.1,25.3,2014,11,330,2
2014-11-27,Colombo,92.3,29.1,24.2,26.65,2014,11,331,3
2014-11-28,Colombo,2.8,29.0,23.6,26.3,2014,11,332,4
2014-11-29,Colombo,9.4,29.5,24.0,26.75,2014,11,333,5
2014-11-30,Colombo,0.3,27.6,23.7,25.65,2014,11,334,6
2014-12-01,Colombo,36.9,30.2,24.1,27.15,2014,12,335,0
2014-12-02,Colombo,0.3,30.4,22.6,26.5,2014,12,336,1
2014-12-03,Colombo,0.0,31.3,24.6,27.95,2014,12,337,2
2014-12-04,Colombo,0.0,31.3,23.9,27.6,2014,12,338,3
2014-12-05,Colombo,0.0,31.5,24.9,28.2,2014,12,339,4
2014-12-06,Colombo,4.4,31.1,24.2,27.65,2014,12,340,5
2014-12-07,Colombo,51.1,30.7,24.3,27.5,2014,12,341,6
2014-12-08,Colombo,0.0,30.5,24.7,27.6,2014,12,342,0
2014-12-09,Colombo,89.3,31.0,24.5,27.75,2014,12,343,1
2014-12-10,Colombo,10.7,30.6,23.6,27.1,2014,12,344,2
2014-12-11,Colombo,55.9,30.4,23.3,26.85,2014,12,345,3
2014-12-12,Colombo,1.0,30.6,23.7,27.15,2014,12,346,4
2014-12-13,Colombo,0.6,30.6,23.8,27.2,2014,12,347,5
2014-12-14,Colombo,7.6,30.5,24.5,27.5,2014,12,348,6
2014-12-15,Colombo,6.3,31.0,23.9,27.45,2014,12,349,0
2014-12-16,Colombo,0.1,31.3,24.1,27.7,2014,12,350,1
2014-12-17,Colombo,0.5,30.3,24.5,27.4,2014,12,351,2
2014-12-18,Colombo,2.5,30.4,24.3,27.35,2014,12,352,3
2014-12-19,Colombo,6.0,30.4,24.6,27.5,2014,12,353,4
2014-12-20,Colombo,0.6,25.3,23.8,24.55,2014,12,354,5
2014-12-21,Colombo,3.8,30.2,22.4,26.3,2014,12,355,6
2014-12-22,Colombo,4.3,26.3,23.6,24.95,2014,12,356,0
2014-12-23,Colombo,26.1,26.8,23.7,25.25,2014,12,357,1
2014-12-24,Colombo,52.2,26.8,23.5,25.15,2014,12,358,2
2014-12-25,Colombo,67.8,26.3,23.5,24.9,2014,12,359,3
2014-12-26,Colombo,0.0,26.7,21.9,24.3,2014,12,360,4
2014-12-27,Colombo,8.0,27.6,23.3,25.45,2014,12,361,5
2014-12-28,Colombo,25.5,27.3,23.9,25.6,2014,12,362,6
2014-12-29,Colombo,8.1,29.0,23.9,26.45,2014,12,363,0
2014-12-30,Colombo,0.0,29.7,23.8,26.75,2014,12,364,1
2014-12-31,Colombo,6.9,30.4,23.9,27.15,2014,12,365,2
2015-01-01,Colombo,0.0,30.3,25.2,27.75,2015,1,1,3
2015-01-02,Colombo,0.0,29.9,22.8,26.35,2015,1,2,4
2015-01-03,Colombo,0.0,30.2,21.5,25.85,2015,1,3,5
2015-01-04,Colombo,1.5,31.2,23.0,27.1,2015,1,4,6
2015-01-05,Colombo,0.0,31.0,24.6,27.8,2015,1,5,0
2015-01-06,Colombo,7.5,32.5,24.4,28.45,2015,1,6,1
2015-01-07,Colombo,0.0,31.4,23.9,27.65,2015,1,7,2
2015-01-08,Colombo,0.0,30.1,22.6,26.35,2015,1,8,3
2015-01-09,Colombo,0.0,30.0,22.4,26.2,2015,1,9,4
2015-01-10,Colombo,0.0,31.9,21.9,26.9,2015,1,10,5
2015-01-11,Colombo,0.0,32.1,22.1,27.1,2015,1,11,6
2015-01-12,Colombo,0.0,31.5,23.1,27.3,2015,1,12,0
2015-01-13,Colombo,0.0,31.8,21.9,26.85,2015,1,13,1
2015-01-14,Colombo,0.0,30.7,22.5,26.6,2015,1,14,2
2015-01-15,Colombo,0.0,30.6,23.6,27.1,2015,1,15,3
2015-01-16,Colombo,0.0,30.8,23.2,27.0,2015,1,16,4
2015-01-17,Colombo,0.0,31.6,23.9,27.75,2015,1,17,5
2015-01-18,Colombo,0.0,33.6,24.0,28.8,2015,1,18,6
2015-01-19,Colombo,0.0,32.6,23.4,28.0,2015,1,19,0
2015-01-20,Colombo,0.0,31.7,23.0,27.35,2015,1,20,1
2015-01-21,Colombo,0.0,34.0,22.8,28.4,2015,1,21,2
2015-01-22,Colombo,0.0,31.0,21.8,26.4,2015,1,22,3
2015-01-23,Colombo,0.0,30.9,23.4,27.15,2015,1,23,4
2015-01-24,Colombo,0.0,31.7,25.1,28.4,2015,1,24,5
2015-01-25,Colombo,0.0,32.9,24.2,28.55,2015,1,25,6
2015-01-26,Colombo,0.0,31.0,23.4,27.2,2015,1,26,0
2015-01-27,Colombo,0.0,33.0,23.9,28.45,2015,1,27,1
2015-01-28,Colombo,0.1,31.9,25.7,28.8,2015,1,28,2
2015-01-29,Colombo,23.6,32.2,24.2,28.2,2015,1,29,3
2015-01-30,Colombo,0.0,29.9,24.3,27.1,2015,1,30,4
2015-01-31,Colombo,0.0,31.5,23.3,27.4,2015,1,31,5
2015-02-01,Colombo,0.0,31.9,23.7,27.8,2015,2,32,6
2015-02-02,Colombo,0.0,33.1,24.6,28.85,2015,2,33,0
2015-02-03,Colombo,2.9,35.5,24.7,30.1,2015,2,34,1
2015-02-04,Colombo,0.0,32.4,23.1,27.75,2015,2,35,2
2015-02-05,Colombo,0.2,32.5,24.2,28.35,2015,2,36,3
2015-02-06,Colombo,49.0,32.7,24.6,28.65,2015,2,37,4
2015-02-07,Colombo,0.0,32.1,22.9,27.5,2015,2,38,5
2015-02-08,Colombo,0.0,32.5,24.0,28.25,2015,2,39,6
2015-02-09,Colombo,28.2,33.5,24.4,28.95,2015,2,40,0
2015-02-10,Colombo,5.1,31.7,23.9,27.8,2015,2,41,1
2015-02-11,Colombo,26.4,32.5,22.8,27.65,2015,2,42,2
2015-02-12,Colombo,5.7,31.3,23.5,27.4,2015,2,43,3
2015-02-13,Colombo,1.1,31.2,24.5,27.85,2015,2,44,4
2015-02-14,Colombo,0.0,31.1,23.2,27.15,2015,2,45,5
2015-02-15,Colombo,0.0,32.2,23.0,27.6,2015,2,46,6
2015-02-16,Colombo,0.0,34.1,22.8,28.45,2015,2,47,0
2015-02-17,Colombo,0.0,34.2,21.2,27.7,2015,2,48,1
2015-02-18,Colombo,0.0,32.3,22.2,27.25,2015,2,49,2
2015-02-19,Colombo,0.0,31.9,20.9,26.4,2015,2,50,3
2015-02-20,Colombo,0.0,31.3,21.3,26.3,2015,2,51,4
2015-02-21,Colombo,0.0,31.8,22.7,27.25,2015,2,52,5
2015-02-22,Colombo,0.0,33.6,23.6,28.6,2015,2,53,6
2015-02-23,Colombo,3.0,31.5,25.0,28.25,2015,2,54,0
2015-02-24,Colombo,0.0,32.5,24.9,28.7,2015,2,55,1
2015-02-25,Colombo,0.0,32.0,24.6,28.3,2015,2,56,2
2015-02-26,Colombo,0.6,31.5,25.6,28.55,2015,2,57,3
2015-02-27,Colombo,0.3,32.5,25.6,29.05,2015,2,58,4
2015-02-28,Colombo,0.0,33.8,23.6,28.7,2015,2,59,5
2015-03-01,Colombo,0.0,31.7,23.9,27.8,2015,3,60,6
2015-03-02,Colombo,22.5,31.6,25.0,28.3,2015,3,61,0
2015-03-03,Colombo,0.0,30.7,25.2,27.95,2015,3,62,1
2015-03-04,Colombo,0.6,31.0,25.5,28.25,2015,3,63,2
2015-03-05,Colombo,0.0,31.4,23.3,27.35,2015,3,64,3
2015-03-06,Colombo,0.0,30.2,24.9,27.55,2015,3,65,4
2015-03-07,Colombo,0.0,31.7,24.9,28.3,2015,3,66,5
2015-03-08,Colombo,3.3,32.1,25.2,28.65,2015,3,67,6
2015-03-09,Colombo,21.1,31.7,24.9,28.3,2015,3,68,0
2015-03-10,Colombo,0.0,31.8,23.6,27.7,2015,3,69,1
2015-03-11,Colombo,0.0,31.5,24.0,27.75,2015,3,70,2
2015-03-12,Colombo,1.1,31.9,24.9,28.4,2015,3,71,3
2015-03-13,Colombo,3.7,31.3,25.4,28.35,2015,3,72,4
2015-03-14,Colombo,26.5,30.7,24.0,27.35,2015,3,73,5
2015-03-15,Colombo,2.7,31.2,23.8,27.5,2015,3,74,6
2015-03-16,Colombo,4.9,31.3,23.9,27.6,2015,3,75,0
2015-03-17,Colombo,65.1,31.2,25.4,28.3,2015,3,76,1
2015-03-18,Colombo,0.0,30.8,24.3,27.55,2015,3,77,2
2015-03-19,Colombo,0.0,31.4,24.1,27.75,2015,3,78,3
2015-03-20,Colombo,0.0,31.1,24.9,28.0,2015,3,79,4
2015-03-21,Colombo,0.0,31.2,25.0,28.1,2015,3,80,5
2015-03-22,Colombo,0.0,31.3,24.8,28.05,2015,3,81,6
2015-03-23,Colombo,0.0,31.5,25.4,28.45,2015,3,82,0
2015-03-24,Colombo,0.0,31.5,25.3,28.4,2015,3,83,1
2015-03-25,Colombo,0.0,32.2,25.0,28.6,2015,3,84,2
2015-03-26,Colombo,45.4,32.1,26.0,29.05,2015,3,85,3
2015-03-27,Colombo,4.0,32.3,23.0,27.65,2015,3,86,4
2015-03-28,Colombo,2.3,31.1,24.3,27.7,2015,3,87,5
2015-03-29,Colombo,1.4,31.2,24.4,27.8,2015,3,88,6
2015-03-30,Colombo,7.9,31.6,24.8,28.2,2015,3,89,0
2015-03-31,Colombo,8.4,32.5,25.4,28.95,2015,3,90,1
2015-04-01,Colombo,12.1,31.4,25.1,28.25,2015,4,91,2
2015-04-02,Colombo,0.1,32.2,24.0,28.1,2015,4,92,3
2015-04-03,Colombo,0.0,31.8,25.2,28.5,2015,4,93,4
2015-04-04,Colombo,0.0,32.5,26.8,29.65,2015,4,94,5
2015-04-05,Colombo,0.0,32.7,25.5,29.1,2015,4,95,6
2015-04-06,Colombo,3.4,32.6,25.5,29.05,2015,4,96,0
2015-04-07,Colombo,28.1,32.3,26.1,29.2,2015,4,97,1
2015-04-08,Colombo,0.0,29.8,24.4,27.1,2015,4,98,2
2015-04-09,Colombo,0.0,32.1,25.2,28.65,2015,4,99,3
2015-04-10,Colombo,0.0,32.4,25.7,29.05,2015,4,100,4
2015-04-11,Colombo,0.0,32.2,25.2,28.7,2015,4,101,5
2015-04-12,Colombo,0.3,32.1,25.2,28.65,2015,4,102,6
2015-04-13,Colombo,4.1,30.6,25.2,27.9,2015,4,103,0
2015-04-14,Colombo,31.4,31.6,23.8,27.7,2015,4,104,1
2015-04-15,Colombo,0.0,31.8,24.0,27.9,2015,4,105,2
2015-04-16,Colombo,0.0,32.0,24.8,28.4,2015,4,106,3
2015-04-17,Colombo,19.2,32.3,25.4,28.85,2015,4,107,4
2015-04-18,Colombo,19.7,32.3,22.9,27.6,2015,4,108,5
2015-04-19,Colombo,22.5,32.1,24.7,28.4,2015,4,109,6
2015-04-20,Colombo,61.1,32.4,25.0,28.7,2015,4,110,0
2015-04-21,Colombo,7.1,30.9,23.8,27.35,2015,4,111,1
2015-04-22,Colombo,0.0,31.4,23.7,27.55,2015,4,112,2
2015-04-23,Colombo,0.0,32.3,26.1,29.2,2015,4,113,3
2015-04-24,Colombo,54.3,32.4,25.7,29.05,2015,4,114,4
2015-04-25,Colombo,0.6,29.5,22.7,26.1,2015,4,115,5
2015-04-26,Colombo,0.0,32.3,25.0,28.65,2015,4,116,6
2015-04-27,Colombo,3.2,32.5,24.7,28.6,2015,4,117,0
2015-04-28,Colombo,0.0,32.0,25.1,28.55,2015,4,118,1
2015-04-29,Colombo,0.5,32.0,25.9,28.95,2015,4,119,2
2015-04-30,Colombo,0.0,32.2,24.7,28.45,2015,4,120,3
2015-05-01,Colombo,0.0,32.5,25.9,29.2,2015,5,121,4
2015-05-02,Colombo,13.5,32.9,24.7,28.8,2015,5,122,5
2015-05-03,Colombo,0.0,32.6,25.7,29.15,2015,5,123,6
2015-05-04,Colombo,0.0,33.1,25.7,29.4,2015,5,124,0
2015-05-05,Colombo,0.0,32.1,26.0,29.05,2015,5,125,1
2015-05-06,Colombo,0.1,32.1,25.7,28.9,2015,5,126,2
2015-05-07,Colombo,14.0,32.8,25.9,29.35,2015,5,127,3
2015-05-08,Colombo,39.1,32.1,25.1,28.6,2015,5,128,4
2015-05-09,Colombo,7.1,29.1,25.0,27.05,2015,5,129,5
2015-05-10,Colombo,10.5,31.1,25.1,28.1,2015,5,130,6
2015-05-11,Colombo,0.1,29.5,24.4,26.95,2015,5,131,0
2015-05-12,Colombo,5.2,32.4,24.9,28.65,2015,5,132,1
2015-05-13,Colombo,23.8,32.0,25.5,28.75,2015,5,133,2
2015-05-14,Colombo,4.3,31.4,26.1,28.75,2015,5,134,3
2015-05-15,Colombo,0.5,32.0,26.9,29.45,2015,5,135,4
2015-05-16,Colombo,1.4,32.1,26.7,29.4,2015,5,136,5
2015-05-17,Colombo,7.9,32.1,26.4,29.25,2015,5,137,6
2015-05-18,Colombo,2.9,32.1,26.0,29.05,2015,5,138,0
2015-05-19,Colombo,1.0,32.0,26.2,29.1,2015,5,139,1
2015-05-20,Colombo,3.9,31.7,25.9,28.8,2015,5,140,2
2015-05-21,Colombo,4.2,32.0,27.2,29.6,2015,5,141,3
2015-05-22,Colombo,0.4,31.8,26.9,29.35,2015,5,142,4
2015-05-23,Colombo,3.7,31.4,27.7,29.55,2015,5,143,5
2015-05-24,Colombo,15.4,32.0,26.7,29.35,2015,5,144,6
2015-05-25,Colombo,0.5,31.6,27.0,29.3,2015,5,145,0
2015-05-26,Colombo,0.0,31.8,28.3,30.05,2015,5,146,1
2015-05-27,Colombo,0.0,32.0,28.4,30.2,2015,5,147,2
2015-05-28,Colombo,0.0,32.0,28.5,30.25,2015,5,148,3
2015-05-29,Colombo,0.3,32.3,28.7,30.5,2015,5,149,4
2015-05-30,Colombo,0.0,32.1,28.7,30.4,2015,5,150,5
2015-05-31,Colombo,9.4,32.2,27.7,29.95,2015,5,151,6
2015-06-01,Colombo,3.4,31.7,25.7,28.7,2015,6,152,0
2015-06-02,Colombo,4.6,31.7,26.5,29.1,2015,6,153,1
2015-06-03,Colombo,10.4,31.6,26.5,29.05,2015,6,154,2
2015-06-04,Colombo,3.8,31.4,26.7,29.05,2015,6,155,3
2015-06-05,Colombo,13.2,29.3,25.1,27.2,2015,6,156,4
2015-06-06,Colombo,0.5,31.8,24.1,27.95,2015,6,157,5
2015-06-07,Colombo,0.4,31.8,26.2,29.0,2015,6,158,6
2015-06-08,Colombo,2.4,31.6,26.2,28.9,2015,6,159,0
2015-06-09,Colombo,0.2,31.7,25.5,28.6,2015,6,160,1
2015-06-10,Colombo,0.2,31.6,26.7,29.15,2015,6,161,2
2015-06-11,Colombo,72.1,30.8,27.2,29.0,2015,6,162,3
2015-06-12,Colombo,0.0,30.8,24.9,27.85,2015,6,163,4
2015-06-13,Colombo,6.6,31.5,26.5,29.0,2015,6,164,5
2015-06-14,Colombo,0.0,31.9,27.2,29.55,2015,6,165,6
2015-06-15,Colombo,7.8,30.8,28.3,29.55,2015,6,166,0
2015-06-16,Colombo,21.1,31.4,26.3,28.85,2015,6,167,1
2015-06-17,Colombo,5.8,30.4,23.9,27.15,2015,6,168,2
2015-06-18,Colombo,25.6,30.9,25.8,28.35,2015,6,169,3
2015-06-19,Colombo,4.5,31.7,24.7,28.2,2015,6,170,4
2015-06-20,Colombo,0.0,31.5,24.6,28.05,2015,6,171,5
2015-06-21,Colombo,0.0,31.6,28.1,29.85,2015,6,172,6
2015-06-22,Colombo,4.9,31.8,26.0,28.9,2015,6,173,0
2015-06-23,Colombo,0.3,31.6,26.3,28.95,2015,6,174,1
2015-06-24,Colombo,1.1,32.2,26.4,29.3,2015,6,175,2
2015-06-25,Colombo,0.7,31.6,26.5,29.05,2015,6,176,3
2015-06-26,Colombo,17.6,32.3,28.1,30.2,2015,6,177,4
2015-06-27,Colombo,3.2,30.4,24.5,27.45,2015,6,178,5
2015-06-28,Colombo,21.8,31.1,24.7,27.9,2015,6,179,6
2015-06-29,Colombo,0.1,29.5,24.3,26.9,2015,6,180,0
2015-06-30,Colombo,5.5,31.2,25.1,28.15,2015,6,181,1
2015-07-01,Colombo,1.9,31.2,25.3,28.25,2015,7,182,2
2015-07-02,Colombo,0.0,31.2,26.3,28.75,2015,7,183,3
2015-07-03,Colombo,0.0,31.4,26.3,28.85,2015,7,184,4
2015-07-04,Colombo,0.5,31.5,28.1,29.8,2015,7,185,5
2015-07-05,Colombo,0.0,31.5,27.8,29.65,2015,7,186,6
2015-07-06,Colombo,0.0,31.5,28.4,29.95,2015,7,187,0
2015-07-07,Colombo,0.5,31.5,28.0,29.75,2015,7,188,1
2015-07-08,Colombo,0.0,31.7,27.9,29.8,2015,7,189,2
2015-07-09,Colombo,1.0,31.7,28.0,29.85,2015,7,190,3
2015-07-10,Colombo,5.4,31.5,27.7,29.6,2015,7,191,4
2015-07-11,Colombo,0.0,30.8,25.4,28.1,2015,7,192,5
2015-07-12,Colombo,0.0,31.3,26.5,28.9,2015,7,193,6
2015-07-13,Colombo,0.0,30.7,28.1,29.4,2015,7,194,0
2015-07-14,Colombo,0.0,31.2,28.0,29.6,2015,7,195,1
2015-07-15,Colombo,0.0,31.6,27.8,29.7,2015,7,196,2
2015-07-16,Colombo,0.0,31.5,27.3,29.4,2015,7,197,3
2015-07-17,Colombo,0.0,29.9,27.4,28.65,2015,7,198,4
2015-07-18,Colombo,0.0,31.3,27.6,29.45,2015,7,199,5
2015-07-19,Colombo,0.0,31.3,27.0,29.15,2015,7,200,6
2015-07-20,Colombo,4.3,31.4,26.6,29.0,2015,7,201,0
2015-07-21,Colombo,0.0,31.5,26.1,28.8,2015,7,202,1
2015-07-22,Colombo,0.0,30.4,27.3,28.85,2015,7,203,2
2015-07-23,Colombo,0.0,30.7,27.1,28.9,2015,7,204,3
2015-07-24,Colombo,14.5,30.9,24.1,27.5,2015,7,205,4
2015-07-25,Colombo,0.0,30.9,26.4,28.65,2015,7,206,5
2015-07-26,Colombo,7.9,30.5,25.3,27.9,2015,7,207,6
2015-07-27,Colombo,1.3,30.4,25.1,27.75,2015,7,208,0
2015-07-28,Colombo,0.0,30.6,25.5,28.05,2015,7,209,1
2015-07-29,Colombo,0.0,31.2,26.0,28.6,2015,7,210,2
2015-07-30,Colombo,0.0,31.6,27.5,29.55,2015,7,211,3
2015-07-31,Colombo,0.0,31.5,27.2,29.35,2015,7,212,4
2015-08-01,Colombo,0.0,31.9,26.4,29.15,2015,8,213,5
2015-08-02,Colombo,0.0,31.8,27.3,29.55,2015,8,214,6
2015-08-03,Colombo,0.9,31.4,27.8,29.6,2015,8,215,0
2015-08-04,Colombo,2.3,30.3,26.4,28.35,2015,8,216,1
2015-08-05,Colombo,0.0,30.0,26.2,28.1,2015,8,217,2
2015-08-06,Colombo,0.0,31.2,26.2,28.7,2015,8,218,3
2015-08-07,Colombo,0.0,31.9,27.7,29.8,2015,8,219,4
2015-08-08,Colombo,0.0,31.4,27.5,29.45,2015,8,220,5
2015-08-09,Colombo,0.0,31.2,28.1,29.65,2015,8,221,6
2015-08-10,Colombo,0.5,31.6,27.7,29.65,2015,8,222,0
2015-08-11,Colombo,2.1,31.6,27.6,29.6,2015,8,223,1
2015-08-12,Colombo,0.0,31.7,27.4,29.55,2015,8,224,2
2015-08-13,Colombo,0.0,31.7,27.5,29.6,2015,8,225,3
2015-08-14,Colombo,0.0,31.6,27.8,29.7,2015,8,226,4
2015-08-15,Colombo,1.0,31.2,27.9,29.55,2015,8,227,5
2015-08-16,Colombo,0.5,30.7,27.3,29.0,2015,8,228,6
2015-08-17,Colombo,10.2,32.3,24.3,28.3,2015,8,229,0
2015-08-18,Colombo,20.6,31.3,24.7,28.0,2015,8,230,1
2015-08-19,Colombo,0.6,31.1,24.7,27.9,2015,8,231,2
2015-08-20,Colombo,0.5,31.6,25.5,28.55,2015,8,232,3
2015-08-21,Colombo,1.4,31.6,27.5,29.55,2015,8,233,4
2015-08-22,Colombo,6.5,31.6,26.8,29.2,2015,8,234,5
2015-08-23,Colombo,5.6,31.7,26.6,29.15,2015,8,235,6
2015-08-24,Colombo,1.5,30.8,24.8,27.8,2015,8,236,0
2015-08-25,Colombo,0.7,30.8,27.3,29.05,2015,8,237,1
2015-08-26,Colombo,8.3,31.9,27.3,29.6,2015,8,238,2
2015-08-27,Colombo,4.1,31.0,26.1,28.55,2015,8,239,3
2015-08-28,Colombo,15.4,30.3,25.8,28.05,2015,8,240,4
2015-08-29,Colombo,1.2,31.2,24.6,27.9,2015,8,241,5
2015-08-30,Colombo,6.8,31.2,27.6,29.4,2015,8,242,6
2015-08-31,Colombo,0.0,31.1,25.6,28.35,2015,8,243,0
2015-09-01,Colombo,0.0,31.7,26.3,29.0,2015,9,244,1
2015-09-02,Colombo,0.0,31.5,26.7,29.1,2015,9,245,2
2015-09-03,Colombo,46.1,30.8,26.9,28.85,2015,9,246,3
2015-09-04,Colombo,0.0,30.0,24.2,27.1,2015,9,247,4
2015-09-05,Colombo,0.0,31.5,25.6,28.55,2015,9,248,5
2015-09-06,Colombo,39.5,31.3,25.1,28.2,2015,9,249,6
2015-09-07,Colombo,1.2,29.7,23.2,26.45,2015,9,250,0
2015-09-08,Colombo,3.9,31.1,23.9,27.5,2015,9,251,1
2015-09-09,Colombo,0.0,31.2,24.6,27.9,2015,9,252,2
2015-09-10,Colombo,33.5,30.5,25.6,28.05,2015,9,253,3
2015-09-11,Colombo,32.2,28.9,23.4,26.15,2015,9,254,4
2015-09-12,Colombo,0.8,31.1,24.0,27.55,2015,9,255,5
2015-09-13,Colombo,0.1,31.5,26.9,29.2,2015,9,256,6
2015-09-14,Colombo,6.1,31.0,27.9,29.45,2015,9,257,0
2015-09-15,Colombo,29.7,31.6,26.7,29.15,2015,9,258,1
2015-09-16,Colombo,10.4,31.3,24.5,27.9,2015,9,259,2
2015-09-17,Colombo,9.4,31.2,25.2,28.2,2015,9,260,3
2015-09-18,Colombo,10.7,31.6,26.7,29.15,2015,9,261,4
2015-09-19,Colombo,0.0,30.9,24.4,27.65,2015,9,262,5
2015-09-20,Colombo,11.7,31.3,25.1,28.2,2015,9,263,6
2015-09-21,Colombo,1.7,31.4,25.1,28.25,2015,9,264,0
2015-09-22,Colombo,12.9,31.2,27.0,29.1,2015,9,265,1
2015-09-23,Colombo,5.1,31.6,25.8,28.7,2015,9,266,2
2015-09-24,Colombo,19.1,31.0,26.9,28.95,2015,9,267,3
2015-09-25,Colombo,88.4,31.0,24.6,27.8,2015,9,268,4
2015-09-26,Colombo,59.8,26.3,24.4,25.35,2015,9,269,5
2015-09-27,Colombo,68.3,29.2,23.9,26.55,2015,9,270,6
2015-09-28,Colombo,59.1,30.7,23.4,27.05,2015,9,271,0
2015-09-29,Colombo,26.7,28.6,23.7,26.15,2015,9,272,1
2015-09-30,Colombo,55.0,27.1,23.4,25.25,2015,9,273,2
2015-10-01,Colombo,0.0,31.1,23.4,27.25,2015,10,274,3
2015-10-02,Colombo,0.0,31.7,25.0,28.35,2015,10,275,4
2015-10-03,Colombo,1.7,31.1,25.4,28.25,2015,10,276,5
2015-10-04,Colombo,31.8,31.3,26.9,29.1,2015,10,277,6
2015-10-05,Colombo,15.6,29.8,24.9,27.35,2015,10,278,0
2015-10-06,Colombo,11.0,31.0,24.4,27.7,2015,10,279,1
2015-10-07,Colombo,0.2,31.0,25.4,28.2,2015,10,280,2
2015-10-08,Colombo,1.2,30.7,25.2,27.95,2015,10,281,3
2015-10-09,Colombo,2.3,30.2,25.1,27.65,2015,10,282,4
2015-10-10,Colombo,4.7,31.3,24.8,28.05,2015,10,283,5
2015-10-11,Colombo,4.3,31.4,24.9,28.15,2015,10,284,6
2015-10-12,Colombo,3.0,31.2,25.4,28.3,2015,10,285,0
2015-10-13,Colombo,23.1,31.1,25.1,28.1,2015,10,286,1
2015-10-14,Colombo,2.9,30.6,24.9,27.75,2015,10,287,2
2015-10-15,Colombo,1.6,30.9,24.3,27.6,2015,10,288,3
2015-10-16,Colombo,28.0,31.4,24.2,27.8,2015,10,289,4
2015-10-17,Colombo,2.5,30.8,24.2,27.5,2015,10,290,5
2015-10-18,Colombo,38.4,31.3,23.9,27.6,2015,10,291,6
2015-10-19,Colombo,5.9,31.3,23.9,27.6,2015,10,292,0
2015-10-20,Colombo,2.5,30.9,24.9,27.9,2015,10,293,1
2015-10-21,Colombo,9.2,30.8,24.3,27.55,2015,10,294,2
2015-10-22,Colombo,6.0,31.1,24.6,27.85,2015,10,295,3
2015-10-23,Colombo,3.9,30.7,25.2,27.95,2015,10,296,4
2015-10-24,Colombo,7.9,30.7,25.0,27.85,2015,10,297,5
2015-10-25,Colombo,0.7,26.7,24.7,25.7,2015,10,298,6
2015-10-26,Colombo,0.0,30.9,24.5,27.7,2015,10,299,0
2015-10-27,Colombo,0.9,30.4,24.0,27.2,2015,10,300,1
2015-10-28,Colombo,0.0,31.9,24.4,28.15,2015,10,301,2
2015-10-29,Colombo,2.4,31.7,24.9,28.3,2015,10,302,3
2015-10-30,Colombo,11.9,29.9,24.4,27.15,2015,10,303,4
2015-10-31,Colombo,11.8,31.1,25.2,28.15,2015,10,304,5
2015-11-01,Colombo,13.5,30.3,23.9,27.1,2015,11,305,6
2015-11-02,Colombo,74.8,30.7,24.2,27.45,2015,11,306,0
2015-11-03,Colombo,0.0,29.9,23.6,26.75,2015,11,307,1
2015-11-04,Colombo,9.0,31.2,23.7,27.45,2015,11,308,2
2015-11-05,Colombo,10.3,30.8,24.0,27.4,2015,11,309,3
2015-11-06,Colombo,0.5,31.3,24.0,27.65,2015,11,310,4
2015-11-07,Colombo,9.7,31.3,24.2,27.75,2015,11,311,5
2015-11-08,Colombo,13.7,31.0,23.9,27.45,2015,11,312,6
2015-11-09,Colombo,0.6,30.8,24.3,27.55,2015,11,313,0
2015-11-10,Colombo,0.0,31.1,25.0,28.05,2015,11,314,1
2015-11-11,Colombo,5.8,31.4,25.2,28.3,2015,11,315,2
2015-11-12,Colombo,62.9,30.6,25.0,27.8,2015,11,316,3
2015-11-13,Colombo,59.6,28.4,24.1,26.25,2015,11,317,4
2015-11-14,Colombo,10.0,28.4,23.9,26.15,2015,11,318,5
2015-11-15,Colombo,57.7,26.4,23.9,25.15,2015,11,319,6
2015-11-16,Colombo,15.9,30.9,23.8,27.35,2015,11,320,0
2015-11-17,Colombo,0.6,31.4,24.6,28.0,2015,11,321,1
2015-11-18,Colombo,0.0,31.5,25.7,28.6,2015,11,322,2
2015-11-19,Colombo,22.4,31.4,25.6,28.5,2015,11,323,3
2015-11-20,Colombo,0.0,31.3,24.2,27.75,2015,11,324,4
2015-11-21,Colombo,0.0,30.9,25.0,27.95,2015,11,325,5
2015-11-22,Colombo,7.7,31.6,24.9,28.25,2015,11,326,6
2015-11-23,Colombo,29.8,31.7,24.4,28.05,2015,11,327,0
2015-11-24,Colombo,30.3,31.6,23.6,27.6,2015,11,328,1
2015-11-25,Colombo,0.3,32.9,23.4,28.15,2015,11,329,2
2015-11-26,Colombo,0.0,31.8,24.5,28.15,2015,11,330,3
2015-11-27,Colombo,0.0,32.9,24.5,28.7,2015,11,331,4
2015-11-28,Colombo,7.5,31.3,25.3,28.3,2015,11,332,5
2015-11-29,Colombo,1.3,31.3,23.9,27.6,2015,11,333,6
2015-11-30,Colombo,81.9,30.3,24.7,27.5,2015,11,334,0
2015-12-01,Colombo,0.4,31.1,23.9,27.5,2015,12,335,1
2015-12-02,Colombo,0.0,30.9,25.1,28.0,2015,12,336,2
2015-12-03,Colombo,1.2,31.0,24.9,27.95,2015,12,337,3
2015-12-04,Colombo,9.3,30.0,25.5,27.75,2015,12,338,4
2015-12-05,Colombo,0.6,30.8,24.7,27.75,2015,12,339,5
2015-12-06,Colombo,3.6,30.9,24.2,27.55,2015,12,340,6
2015-12-07,Colombo,86.3,31.7,24.4,28.05,2015,12,341,0
2015-12-08,Colombo,59.4,30.7,24.4,27.55,2015,12,342,1
2015-12-09,Colombo,1.6,31.6,23.3,27.45,2015,12,343,2
2015-12-10,Colombo,41.6,29.7,24.3,27.0,2015,12,344,3
2015-12-11,Colombo,1.4,29.7,24.3,27.0,2015,12,345,4
2015-12-12,Colombo,1.7,31.3,25.1,28.2,2015,12,346,5
2015-12-13,Colombo,10.6,31.8,24.8,28.3,2015,12,347,6
2015-12-14,Colombo,3.0,31.2,24.4,27.8,2015,12,348,0
2015-12-15,Colombo,114.4,31.3,23.8,27.55,2015,12,349,1
2015-12-16,Colombo,0.0,31.0,23.9,27.45,2015,12,350,2
2015-12-17,Colombo,0.4,30.4,23.4,26.9,2015,12,351,3
2015-12-18,Colombo,13.4,29.9,25.6,27.75,2015,12,352,4
2015-12-19,Colombo,3.5,30.8,23.6,27.2,2015,12,353,5
2015-12-20,Colombo,0.0,31.8,23.8,27.8,2015,12,354,6
2015-12-21,Colombo,0.0,31.8,25.0,28.4,2015,12,355,0
2015-12-22,Colombo,0.0,33.5,23.7,28.6,2015,12,356,1
2015-12-23,Colombo,0.0,33.4,23.0,28.2,2015,12,357,2
2015-12-24,Colombo,0.0,32.3,23.5,27.9,2015,12,358,3
2015-12-25,Colombo,0.0,32.2,23.6,27.9,2015,12,359,4
2015-12-26,Colombo,0.0,33.7,24.1,28.9,2015,12,360,5
2015-12-27,Colombo,6.0,30.7,25.6,28.15,2015,12,361,6
2015-12-28,Colombo,0.0,31.2,24.9,28.05,2015,12,362,0
2015-12-29,Colombo,18.2,32.1,24.7,28.4,2015,12,363,1
2015-12-30,Colombo,0.0,32.2,24.3,28.25,2015,12,364,2
2015-12-31,Colombo,0.0,34.1,24.1,29.1,2015,12,365,3
2016-01-01,Colombo,0.0,32.2,25.4,28.8,2016,1,1,4
2016-01-02,Colombo,0.0,31.4,24.3,27.85,2016,1,2,5
2016-01-03,Colombo,0.0,33.2,24.0,28.6,2016,1,3,6
2016-01-04,Colombo,0.0,33.6,24.9,29.25,2016,1,4,0
2016-01-05,Colombo,13.4,32.3,25.1,28.7,2016,1,5,1
2016-01-06,Colombo,51.0,32.4,24.8,28.6,2016,1,6,2
2016-01-07,Colombo,0.0,31.6,23.7,27.65,2016,1,7,3
2016-01-08,Colombo,0.0,32.7,25.6,29.15,2016,1,8,4
2016-01-09,Colombo,0.0,33.2,24.2,28.7,2016,1,9,5
2016-01-10,Colombo,0.0,32.6,25.8,29.2,2016,1,10,6
2016-01-11,Colombo,0.0,32.7,25.0,28.85,2016,1,11,0
2016-01-12,Colombo,0.0,32.8,23.8,28.3,2016,1,12,1
2016-01-13,Colombo,0.0,32.6,23.7,28.15,2016,1,13,2
2016-01-14,Colombo,0.0,31.5,23.4,27.45,2016,1,14,3
2016-01-15,Colombo,0.0,30.8,21.9,26.35,2016,1,15,4
2016-01-16,Colombo,0.0,31.6,22.9,27.25,2016,1,16,5
2016-01-17,Colombo,0.0,31.6,23.3,27.45,2016,1,17,6
2016-01-18,Colombo,0.0,30.5,23.0,26.75,2016,1,18,0
2016-01-19,Colombo,0.0,30.9,23.5,27.2,2016,1,19,1
2016-01-20,Colombo,0.0,31.5,24.5,28.0,2016,1,20,2
2016-01-21,Colombo,0.0,32.1,25.7,28.9,2016,1,21,3
2016-01-22,Colombo,0.0,32.0,24.5,28.25,2016,1,22,4
2016-01-23,Colombo,0.9,33.0,25.1,29.05,2016,1,23,5
2016-01-24,Colombo,0.0,32.7,25.5,29.1,2016,1,24,6
2016-01-25,Colombo,0.0,33.7,24.9,29.3,2016,1,25,0
2016-01-26,Colombo,0.0,34.7,25.3,30.0,2016,1,26,1
2016-01-27,Colombo,0.0,35.1,24.3,29.7,2016,1,27,2
2016-01-28,Colombo,0.0,32.1,21.8,26.95,2016,1,28,3
2016-01-29,Colombo,0.0,31.6,23.6,27.6,2016,1,29,4
2016-01-30,Colombo,0.0,32.8,22.6,27.7,2016,1,30,5
2016-01-31,Colombo,0.0,32.1,22.9,27.5,2016,1,31,6
2016-02-01,Colombo,0.0,31.9,23.0,27.45,2016,2,32,0
2016-02-02,Colombo,0.0,33.1,24.3,28.7,2016,2,33,1
2016-02-03,Colombo,0.0,35.5,22.7,29.1,2016,2,34,2
2016-02-04,Colombo,0.0,32.4,22.8,27.6,2016,2,35,3
2016-02-05,Colombo,0.0,32.5,24.2,28.35,2016,2,36,4
2016-02-06,Colombo,0.0,32.7,25.3,29.0,2016,2,37,5
2016-02-07,Colombo,0.0,32.1,26.1,29.1,2016,2,38,6
2016-02-08,Colombo,0.0,32.5,25.2,28.85,2016,2,39,0
2016-02-09,Colombo,51.4,33.5,26.3,29.9,2016,2,40,1
2016-02-10,Colombo,0.0,31.7,24.7,28.2,2016,2,41,2
2016-02-11,Colombo,0.0,32.5,25.4,28.95,2016,2,42,3
2016-02-12,Colombo,0.0,31.3,24.4,27.85,2016,2,43,4
2016-02-13,Colombo,0.0,31.2,24.9,28.05,2016,2,44,5
2016-02-14,Colombo,0.0,31.1,25.5,28.3,2016,2,45,6
2016-02-15,Colombo,6.6,32.2,25.1,28.65,2016,2,46,0
2016-02-16,Colombo,0.0,34.1,24.1,29.1,2016,2,47,1
2016-02-17,Colombo,0.0,34.2,25.7,29.95,2016,2,48,2
2016-02-18,Colombo,1.9,32.3,25.6,28.95,2016,2,49,3
2016-02-19,Colombo,15.0,31.9,24.9,28.4,2016,2,50,4
2016-02-20,Colombo,3.9,31.3,24.9,28.1,2016,2,51,5
2016-02-21,Colombo,0.0,31.8,24.1,27.95,2016,2,52,6
2016-02-22,Colombo,0.0,33.6,25.7,29.65,2016,2,53,0
2016-02-23,Colombo,0.0,31.5,25.4,28.45,2016,2,54,1
2016-02-24,Colombo,0.0,32.5,24.5,28.5,2016,2,55,2
2016-02-25,Colombo,27.9,32.0,26.7,29.35,2016,2,56,3
2016-02-26,Colombo,0.0,31.5,23.6,27.55,2016,2,57,4
2016-02-27,Colombo,0.0,32.5,24.9,28.7,2016,2,58,5
2016-02-28,Colombo,0.0,33.8,25.4,29.6,2016,2,59,6
2016-02-29,Colombo,0.0,34.0,26.2,30.1,2016,2,60,0
2016-03-01,Colombo,2.5,33.7,25.6,29.65,2016,3,61,1
2016-03-02,Colombo,0.0,33.5,25.1,29.3,2016,3,62,2
2016-03-03,Colombo,0.0,33.7,25.7,29.7,2016,3,63,3
2016-03-04,Colombo,4.2,34.4,25.9,30.15,2016,3,64,4
2016-03-05,Colombo,0.3,33.1,26.0,29.55,2016,3,65,5
2016-03-06,Colombo,0.0,32.3,26.2,29.25,2016,3,66,6
2016-03-07,Colombo,5.7,32.2,26.7,29.45,2016,3,67,0
2016-03-08,Colombo,9.8,32.5,26.2,29.35,2016,3,68,1
2016-03-09,Colombo,0.0,31.7,25.5,28.6,2016,3,69,2
2016-03-10,Colombo,0.6,32.7,26.9,29.8,2016,3,70,3
2016-03-11,Colombo,4.3,32.2,26.7,29.45,2016,3,71,4
2016-03-12,Colombo,0.0,31.8,26.1,28.95,2016,3,72,5
2016-03-13,Colombo,0.0,32.3,26.0,29.15,2016,3,73,6
2016-03-14,Colombo,0.0,32.6,26.8,29.7,2016,3,74,0
2016-03-15,Colombo,3.0,32.7,26.2,29.45,2016,3,75,1
2016-03-16,Colombo,0.0,32.1,25.9,29.0,2016,3,76,2
2016-03-17,Colombo,0.0,32.7,26.9,29.8,2016,3,77,3
2016-03-18,Colombo,0.0,32.9,26.5,29.7,2016,3,78,4
2016-03-19,Colombo,0.0,32.6,25.8,29.2,2016,3,79,5
2016-03-20,Colombo,0.0,32.6,25.5,29.05,2016,3,80,6
2016-03-21,Colombo,0.0,32.3,26.2,29.25,2016,3,81,0
2016-03-22,Colombo,0.0,33.3,25.5,29.4,2016,3,82,1
2016-03-23,Colombo,0.0,33.4,26.0,29.7,2016,3,83,2
2016-03-24,Colombo,0.0,33.2,27.0,30.1,2016,3,84,3
2016-03-25,Colombo,0.0,33.3,26.7,30.0,2016,3,85,4
2016-03-26,Colombo,0.0,33.2,26.3,29.75,2016,3,86,5
2016-03-27,Colombo,0.0,33.6,27.7,30.65,2016,3,87,6
2016-03-28,Colombo,1.2,33.8,26.6,30.2,2016,3,88,0
2016-03-29,Colombo,50.1,33.5,24.5,29.0,2016,3,89,1
2016-03-30,Colombo,0.2,32.8,24.1,28.45,2016,3,90,2
2016-03-31,Colombo,9.4,33.2,24.3,28.75,2016,3,91,3
2016-04-01,Colombo,0.0,32.6,26.2,29.4,2016,4,92,4
2016-04-02,Colombo,0.0,33.3,25.4,29.35,2016,4,93,5
2016-04-03,Colombo,0.0,33.6,25.6,29.6,2016,4,94,6
2016-04-04,Colombo,0.0,32.9,26.3,29.6,2016,4,95,0
2016-04-05,Colombo,22.0,33.2,26.3,29.75,2016,4,96,1
2016-04-06,Colombo,0.0,33.0,25.4,29.2,2016,4,97,2
2016-04-07,Colombo,0.0,32.9,25.8,29.35,2016,4,98,3
2016-04-08,Colombo,1.3,33.7,27.2,30.45,2016,4,99,4
2016-04-09,Colombo,3.8,33.8,26.5,30.15,2016,4,100,5
2016-04-10,Colombo,0.0,32.6,26.8,29.7,2016,4,101,6
2016-04-11,Colombo,2.3,33.3,26.5,29.9,2016,4,102,0
2016-04-12,Colombo,0.0,33.4,27.1,30.25,2016,4,103,1
2016-04-13,Colombo,0.3,33.3,27.5,30.4,2016,4,104,2
2016-04-14,Colombo,7.0,33.8,27.7,30.75,2016,4,105,3
2016-04-15,Colombo,36.8,33.5,26.5,30.0,2016,4,106,4
2016-04-16,Colombo,0.0,32.8,26.7,29.75,2016,4,107,5
2016-04-17,Colombo,0.1,32.5,26.7,29.6,2016,4,108,6
2016-04-18,Colombo,0.0,33.3,26.4,29.85,2016,4,109,0
2016-04-19,Colombo,32.3,32.6,27.6,30.1,2016,4,110,1
2016-04-20,Colombo,11.6,33.2,24.7,28.95,2016,4,111,2
2016-04-21,Colombo,53.1,33.1,25.8,29.45,2016,4,112,3
2016-04-22,Colombo,0.0,33.1,25.0,29.05,2016,4,113,4
2016-04-23,Colombo,0.0,33.7,27.0,30.35,2016,4,114,5
2016-04-24,Colombo,0.0,33.4,27.3,30.35,2016,4,115,6
2016-04-25,Colombo,0.0,33.5,28.3,30.9,2016,4,116,0
2016-04-26,Colombo,0.0,33.5,27.9,30.7,2016,4,117,1
2016-04-27,Colombo,0.0,33.6,25.7,29.65,2016,4,118,2
2016-04-28,Colombo,0.0,33.9,26.6,30.25,2016,4,119,3
2016-04-29,Colombo,0.5,34.0,26.0,30.0,2016,4,120,4
2016-04-30,Colombo,14.8,33.2,26.6,29.9,2016,4,121,5
2016-05-01,Colombo,2.1,33.1,24.0,28.55,2016,5,122,6
2016-05-02,Colombo,0.0,33.1,25.8,29.45,2016,5,123,0
2016-05-03,Colombo,25.7,33.4,26.9,30.15,2016,5,124,1
2016-05-04,Colombo,13.2,33.6,26.3,29.95,2016,5,125,2
2016-05-05,Colombo,4.1,32.3,24.1,28.2,2016,5,126,3
2016-05-06,Colombo,0.0,31.5,24.9,28.2,2016,5,127,4
2016-05-07,Colombo,17.8,32.7,26.1,29.4,2016,5,128,5
2016-05-08,Colombo,10.8,32.7,25.0,28.85,2016,5,129,6
2016-05-09,Colombo,3.4,32.6,25.2,28.9,2016,5,130,0
2016-05-10,Colombo,22.1,33.1,24.7,28.9,2016,5,131,1
2016-05-11,Colombo,33.2,32.3,24.5,28.4,2016,5,132,2
2016-05-12,Colombo,49.7,31.1,24.0,27.55,2016,5,133,3
2016-05-13,Colombo,2.6,32.1,24.6,28.35,2016,5,134,4
2016-05-14,Colombo,76.4,32.1,25.6,28.85,2016,5,135,5
2016-05-15,Colombo,256.9,26.9,25.1,26.0,2016,5,136,6
2016-05-16,Colombo,26.0,28.8,23.9,26.35,2016,5,137,0
2016-05-17,Colombo,19.5,30.4,25.5,27.95,2016,5,138,1
2016-05-18,Colombo,0.9,31.8,26.8,29.3,2016,5,139,2
2016-05-19,Colombo,9.8,30.5,27.9,29.2,2016,5,140,3
2016-05-20,Colombo,0.8,32.1,26.6,29.35,2016,5,141,4
2016-05-21,Colombo,1.8,31.2,26.5,28.85,2016,5,142,5
2016-05-22,Colombo,10.6,32.1,27.6,29.85,2016,5,143,6
2016-05-23,Colombo,4.8,32.5,27.6,30.05,2016,5,144,0
2016-05-24,Colombo,9.4,30.5,26.3,28.4,2016,5,145,1
2016-05-25,Colombo,12.1,32.4,26.6,29.5,2016,5,146,2
2016-05-26,Colombo,4.1,32.3,26.3,29.3,2016,5,147,3
2016-05-27,Colombo,112.6,31.5,26.5,29.0,2016,5,148,4
2016-05-28,Colombo,0.4,30.3,23.9,27.1,2016,5,149,5
2016-05-29,Colombo,0.4,30.3,25.9,28.1,2016,5,150,6
2016-05-30,Colombo,6.2,31.3,28.1,29.7,2016,5,151,0
2016-05-31,Colombo,15.0,30.3,27.2,28.75,2016,5,152,1
2016-06-01,Colombo,7.6,31.7,25.2,28.45,2016,6,153,2
2016-06-02,Colombo,0.2,31.7,26.8,29.25,2016,6,154,3
2016-06-03,Colombo,2.2,31.6,28.3,29.95,2016,6,155,4
2016-06-04,Colombo,6.3,31.1,27.3,29.2,2016,6,156,5
2016-06-05,Colombo,8.7,31.6,28.2,29.9,2016,6,157,6
2016-06-06,Colombo,0.0,31.6,27.2,29.4,2016,6,158,0
2016-06-07,Colombo,48.3,31.6,26.8,29.2,2016,6,159,1
2016-06-08,Colombo,7.4,31.3,24.7,28.0,2016,6,160,2
2016-06-09,Colombo,8.3,31.3,25.4,28.35,2016,6,161,3
2016-06-10,Colombo,15.0,31.0,24.7,27.85,2016,6,162,4
2016-06-11,Colombo,16.1,31.2,26.5,28.85,2016,6,163,5
2016-06-12,Colombo,6.6,31.4,26.7,29.05,2016,6,164,6
2016-06-13,Colombo,0.0,31.0,25.0,28.0,2016,6,165,0
2016-06-14,Colombo,0.0,31.5,28.0,29.75,2016,6,166,1
2016-06-15,Colombo,0.0,31.5,28.0,29.75,2016,6,167,2
2016-06-16,Colombo,0.0,30.8,28.0,29.4,2016,6,168,3
2016-06-17,Colombo,1.8,31.0,28.1,29.55,2016,6,169,4
2016-06-18,Colombo,2.6,30.3,27.6,28.95,2016,6,170,5
2016-06-19,Colombo,0.0,30.5,27.1,28.8,2016,6,171,6
2016-06-20,Colombo,1.2,31.0,26.5,28.75,2016,6,172,0
2016-06-21,Colombo,0.0,30.7,24.3,27.5,2016,6,173,1
2016-06-22,Colombo,0.0,31.0,27.2,29.1,2016,6,174,2
2016-06-23,Colombo,0.0,31.0,26.9,28.95,2016,6,175,3
2016-06-24,Colombo,0.0,31.1,27.1,29.1,2016,6,176,4
2016-06-25,Colombo,0.0,30.6,27.2,28.9,2016,6,177,5
2016-06-26,Colombo,0.0,30.5,26.3,28.4,2016,6,178,6
2016-06-27,Colombo,0.0,30.9,27.0,28.95,2016,6,179,0
2016-06-28,Colombo,0.0,30.6,26.7,28.65,2016,6,180,1
2016-06-29,Colombo,0.0,31.0,27.4,29.2,2016,6,181,2
2016-06-30,Colombo,0.0,31.4,27.4,29.4,2016,6,182,3
2016-07-01,Colombo,0.0,31.2,27.1,29.15,2016,7,183,4
2016-07-02,Colombo,0.0,31.4,27.5,29.45,2016,7,184,5
2016-07-03,Colombo,0.0,31.8,26.9,29.35,2016,7,185,6
2016-07-04,Colombo,0.0,31.4,27.3,29.35,2016,7,186,0
2016-07-05,Colombo,0.0,31.2,26.8,29.0,2016,7,187,1
2016-07-06,Colombo,0.0,31.7,27.7,29.7,2016,7,188,2
2016-07-07,Colombo,0.0,31.3,27.2,29.25,2016,7,189,3
2016-07-08,Colombo,0.0,31.2,28.1,29.65,2016,7,190,4
2016-07-09,Colombo,4.4,31.5,27.8,29.65,2016,7,191,5
2016-07-10,Colombo,0.0,31.1,25.1,28.1,2016,7,192,6
2016-07-11,Colombo,19.9,31.5,26.0,28.75,2016,7,193,0
2016-07-12,Colombo,4.3,30.2,24.1,27.15,2016,7,194,1
2016-07-13,Colombo,0.0,30.6,23.3,26.95,2016,7,195,2
2016-07-14,Colombo,0.7,30.6,27.1,28.85,2016,7,196,3
2016-07-15,Colombo,0.1,30.1,26.3,28.2,2016,7,197,4
2016-07-16,Colombo,1.8,30.5,25.9,28.2,2016,7,198,5
2016-07-17,Colombo,0.0,30.0,24.9,27.45,2016,7,199,6
2016-07-18,Colombo,0.0,30.5,26.0,28.25,2016,7,200,0
2016-07-19,Colombo,0.0,30.3,26.5,28.4,2016,7,201,1
2016-07-20,Colombo,0.0,30.4,26.8,28.6,2016,7,202,2
2016-07-21,Colombo,0.0,30.8,27.1,28.95,2016,7,203,3
2016-07-22,Colombo,0.0,30.6,26.6,28.6,2016,7,204,4
2016-07-23,Colombo,0.7,30.6,27.0,28.8,2016,7,205,5
2016-07-24,Colombo,3.9,29.5,26.2,27.85,2016,7,206,6
2016-07-25,Colombo,0.0,29.7,25.5,27.6,2016,7,207,0
2016-07-26,Colombo,8.2,30.5,26.0,28.25,2016,7,208,1
2016-07-27,Colombo,0.0,30.2,25.3,27.75,2016,7,209,2
2016-07-28,Colombo,0.0,30.4,25.6,28.0,2016,7,210,3
2016-07-29,Colombo,0.3,30.5,26.7,28.6,2016,7,211,4
2016-07-30,Colombo,4.9,30.0,26.4,28.2,2016,7,212,5
2016-07-31,Colombo,0.0,30.3,25.6,27.95,2016,7,213,6
2016-08-01,Colombo,0.0,31.1,26.9,29.0,2016,8,214,0
2016-08-02,Colombo,0.0,30.3,26.7,28.5,2016,8,215,1
2016-08-03,Colombo,0.0,31.1,26.7,28.9,2016,8,216,2
2016-08-04,Colombo,0.0,31.2,26.9,29.05,2016,8,217,3
2016-08-05,Colombo,0.0,31.3,26.9,29.1,2016,8,218,4
2016-08-06,Colombo,0.0,31.5,27.4,29.45,2016,8,219,5
2016-08-07,Colombo,0.0,31.3,27.3,29.3,2016,8,220,6
2016-08-08,Colombo,0.2,30.9,27.4,29.15,2016,8,221,0
2016-08-09,Colombo,0.0,31.1,27.3,29.2,2016,8,222,1
2016-08-10,Colombo,0.0,31.2,27.5,29.35,2016,8,223,2
2016-08-11,Colombo,0.0,31.6,27.3,29.45,2016,8,224,3
2016-08-12,Colombo,0.0,31.0,27.6,29.3,2016,8,225,4
2016-08-13,Colombo,0.0,31.2,27.5,29.35,2016,8,226,5
2016-08-14,Colombo,0.4,31.1,27.6,29.35,2016,8,227,6
2016-08-15,Colombo,0.0,31.3,27.4,29.35,2016,8,228,0
2016-08-16,Colombo,0.0,31.2,27.2,29.2,2016,8,229,1
2016-08-17,Colombo,0.0,31.1,27.5,29.3,2016,8,230,2
2016-08-18,Colombo,0.0,31.6,27.2,29.4,2016,8,231,3
2016-08-19,Colombo,0.0,31.0,27.4,29.2,2016,8,232,4
2016-08-20,Colombo,0.0,30.6,27.0,28.8,2016,8,233,5
2016-08-21,Colombo,0.0,31.1,27.2,29.15,2016,8,234,6
2016-08-22,Colombo,0.0,30.1,27.4,28.75,2016,8,235,0
2016-08-23,Colombo,0.0,31.0,27.0,29.0,2016,8,236,1
2016-08-24,Colombo,0.0,30.7,26.8,28.75,2016,8,237,2
2016-08-25,Colombo,0.0,30.7,26.9,28.8,2016,8,238,3
2016-08-26,Colombo,0.0,30.9,26.6,28.75,2016,8,239,4
2016-08-27,Colombo,0.0,30.7,26.7,28.7,2016,8,240,5
2016-08-28,Colombo,0.0,30.4,26.3,28.35,2016,8,241,6
2016-08-29,Colombo,0.0,31.6,26.9,29.25,2016,8,242,0
2016-08-30,Colombo,0.0,30.8,26.7,28.75,2016,8,243,1
2016-08-31,Colombo,0.5,31.2,26.9,29.05,2016,8,244,2
2016-09-01,Colombo,4.2,30.8,25.6,28.2,2016,9,245,3
2016-09-02,Colombo,0.0,28.3,26.4,27.35,2016,9,246,4
2016-09-03,Colombo,0.0,30.2,26.2,28.2,2016,9,247,5
2016-09-04,Colombo,0.0,30.5,26.5,28.5,2016,9,248,6
2016-09-05,Colombo,0.0,30.8,26.2,28.5,2016,9,249,0
2016-09-06,Colombo,0.0,30.9,26.8,28.85,2016,9,250,1
2016-09-07,Colombo,0.0,30.6,26.5,28.55,2016,9,251,2
2016-09-08,Colombo,0.0,30.4,26.2,28.3,2016,9,252,3
2016-09-09,Colombo,0.1,30.7,26.3,28.5,2016,9,253,4
2016-09-10,Colombo,0.0,31.1,26.6,28.85,2016,9,254,5
2016-09-11,Colombo,0.0,30.8,26.6,28.7,2016,9,255,6
2016-09-12,Colombo,0.0,30.4,26.7,28.55,2016,9,256,0
2016-09-13,Colombo,0.0,30.5,26.8,28.65,2016,9,257,1
2016-09-14,Colombo,0.0,29.6,26.8,28.2,2016,9,258,2
2016-09-15,Colombo,0.0,30.6,26.9,28.75,2016,9,259,3
2016-09-16,Colombo,0.0,31.0,26.6,28.8,2016,9,260,4
2016-09-17,Colombo,0.0,30.9,26.6,28.75,2016,9,261,5
2016-09-18,Colombo,0.0,30.3,26.8,28.55,2016,9,262,6
2016-09-19,Colombo,0.0,30.6,26.8,28.7,2016,9,263,0
2016-09-20,Colombo,0.0,31.2,27.0,29.1,2016,9,264,1
2016-09-21,Colombo,0.0,30.6,26.7,28.65,2016,9,265,2
2016-09-22,Colombo,0.0,30.6,26.8,28.7,2016,9,266,3
2016-09-23,Colombo,0.0,30.1,26.9,28.5,2016,9,267,4
2016-09-24,Colombo,0.0,31.0,26.8,28.9,2016,9,268,5
2016-09-25,Colombo,0.0,30.9,26.7,28.8,2016,9,269,6
2016-09-26,Colombo,0.0,31.3,27.0,29.15,2016,9,270,0
2016-09-27,Colombo,0.0,31.2,27.0,29.1,2016,9,271,1
2016-09-28,Colombo,6.9,31.4,27.0,29.2,2016,9,272,2
2016-09-29,Colombo,17.8,31.2,25.9,28.55,2016,9,273,3
2016-09-30,Colombo,0.0,30.4,24.8,27.6,2016,9,274,4
2016-10-01,Colombo,0.0,31.2,26.7,28.95,2016,10,275,5
2016-10-02,Colombo,0.3,31.6,27.1,29.35,2016,10,276,6
2016-10-03,Colombo,0.5,31.1,26.1,28.6,2016,10,277,0
2016-10-04,Colombo,0.7,31.3,25.3,28.3,2016,10,278,1
2016-10-05,Colombo,0.0,31.1,26.8,28.95,2016,10,279,2
2016-10-06,Colombo,0.0,31.5,27.2,29.35,2016,10,280,3
2016-10-07,Colombo,0.0,31.1,26.9,29.0,2016,10,281,4
2016-10-08,Colombo,0.0,32.2,26.9,29.55,2016,10,282,5
2016-10-09,Colombo,0.0,31.6,26.6,29.1,2016,10,283,6
2016-10-10,Colombo,0.0,31.6,27.4,29.5,2016,10,284,0
2016-10-11,Colombo,0.0,31.5,27.2,29.35,2016,10,285,1
2016-10-12,Colombo,0.0,31.6,27.1,29.35,2016,10,286,2
2016-10-13,Colombo,2.6,31.5,27.0,29.25,2016,10,287,3
2016-10-14,Colombo,2.6,31.5,24.2,27.85,2016,10,288,4
2016-10-15,Colombo,136.3,31.6,25.7,28.65,2016,10,289,5
2016-10-16,Colombo,0.9,31.1,23.9,27.5,2016,10,290,6
2016-10-17,Colombo,10.5,31.0,24.6,27.8,2016,10,291,0
2016-10-18,Colombo,40.9,31.5,25.0,28.25,2016,10,292,1
2016-10-19,Colombo,0.0,29.6,24.8,27.2,2016,10,293,2
2016-10-20,Colombo,6.4,31.2,25.1,28.15,2016,10,294,3
2016-10-21,Colombo,0.0,30.6,25.7,28.15,2016,10,295,4
2016-10-22,Colombo,7.4,30.5,26.6,28.55,2016,10,296,5
2016-10-23,Colombo,19.3,30.0,25.1,27.55,2016,10,297,6
2016-10-24,Colombo,110.7,29.6,24.4,27.0,2016,10,298,0
2016-10-25,Colombo,0.9,30.8,22.5,26.65,2016,10,299,1
2016-10-26,Colombo,4.5,30.6,24.7,27.65,2016,10,300,2
2016-10-27,Colombo,0.0,30.8,24.6,27.7,2016,10,301,3
2016-10-28,Colombo,0.0,30.8,24.9,27.85,2016,10,302,4
2016-10-29,Colombo,8.5,31.2,25.9,28.55,2016,10,303,5
2016-10-30,Colombo,13.2,30.7,26.3,28.5,2016,10,304,6
2016-10-31,Colombo,7.8,30.7,24.5,27.6,2016,10,305,0
2016-11-01,Colombo,36.4,30.6,24.0,27.3,2016,11,306,1
2016-11-02,Colombo,0.7,30.6,23.6,27.1,2016,11,307,2
2016-11-03,Colombo,0.6,29.0,24.9,26.95,2016,11,308,3
2016-11-04,Colombo,55.9,29.8,24.5,27.15,2016,11,309,4
2016-11-05,Colombo,21.2,29.6,23.8,26.7,2016,11,310,5
2016-11-06,Colombo,3.3,26.0,24.8,25.4,2016,11,311,6
2016-11-07,Colombo,3.8,31.5,23.5,27.5,2016,11,312,0
2016-11-08,Colombo,0.0,30.7,24.6,27.65,2016,11,313,1
2016-11-09,Colombo,10.0,31.1,24.5,27.8,2016,11,314,2
2016-11-10,Colombo,35.1,31.4,24.1,27.75,2016,11,315,3
2016-11-11,Colombo,0.0,30.4,24.2,27.3,2016,11,316,4
2016-11-12,Colombo,11.9,30.7,25.9,28.3,2016,11,317,5
2016-11-13,Colombo,0.0,30.5,24.4,27.45,2016,11,318,6
2016-11-14,Colombo,2.1,30.6,25.8,28.2,2016,11,319,0
2016-11-15,Colombo,0.0,30.9,24.7,27.8,2016,11,320,1
2016-11-16,Colombo,29.0,32.2,23.9,28.05,2016,11,321,2
2016-11-17,Colombo,34.9,31.2,23.2,27.2,2016,11,322,3
2016-11-18,Colombo,11.9,32.6,23.6,28.1,2016,11,323,4
2016-11-19,Colombo,19.2,29.9,23.9,26.9,2016,11,324,5
2016-11-20,Colombo,0.4,29.1,24.7,26.9,2016,11,325,6
2016-11-21,Colombo,1.4,30.5,23.9,27.2,2016,11,326,0
2016-11-22,Colombo,61.7,31.3,24.4,27.85,2016,11,327,1
2016-11-23,Colombo,60.3,31.8,23.9,27.85,2016,11,328,2
2016-11-24,Colombo,0.0,32.9,24.4,28.65,2016,11,329,3
2016-11-25,Colombo,5.0,33.1,24.7,28.9,2016,11,330,4
2016-11-26,Colombo,0.0,31.6,25.2,28.4,2016,11,331,5
2016-11-27,Colombo,0.0,31.4,24.4,27.9,2016,11,332,6
2016-11-28,Colombo,0.0,30.0,23.7,26.85,2016,11,333,0
2016-11-29,Colombo,0.0,29.7,23.2,26.45,2016,11,334,1
2016-11-30,Colombo,0.0,29.2,24.7,26.95,2016,11,335,2
2016-12-01,Colombo,0.0,30.6,23.0,26.8,2016,12,336,3
2016-12-02,Colombo,0.0,31.2,24.9,28.05,2016,12,337,4
2016-12-03,Colombo,0.0,31.6,23.5,27.55,2016,12,338,5
2016-12-04,Colombo,0.0,31.1,25.6,28.35,2016,12,339,6
2016-12-05,Colombo,0.0,33.6,23.7,28.65,2016,12,340,0
2016-12-06,Colombo,0.0,33.3,24.2,28.75,2016,12,341,1
2016-12-07,Colombo,0.0,32.6,24.4,28.5,2016,12,342,2
2016-12-08,Colombo,0.4,32.1,25.1,28.6,2016,12,343,3
2016-12-09,Colombo,10.8,31.1,26.1,28.6,2016,12,344,4
2016-12-10,Colombo,0.0,30.5,24.7,27.6,2016,12,345,5
2016-12-11,Colombo,0.1,31.2,25.1,28.15,2016,12,346,6
2016-12-12,Colombo,0.0,31.2,27.2,29.2,2016,12,347,0
2016-12-13,Colombo,0.0,31.3,26.8,29.05,2016,12,348,1
2016-12-14,Colombo,0.0,31.1,24.3,27.7,2016,12,349,2
2016-12-15,Colombo,3.1,31.7,23.0,27.35,2016,12,350,3
2016-12-16,Colombo,0.0,30.8,24.2,27.5,2016,12,351,4
2016-12-17,Colombo,0.0,32.6,24.6,28.6,2016,12,352,5
2016-12-18,Colombo,0.0,33.5,24.2,28.85,2016,12,353,6
2016-12-19,Colombo,0.0,32.0,24.6,28.3,2016,12,354,0
2016-12-20,Colombo,0.0,31.5,25.3,28.4,2016,12,355,1
2016-12-21,Colombo,54.1,31.0,24.6,27.8,2016,12,356,2
2016-12-22,Colombo,0.0,30.9,24.5,27.7,2016,12,357,3
2016-12-23,Colombo,0.0,31.3,23.2,27.25,2016,12,358,4
2016-12-24,Colombo,0.0,29.2,19.9,24.55,2016,12,359,5
2016-12-25,Colombo,0.0,28.7,20.5,24.6,2016,12,360,6
2016-12-26,Colombo,0.0,30.7,22.5,26.6,2016,12,361,0
2016-12-27,Colombo,50.2,32.7,25.6,29.15,2016,12,362,1
2016-12-28,Colombo,46.4,30.3,24.3,27.3,2016,12,363,2
2016-12-29,Colombo,0.0,30.6,23.5,27.05,2016,12,364,3
2016-12-30,Colombo,0.0,32.7,22.7,27.7,2016,12,365,4
2016-12-31,Colombo,0.0,32.0,24.2,28.1,2016,12,366,5
2017-01-01,Colombo,0.0,32.6,24.4,28.5,2017,1,1,6
2017-01-02,Colombo,0.0,31.7,24.5,28.1,2017,1,2,0
2017-01-03,Colombo,0.0,32.5,25.5,29.0,2017,1,3,1
2017-01-04,Colombo,0.0,29.7,22.7,26.2,2017,1,4,2
2017-01-05,Colombo,0.0,29.2,20.1,24.65,2017,1,5,3
2017-01-06,Colombo,0.0,31.2,21.6,26.4,2017,1,6,4
2017-01-07,Colombo,0.0,32.3,21.1,26.7,2017,1,7,5
2017-01-08,Colombo,0.0,33.0,20.1,26.55,2017,1,8,6
2017-01-09,Colombo,0.0,30.0,21.7,25.85,2017,1,9,0
2017-01-10,Colombo,0.0,30.0,20.7,25.35,2017,1,10,1
2017-01-11,Colombo,0.0,29.9,22.2,26.05,2017,1,11,2
2017-01-12,Colombo,0.0,29.6,20.5,25.05,2017,1,12,3
2017-01-13,Colombo,0.0,32.9,21.3,27.1,2017,1,13,4
2017-01-14,Colombo,0.0,31.6,21.5,26.55,2017,1,14,5
2017-01-15,Colombo,0.0,33.0,22.0,27.5,2017,1,15,6
2017-01-16,Colombo,0.0,32.6,24.3,28.45,2017,1,16,0
2017-01-17,Colombo,0.0,31.8,22.0,26.9,2017,1,17,1
2017-01-18,Colombo,0.0,32.6,22.3,27.45,2017,1,18,2
2017-01-19,Colombo,0.0,31.8,22.9,27.35,2017,1,19,3
2017-01-20,Colombo,0.2,31.3,24.1,27.7,2017,1,20,4
2017-01-21,Colombo,16.1,31.2,24.5,27.85,2017,1,21,5
2017-01-22,Colombo,0.0,29.9,24.5,27.2,2017,1,22,6
2017-01-23,Colombo,0.2,30.5,24.7,27.6,2017,1,23,0
2017-01-24,Colombo,0.1,29.7,23.3,26.5,2017,1,24,1
2017-01-25,Colombo,0.0,30.6,24.2,27.4,2017,1,25,2
2017-01-26,Colombo,19.1,33.0,24.4,28.7,2017,1,26,3
2017-01-27,Colombo,0.0,28.2,24.2,26.2,2017,1,27,4
2017-01-28,Colombo,46.8,30.3,23.8,27.05,2017,1,28,5
2017-01-29,Colombo,0.2,31.8,22.4,27.1,2017,1,29,6
2017-01-30,Colombo,0.0,31.1,25.0,28.05,2017,1,30,0
2017-01-31,Colombo,0.0,31.8,23.8,27.8,2017,1,31,1
2017-02-01,Colombo,0.0,30.6,22.6,26.6,2017,2,32,2
2017-02-02,Colombo,0.0,31.4,22.5,26.95,2017,2,33,3
2017-02-03,Colombo,0.0,33.8,21.7,27.75,2017,2,34,4
2017-02-04,Colombo,0.0,32.2,21.6,26.9,2017,2,35,5
2017-02-05,Colombo,0.0,30.8,21.7,26.25,2017,2,36,6
2017-02-06,Colombo,0.0,31.0,22.7,26.85,2017,2,37,0
2017-02-07,Colombo,0.0,30.9,21.1,26.0,2017,2,38,1
2017-02-08,Colombo,0.0,29.7,21.7,25.7,2017,2,39,2
2017-02-09,Colombo,0.0,30.5,22.3,26.4,2017,2,40,3
2017-02-10,Colombo,0.0,30.2,22.4,26.3,2017,2,41,4
2017-02-11,Colombo,0.0,30.5,23.0,26.75,2017,2,42,5
2017-02-12,Colombo,0.0,32.0,23.4,27.7,2017,2,43,6
2017-02-13,Colombo,0.0,31.5,22.6,27.05,2017,2,44,0
2017-02-14,Colombo,18.9,31.9,24.0,27.95,2017,2,45,1
2017-02-15,Colombo,0.0,33.8,24.8,29.3,2017,2,46,2
2017-02-16,Colombo,0.0,34.8,24.2,29.5,2017,2,47,3
2017-02-17,Colombo,0.0,33.8,24.3,29.05,2017,2,48,4
2017-02-18,Colombo,11.4,33.3,23.8,28.55,2017,2,49,5
2017-02-19,Colombo,55.6,31.7,25.5,28.6,2017,2,50,6
2017-02-20,Colombo,0.0,29.8,23.6,26.7,2017,2,51,0
2017-02-21,Colombo,0.0,30.5,22.7,26.6,2017,2,52,1
2017-02-22,Colombo,0.0,30.5,23.7,27.1,2017,2,53,2
2017-02-23,Colombo,0.0,31.2,24.9,28.05,2017,2,54,3
2017-02-24,Colombo,4.7,31.3,24.9,28.1,2017,2,55,4
2017-02-25,Colombo,0.3,31.1,24.3,27.7,2017,2,56,5
2017-02-26,Colombo,1.3,29.3,24.4,26.85,2017,2,57,6
2017-02-27,Colombo,0.0,30.0,24.2,27.1,2017,2,58,0
2017-02-28,Colombo,0.1,30.9,24.5,27.7,2017,2,59,1
2017-03-01,Colombo,0.0,28.6,25.0,26.8,2017,3,60,2
2017-03-02,Colombo,0.0,30.6,23.9,27.25,2017,3,61,3
2017-03-03,Colombo,14.6,30.8,24.6,27.7,2017,3,62,4
2017-03-04,Colombo,0.0,30.4,23.9,27.15,2017,3,63,5
2017-03-05,Colombo,0.0,31.6,24.2,27.9,2017,3,64,6
2017-03-06,Colombo,0.0,31.3,25.8,28.55,2017,3,65,0
2017-03-07,Colombo,0.0,31.3,26.3,28.8,2017,3,66,1
2017-03-08,Colombo,3.4,31.6,26.1,28.85,2017,3,67,2
2017-03-09,Colombo,0.0,31.3,25.6,28.45,2017,3,68,3
2017-03-10,Colombo,0.8,32.0,25.1,28.55,2017,3,69,4
2017-03-11,Colombo,2.7,30.6,24.3,27.45,2017,3,70,5
2017-03-12,Colombo,0.0,31.3,24.3,27.8,2017,3,71,6
2017-03-13,Colombo,0.2,31.6,24.9,28.25,2017,3,72,0
2017-03-14,Colombo,59.9,31.3,24.4,27.85,2017,3,73,1
2017-03-15,Colombo,42.4,31.3,23.3,27.3,2017,3,74,2
2017-03-16,Colombo,0.5,30.7,23.3,27.0,2017,3,75,3
2017-03-17,Colombo,0.0,30.8,24.0,27.4,2017,3,76,4
2017-03-18,Colombo,0.0,31.6,25.1,28.35,2017,3,77,5
2017-03-19,Colombo,0.0,31.7,25.7,28.7,2017,3,78,6
2017-03-20,Colombo,0.0,31.7,25.8,28.75,2017,3,79,0
2017-03-21,Colombo,0.0,31.8,25.3,28.55,2017,3,80,1
2017-03-22,Colombo,0.0,31.7,25.5,28.6,2017,3,81,2
2017-03-23,Colombo,0.0,31.7,25.0,28.35,2017,3,82,3
2017-03-24,Colombo,0.0,32.0,25.3,28.65,2017,3,83,4
2017-03-25,Colombo,0.0,31.6,24.6,28.1,2017,3,84,5
2017-03-26,Colombo,0.0,31.2,23.7,27.45,2017,3,85,6
2017-03-27,Colombo,0.0,31.2,25.3,28.25,2017,3,86,0
2017-03-28,Colombo,0.5,31.9,24.8,28.35,2017,3,87,1
2017-03-29,Colombo,8.4,31.9,25.1,28.5,2017,3,88,2
2017-03-30,Colombo,0.0,31.9,24.2,28.05,2017,3,89,3
2017-03-31,Colombo,0.4,32.3,26.0,29.15,2017,3,90,4
2017-04-01,Colombo,1.1,32.3,25.5,28.9,2017,4,91,5
2017-04-02,Colombo,0.0,32.3,26.0,29.15,2017,4,92,6
2017-04-03,Colombo,0.8,32.9,25.7,29.3,2017,4,93,0
2017-04-04,Colombo,0.0,32.1,25.4,28.75,2017,4,94,1
2017-04-05,Colombo,0.0,32.7,25.7,29.2,2017,4,95,2
2017-04-06,Colombo,0.0,32.9,26.0,29.45,2017,4,96,3
2017-04-07,Colombo,0.0,32.9,27.3,30.1,2017,4,97,4
2017-04-08,Colombo,0.0,33.0,26.7,29.85,2017,4,98,5
2017-04-09,Colombo,1.9,32.7,26.5,29.6,2017,4,99,6
2017-04-10,Colombo,0.0,32.7,25.9,29.3,2017,4,100,0
2017-04-11,Colombo,18.1,32.5,27.2,29.85,2017,4,101,1
2017-04-12,Colombo,58.2,31.8,23.3,27.55,2017,4,102,2
2017-04-13,Colombo,0.0,31.6,24.8,28.2,2017,4,103,3
2017-04-14,Colombo,0.0,32.5,25.2,28.85,2017,4,104,4
2017-04-15,Colombo,0.0,32.4,27.3,29.85,2017,4,105,5
2017-04-16,Colombo,0.0,32.4,28.9,30.65,2017,4,106,6
2017-04-17,Colombo,0.0,32.4,29.0,30.7,2017,4,107,0
2017-04-18,Colombo,0.0,32.1,28.8,30.45,2017,4,108,1
2017-04-19,Colombo,0.0,32.4,28.8,30.6,2017,4,109,2
2017-04-20,Colombo,0.0,32.4,28.7,30.55,2017,4,110,3
2017-04-21,Colombo,0.0,32.3,28.3,30.3,2017,4,111,4
2017-04-22,Colombo,0.0,32.6,27.3,29.95,2017,4,112,5
2017-04-23,Colombo,0.0,32.6,28.9,30.75,2017,4,113,6
2017-04-24,Colombo,1.1,32.7,29.1,30.9,2017,4,114,0
2017-04-25,Colombo,0.0,32.3,27.9,30.1,2017,4,115,1
2017-04-26,Colombo,0.0,32.6,28.5,30.55,2017,4,116,2
2017-04-27,Colombo,0.0,32.6,27.2,29.9,2017,4,117,3
2017-04-28,Colombo,0.0,32.6,27.5,30.05,2017,4,118,4
2017-04-29,Colombo,0.0,32.3,27.5,29.9,2017,4,119,5
2017-04-30,Colombo,0.0,32.8,26.5,29.65,2017,4,120,6
2017-05-01,Colombo,0.0,32.4,26.2,29.3,2017,5,121,0
2017-05-02,Colombo,0.1,32.5,26.4,29.45,2017,5,122,1
2017-05-03,Colombo,0.0,32.5,26.9,29.7,2017,5,123,2
2017-05-04,Colombo,0.0,32.5,26.8,29.65,2017,5,124,3
2017-05-05,Colombo,2.4,33.1,26.3,29.7,2017,5,125,4
2017-05-06,Colombo,3.1,32.3,26.9,29.6,2017,5,126,5
2017-05-07,Colombo,1.9,32.6,25.8,29.2,2017,5,127,6
2017-05-08,Colombo,0.0,32.1,24.7,28.4,2017,5,128,0
2017-05-09,Colombo,59.6,32.8,26.0,29.4,2017,5,129,1
2017-05-10,Colombo,17.8,31.9,23.9,27.9,2017,5,130,2
2017-05-11,Colombo,0.0,32.3,25.2,28.75,2017,5,131,3
2017-05-12,Colombo,0.7,32.4,26.5,29.45,2017,5,132,4
2017-05-13,Colombo,0.0,32.1,26.9,29.5,2017,5,133,5
2017-05-14,Colombo,3.4,32.0,28.8,30.4,2017,5,134,6
2017-05-15,Colombo,0.0,32.5,27.0,29.75,2017,5,135,0
2017-05-16,Colombo,0.0,32.8,28.2,30.5,2017,5,136,1
2017-05-17,Colombo,0.0,32.6,29.3,30.95,2017,5,137,2
2017-05-18,Colombo,90.2,31.2,29.4,30.3,2017,5,138,3
2017-05-19,Colombo,1.6,31.0,22.9,26.95,2017,5,139,4
2017-05-20,Colombo,0.0,32.0,27.3,29.65,2017,5,140,5
2017-05-21,Colombo,1.8,31.5,28.2,29.85,2017,5,141,6
2017-05-22,Colombo,0.0,31.6,27.7,29.65,2017,5,142,0
2017-05-23,Colombo,2.1,30.6,28.5,29.55,2017,5,143,1
2017-05-24,Colombo,71.9,31.6,27.9,29.75,2017,5,144,2
2017-05-25,Colombo,34.7,30.2,23.3,26.75,2017,5,145,3
2017-05-26,Colombo,1.4,31.1,24.6,27.85,2017,5,146,4
2017-05-27,Colombo,0.4,31.4,24.8,28.1,2017,5,147,5
2017-05-28,Colombo,25.1,31.3,28.1,29.7,2017,5,148,6
2017-05-29,Colombo,11.0,31.0,26.0,28.5,2017,5,149,0
2017-05-30,Colombo,10.3,30.0,25.0,27.5,2017,5,150,1
2017-05-31,Colombo,3.9,30.5,25.5,28.0,2017,5,151,2
2017-06-01,Colombo,3.3,30.6,27.3,28.95,2017,6,152,3
2017-06-02,Colombo,32.3,30.6,27.3,28.95,2017,6,153,4
2017-06-03,Colombo,9.5,30.8,25.0,27.9,2017,6,154,5
2017-06-04,Colombo,3.2,31.0,26.0,28.5,2017,6,155,6
2017-06-05,Colombo,0.6,30.8,27.0,28.9,2017,6,156,0
2017-06-06,Colombo,5.5,30.9,27.5,29.2,2017,6,157,1
2017-06-07,Colombo,0.0,30.0,26.4,28.2,2017,6,158,2
2017-06-08,Colombo,0.0,30.8,27.6,29.2,2017,6,159,3
2017-06-09,Colombo,0.0,31.0,27.6,29.3,2017,6,160,4
2017-06-10,Colombo,11.2,30.5,26.5,28.5,2017,6,161,5
2017-06-11,Colombo,1.4,30.6,26.1,28.35,2017,6,162,6
2017-06-12,Colombo,0.3,30.8,25.9,28.35,2017,6,163,0
2017-06-13,Colombo,0.0,30.4,27.3,28.85,2017,6,164,1
2017-06-14,Colombo,5.5,31.0,26.6,28.8,2017,6,165,2
2017-06-15,Colombo,6.2,30.6,25.9,28.25,2017,6,166,3
2017-06-16,Colombo,0.7,30.3,26.1,28.2,2017,6,167,4
2017-06-17,Colombo,0.3,31.1,25.6,28.35,2017,6,168,5
2017-06-18,Colombo,0.4,30.9,27.0,28.95,2017,6,169,6
2017-06-19,Colombo,0.0,31.0,27.5,29.25,2017,6,170,0
2017-06-20,Colombo,0.0,31.2,27.8,29.5,2017,6,171,1
2017-06-21,Colombo,0.0,31.1,27.3,29.2,2017,6,172,2
2017-06-22,Colombo,25.3,31.1,27.3,29.2,2017,6,173,3
2017-06-23,Colombo,6.9,30.9,24.4,27.65,2017,6,174,4
2017-06-24,Colombo,7.4,28.2,25.1,26.65,2017,6,175,5
2017-06-25,Colombo,2.9,29.8,24.7,27.25,2017,6,176,6
2017-06-26,Colombo,8.6,30.0,25.5,27.75,2017,6,177,0
2017-06-27,Colombo,6.5,30.9,24.8,27.85,2017,6,178,1
2017-06-28,Colombo,2.8,31.0,24.4,27.7,2017,6,179,2
2017-06-29,Colombo,0.0,30.7,26.3,28.5,2017,6,180,3
2017-06-30,Colombo,0.7,31.1,27.7,29.4,2017,6,181,4
2017-07-01,Colombo,2.1,31.2,28.0,29.6,2017,7,182,5
2017-07-02,Colombo,0.0,31.5,27.0,29.25,2017,7,183,6
2017-07-03,Colombo,0.0,31.0,27.2,29.1,2017,7,184,0
2017-07-04,Colombo,0.0,30.6,27.4,29.0,2017,7,185,1
2017-07-05,Colombo,0.0,30.5,27.1,28.8,2017,7,186,2
2017-07-06,Colombo,0.0,30.6,27.9,29.25,2017,7,187,3
2017-07-07,Colombo,0.0,30.5,27.7,29.1,2017,7,188,4
2017-07-08,Colombo,0.0,30.6,27.5,29.05,2017,7,189,5
2017-07-09,Colombo,13.8,29.3,27.4,28.35,2017,7,190,6
2017-07-10,Colombo,0.5,29.7,24.5,27.1,2017,7,191,0
2017-07-11,Colombo,1.0,30.1,26.6,28.35,2017,7,192,1
2017-07-12,Colombo,0.0,30.4,27.2,28.8,2017,7,193,2
2017-07-13,Colombo,0.0,30.4,27.4,28.9,2017,7,194,3
2017-07-14,Colombo,0.0,31.0,27.2,29.1,2017,7,195,4
2017-07-15,Colombo,0.0,30.8,27.7,29.25,2017,7,196,5
2017-07-16,Colombo,0.0,30.9,27.6,29.25,2017,7,197,6
2017-07-17,Colombo,0.0,31.2,27.6,29.4,2017,7,198,0
2017-07-18,Colombo,1.3,30.5,27.8,29.15,2017,7,199,1
2017-07-19,Colombo,6.9,30.1,25.8,27.95,2017,7,200,2
2017-07-20,Colombo,18.7,30.9,24.6,27.75,2017,7,201,3
2017-07-21,Colombo,2.6,31.0,24.0,27.5,2017,7,202,4
2017-07-22,Colombo,0.0,31.4,25.9,28.65,2017,7,203,5
2017-07-23,Colombo,0.0,31.4,28.3,29.85,2017,7,204,6
2017-07-24,Colombo,0.0,30.8,28.3,29.55,2017,7,205,0
2017-07-25,Colombo,0.0,31.5,28.0,29.75,2017,7,206,1
2017-07-26,Colombo,0.0,30.4,27.9,29.15,2017,7,207,2
2017-07-27,Colombo,0.0,30.8,27.7,29.25,2017,7,208,3
2017-07-28,Colombo,0.0,31.1,27.7,29.4,2017,7,209,4
2017-07-29,Colombo,0.0,30.4,27.5,28.95,2017,7,210,5
2017-07-30,Colombo,0.0,31.2,27.7,29.45,2017,7,211,6
2017-07-31,Colombo,0.3,31.4,27.9,29.65,2017,7,212,0
2017-08-01,Colombo,1.7,31.0,27.2,29.1,2017,8,213,1
2017-08-02,Colombo,0.0,31.0,27.1,29.05,2017,8,214,2
2017-08-03,Colombo,0.0,31.2,27.7,29.45,2017,8,215,3
2017-08-04,Colombo,0.0,30.8,27.4,29.1,2017,8,216,4
2017-08-05,Colombo,0.0,30.7,27.4,29.05,2017,8,217,5
2017-08-06,Colombo,4.8,30.5,27.3,28.9,2017,8,218,6
2017-08-07,Colombo,0.0,30.4,26.9,28.65,2017,8,219,0
2017-08-08,Colombo,0.0,30.4,26.8,28.6,2017,8,220,1
2017-08-09,Colombo,0.0,30.9,27.2,29.05,2017,8,221,2
2017-08-10,Colombo,1.0,30.7,26.9,28.8,2017,8,222,3
2017-08-11,Colombo,0.0,30.4,26.8,28.6,2017,8,223,4
2017-08-12,Colombo,0.2,30.3,26.1,28.2,2017,8,224,5
2017-08-13,Colombo,0.0,30.0,27.0,28.5,2017,8,225,6
2017-08-14,Colombo,0.0,30.2,27.2,28.7,2017,8,226,0
2017-08-15,Colombo,0.3,31.0,26.5,28.75,2017,8,227,1
2017-08-16,Colombo,0.4,31.2,25.8,28.5,2017,8,228,2
2017-08-17,Colombo,12.2,31.4,27.1,29.25,2017,8,229,3
2017-08-18,Colombo,5.8,29.9,25.3,27.6,2017,8,230,4
2017-08-19,Colombo,16.3,30.2,25.4,27.8,2017,8,231,5
2017-08-20,Colombo,0.1,30.4,24.3,27.35,2017,8,232,6
2017-08-21,Colombo,19.1,30.5,25.8,28.15,2017,8,233,0
2017-08-22,Colombo,1.2,30.3,24.5,27.4,2017,8,234,1
2017-08-23,Colombo,0.0,30.4,27.2,28.8,2017,8,235,2
2017-08-24,Colombo,0.0,30.3,27.4,28.85,2017,8,236,3
2017-08-25,Colombo,0.0,30.6,27.4,29.0,2017,8,237,4
2017-08-26,Colombo,0.0,30.5,27.0,28.75,2017,8,238,5
2017-08-27,Colombo,3.9,30.6,27.4,29.0,2017,8,239,6
2017-08-28,Colombo,1.2,30.5,24.8,27.65,2017,8,240,0
2017-08-29,Colombo,0.4,30.3,26.3,28.3,2017,8,241,1
2017-08-30,Colombo,0.0,30.6,26.4,28.5,2017,8,242,2
2017-08-31,Colombo,1.7,30.7,27.5,29.1,2017,8,243,3
2017-09-01,Colombo,5.2,31.1,26.5,28.8,2017,9,244,4
2017-09-02,Colombo,0.0,31.8,24.0,27.9,2017,9,245,5
2017-09-03,Colombo,0.4,28.9,26.9,27.9,2017,9,246,6
2017-09-04,Colombo,24.1,30.6,27.0,28.8,2017,9,247,0
2017-09-05,Colombo,43.5,29.4,26.5,27.95,2017,9,248,1
2017-09-06,Colombo,83.1,29.8,25.3,27.55,2017,9,249,2
2017-09-07,Colombo,9.5,26.9,23.7,25.3,2017,9,250,3
2017-09-08,Colombo,11.7,29.2,24.6,26.9,2017,9,251,4
2017-09-09,Colombo,8.1,30.4,25.6,28.0,2017,9,252,5
2017-09-10,Colombo,2.5,30.4,26.0,28.2,2017,9,253,6
2017-09-11,Colombo,0.0,30.8,25.5,28.15,2017,9,254,0
2017-09-12,Colombo,6.8,31.5,26.0,28.75,2017,9,255,1
2017-09-13,Colombo,95.2,29.5,25.2,27.35,2017,9,256,2
2017-09-14,Colombo,2.8,30.5,23.3,26.9,2017,9,257,3
2017-09-15,Colombo,0.0,30.5,24.2,27.35,2017,9,258,4
2017-09-16,Colombo,0.0,30.8,27.3,29.05,2017,9,259,5
2017-09-17,Colombo,1.8,30.4,27.6,29.0,2017,9,260,6
2017-09-18,Colombo,0.0,30.3,26.1,28.2,2017,9,261,0
2017-09-19,Colombo,0.0,31.1,27.2,29.15,2017,9,262,1
2017-09-20,Colombo,0.0,30.9,27.5,29.2,2017,9,263,2
2017-09-21,Colombo,0.2,30.8,25.7,28.25,2017,9,264,3
2017-09-22,Colombo,0.0,31.1,26.6,28.85,2017,9,265,4
2017-09-23,Colombo,0.0,30.9,26.8,28.85,2017,9,266,5
2017-09-24,Colombo,2.0,31.1,26.7,28.9,2017,9,267,6
2017-09-25,Colombo,3.4,30.3,26.8,28.55,2017,9,268,0
2017-09-26,Colombo,22.6,29.9,25.6,27.75,2017,9,269,1
2017-09-27,Colombo,24.6,28.0,24.8,26.4,2017,9,270,2
2017-09-28,Colombo,0.7,30.7,24.4,27.55,2017,9,271,3
2017-09-29,Colombo,2.4,30.6,26.7,28.65,2017,9,272,4
2017-09-30,Colombo,4.6,30.4,25.6,28.0,2017,9,273,5
2017-10-01,Colombo,1.4,30.6,26.2,28.4,2017,10,274,6
2017-10-02,Colombo,2.1,30.8,24.9,27.85,2017,10,275,0
2017-10-03,Colombo,4.7,30.9,26.3,28.6,2017,10,276,1
2017-10-04,Colombo,10.1,31.1,24.8,27.95,2017,10,277,2
2017-10-05,Colombo,29.4,29.5,25.5,27.5,2017,10,278,3
2017-10-06,Colombo,66.0,29.5,24.2,26.85,2017,10,279,4
2017-10-07,Colombo,9.6,30.5,23.9,27.2,2017,10,280,5
2017-10-08,Colombo,11.6,30.5,25.5,28.0,2017,10,281,6
2017-10-09,Colombo,13.1,30.0,25.8,27.9,2017,10,282,0
2017-10-10,Colombo,13.2,30.5,25.3,27.9,2017,10,283,1
2017-10-11,Colombo,18.2,27.7,24.7,26.2,2017,10,284,2
2017-10-12,Colombo,6.4,30.2,23.9,27.05,2017,10,285,3
2017-10-13,Colombo,26.3,30.5,24.1,27.3,2017,10,286,4
2017-10-14,Colombo,30.6,28.9,25.2,27.05,2017,10,287,5
2017-10-15,Colombo,17.8,30.5,24.4,27.45,2017,10,288,6
2017-10-16,Colombo,0.0,30.5,24.8,27.65,2017,10,289,0
2017-10-17,Colombo,0.0,30.9,27.3,29.1,2017,10,290,1
2017-10-18,Colombo,0.7,30.7,27.5,29.1,2017,10,291,2
2017-10-19,Colombo,72.1,30.5,26.9,28.7,2017,10,292,3
2017-10-20,Colombo,1.1,29.9,24.1,27.0,2017,10,293,4
2017-10-21,Colombo,6.0,30.9,25.0,27.95,2017,10,294,5
2017-10-22,Colombo,2.8,30.0,24.8,27.4,2017,10,295,6
2017-10-23,Colombo,0.0,30.8,26.4,28.6,2017,10,296,0
2017-10-24,Colombo,0.0,30.7,25.7,28.2,2017,10,297,1
2017-10-25,Colombo,5.6,30.7,25.1,27.9,2017,10,298,2
2017-10-26,Colombo,0.0,31.2,24.1,27.65,2017,10,299,3
2017-10-27,Colombo,0.0,30.9,25.4,28.15,2017,10,300,4
2017-10-28,Colombo,33.0,31.5,25.7,28.6,2017,10,301,5
2017-10-29,Colombo,15.6,31.1,24.4,27.75,2017,10,302,6
2017-10-30,Colombo,44.9,31.4,24.2,27.8,2017,10,303,0
2017-10-31,Colombo,24.8,28.6,24.9,26.75,2017,10,304,1
2017-11-01,Colombo,0.0,30.4,24.2,27.3,2017,11,305,2
2017-11-02,Colombo,0.0,28.1,25.3,26.7,2017,11,306,3
2017-11-03,Colombo,0.2,31.4,24.5,27.95,2017,11,307,4
2017-11-04,Colombo,8.1,30.4,24.8,27.6,2017,11,308,5
2017-11-05,Colombo,0.4,30.4,23.9,27.15,2017,11,309,6
2017-11-06,Colombo,42.4,30.9,24.5,27.7,2017,11,310,0
2017-11-07,Colombo,8.3,30.1,23.7,26.9,2017,11,311,1
2017-11-08,Colombo,15.4,30.3,23.9,27.1,2017,11,312,2
2017-11-09,Colombo,0.0,30.1,23.2,26.65,2017,11,313,3
2017-11-10,Colombo,0.6,30.6,24.9,27.75,2017,11,314,4
2017-11-11,Colombo,0.0,30.6,25.0,27.8,2017,11,315,5
2017-11-12,Colombo,0.5,31.1,24.7,27.9,2017,11,316,6
2017-11-13,Colombo,0.0,31.3,25.3,28.3,2017,11,317,0
2017-11-14,Colombo,0.0,31.2,26.5,28.85,2017,11,318,1
2017-11-15,Colombo,0.0,31.0,23.6,27.3,2017,11,319,2
2017-11-16,Colombo,0.0,31.2,24.7,27.95,2017,11,320,3
2017-11-17,Colombo,0.0,30.9,23.8,27.35,2017,11,321,4
2017-11-18,Colombo,38.2,30.9,25.7,28.3,2017,11,322,5
2017-11-19,Colombo,5.1,31.1,23.3,27.2,2017,11,323,6
2017-11-20,Colombo,29.7,30.4,23.9,27.15,2017,11,324,0
2017-11-21,Colombo,15.1,30.3,23.2,26.75,2017,11,325,1
2017-11-22,Colombo,0.0,30.6,24.0,27.3,2017,11,326,2
2017-11-23,Colombo,0.0,32.6,24.2,28.4,2017,11,327,3
2017-11-24,Colombo,0.0,31.4,25.1,28.25,2017,11,328,4
2017-11-25,Colombo,14.5,29.0,25.2,27.1,2017,11,329,5
2017-11-26,Colombo,0.1,28.8,23.7,26.25,2017,11,330,6
2017-11-27,Colombo,0.2,28.1,24.5,26.3,2017,11,331,0
2017-11-28,Colombo,7.2,29.5,24.5,27.0,2017,11,332,1
2017-11-29,Colombo,74.7,28.6,24.8,26.7,2017,11,333,2
2017-11-30,Colombo,33.5,25.9,23.5,24.7,2017,11,334,3
2017-12-01,Colombo,43.3,25.2,23.5,24.35,2017,12,335,4
2017-12-02,Colombo,27.4,29.5,23.4,26.45,2017,12,336,5
2017-12-03,Colombo,0.0,30.6,22.9,26.75,2017,12,337,6
2017-12-04,Colombo,0.0,31.4,24.1,27.75,2017,12,338,0
2017-12-05,Colombo,0.0,31.1,23.9,27.5,2017,12,339,1
2017-12-06,Colombo,0.0,31.0,24.2,27.6,2017,12,340,2
2017-12-07,Colombo,0.0,31.1,24.0,27.55,2017,12,341,3
2017-12-08,Colombo,0.0,30.9,24.1,27.5,2017,12,342,4
2017-12-09,Colombo,0.0,31.3,22.2,26.75,2017,12,343,5
2017-12-10,Colombo,3.1,31.7,22.4,27.05,2017,12,344,6
2017-12-11,Colombo,0.0,30.6,24.9,27.75,2017,12,345,0
2017-12-12,Colombo,0.0,29.3,25.3,27.3,2017,12,346,1
2017-12-13,Colombo,10.5,31.6,24.5,28.05,2017,12,347,2
2017-12-14,Colombo,56.7,30.4,24.0,27.2,2017,12,348,3
2017-12-15,Colombo,20.0,30.8,22.6,26.7,2017,12,349,4
2017-12-16,Colombo,0.0,32.3,24.0,28.15,2017,12,350,5
2017-12-17,Colombo,0.0,32.9,24.1,28.5,2017,12,351,6
2017-12-18,Colombo,0.0,32.3,23.8,28.05,2017,12,352,0
2017-12-19,Colombo,0.6,31.9,23.4,27.65,2017,12,353,1
2017-12-20,Colombo,0.8,29.8,24.6,27.2,2017,12,354,2
2017-12-21,Colombo,9.9,30.5,23.8,27.15,2017,12,355,3
2017-12-22,Colombo,0.0,32.3,23.3,27.8,2017,12,356,4
2017-12-23,Colombo,0.0,32.1,23.7,27.9,2017,12,357,5
2017-12-24,Colombo,0.0,31.3,23.4,27.35,2017,12,358,6
2017-12-25,Colombo,0.0,31.7,23.5,27.6,2017,12,359,0
2017-12-26,Colombo,0.0,32.0,23.9,27.95,2017,12,360,1
2017-12-27,Colombo,0.0,32.6,25.1,28.85,2017,12,361,2
2017-12-28,Colombo,0.0,31.8,23.9,27.85,2017,12,362,3
2017-12-29,Colombo,0.0,31.3,23.4,27.35,2017,12,363,4
2017-12-30,Colombo,0.0,32.4,24.1,28.25,2017,12,364,5
2017-12-31,Colombo,0.0,31.9,23.5,27.7,2017,12,365,6
2018-01-01,Colombo,0.0,31.7,23.3,27.5,2018,1,1,0
2018-01-02,Colombo,0.0,30.7,23.8,27.25,2018,1,2,1
2018-01-03,Colombo,0.0,30.5,24.0,27.25,2018,1,3,2
2018-01-04,Colombo,0.0,32.7,22.4,27.55,2018,1,4,3
2018-01-05,Colombo,0.0,31.3,21.6,26.45,2018,1,5,4
2018-01-06,Colombo,0.0,31.3,22.4,26.85,2018,1,6,5
2018-01-07,Colombo,0.0,30.7,20.8,25.75,2018,1,7,6
2018-01-08,Colombo,0.0,30.1,20.5,25.3,2018,1,8,0
2018-01-09,Colombo,0.0,30.7,22.6,26.65,2018,1,9,1
2018-01-10,Colombo,18.4,30.7,24.3,27.5,2018,1,10,2
2018-01-11,Colombo,0.0,31.0,24.1,27.55,2018,1,11,3
2018-01-12,Colombo,16.1,30.3,25.1,27.7,2018,1,12,4
2018-01-13,Colombo,9.3,30.6,23.2,26.9,2018,1,13,5
2018-01-14,Colombo,0.0,31.0,24.1,27.55,2018,1,14,6
2018-01-15,Colombo,0.0,32.3,23.0,27.65,2018,1,15,0
2018-01-16,Colombo,0.0,31.3,22.3,26.8,2018,1,16,1
2018-01-17,Colombo,0.0,31.8,22.0,26.9,2018,1,17,2
2018-01-18,Colombo,0.0,32.0,20.5,26.25,2018,1,18,3
2018-01-19,Colombo,0.0,31.6,22.6,27.1,2018,1,19,4
2018-01-20,Colombo,0.0,31.0,22.1,26.55,2018,1,20,5
2018-01-21,Colombo,0.0,30.4,22.1,26.25,2018,1,21,6
2018-01-22,Colombo,0.0,30.1,22.6,26.35,2018,1,22,0
2018-01-23,Colombo,0.0,31.1,23.4,27.25,2018,1,23,1
2018-01-24,Colombo,0.0,31.3,22.9,27.1,2018,1,24,2
2018-01-25,Colombo,0.0,32.1,21.3,26.7,2018,1,25,3
2018-01-26,Colombo,0.0,29.4,22.4,25.9,2018,1,26,4
2018-01-27,Colombo,0.0,30.1,23.2,26.65,2018,1,27,5
2018-01-28,Colombo,0.0,30.6,24.2,27.4,2018,1,28,6
2018-01-29,Colombo,0.9,32.9,23.3,28.1,2018,1,29,0
2018-01-30,Colombo,0.6,30.4,24.8,27.6,2018,1,30,1
2018-01-31,Colombo,0.4,31.7,24.5,28.1,2018,1,31,2
2018-02-01,Colombo,0.9,32.0,23.8,27.9,2018,2,32,3
2018-02-02,Colombo,0.0,31.1,22.6,26.85,2018,2,33,4
2018-02-03,Colombo,0.0,31.1,23.6,27.35,2018,2,34,5
2018-02-04,Colombo,0.2,31.8,23.9,27.85,2018,2,35,6
2018-02-05,Colombo,0.0,32.0,23.3,27.65,2018,2,36,0
2018-02-06,Colombo,31.2,32.2,24.1,28.15,2018,2,37,1
2018-02-07,Colombo,1.5,30.9,24.4,27.65,2018,2,38,2
2018-02-08,Colombo,7.4,30.7,24.4,27.55,2018,2,39,3
2018-02-09,Colombo,0.0,30.8,23.8,27.3,2018,2,40,4
2018-02-10,Colombo,0.0,30.6,24.4,27.5,2018,2,41,5
2018-02-11,Colombo,0.0,30.6,24.2,27.4,2018,2,42,6
2018-02-12,Colombo,0.0,32.0,25.1,28.55,2018,2,43,0
2018-02-13,Colombo,0.0,31.3,24.4,27.85,2018,2,44,1
2018-02-14,Colombo,0.0,31.1,23.9,27.5,2018,2,45,2
2018-02-15,Colombo,0.4,33.4,24.4,28.9,2018,2,46,3
2018-02-16,Colombo,0.0,34.4,24.8,29.6,2018,2,47,4
2018-02-17,Colombo,0.0,32.9,24.2,28.55,2018,2,48,5
2018-02-18,Colombo,0.0,31.2,22.5,26.85,2018,2,49,6
2018-02-19,Colombo,0.0,31.8,23.3,27.55,2018,2,50,0
2018-02-20,Colombo,0.0,33.4,21.8,27.6,2018,2,51,1
2018-02-21,Colombo,0.0,30.4,22.1,26.25,2018,2,52,2
2018-02-22,Colombo,0.0,31.3,22.6,26.95,2018,2,53,3
2018-02-23,Colombo,0.0,31.8,23.2,27.5,2018,2,54,4
2018-02-24,Colombo,0.0,33.7,24.5,29.1,2018,2,55,5
2018-02-25,Colombo,0.0,33.5,25.8,29.65,2018,2,56,6
2018-02-26,Colombo,16.1,32.8,24.9,28.85,2018,2,57,0
2018-02-27,Colombo,0.4,30.9,23.3,27.1,2018,2,58,1
2018-02-28,Colombo,50.7,31.6,23.9,27.75,2018,2,59,2
2018-03-01,Colombo,1.8,31.7,24.9,28.3,2018,3,60,3
2018-03-02,Colombo,7.4,31.3,23.3,27.3,2018,3,61,4
2018-03-03,Colombo,15.1,31.1,23.9,27.5,2018,3,62,5
2018-03-04,Colombo,0.0,32.0,24.3,28.15,2018,3,63,6
2018-03-05,Colombo,0.0,31.7,24.3,28.0,2018,3,64,0
2018-03-06,Colombo,0.0,31.3,25.0,28.15,2018,3,65,1
2018-03-07,Colombo,0.0,31.1,24.6,27.85,2018,3,66,2
2018-03-08,Colombo,0.0,31.9,24.9,28.4,2018,3,67,3
2018-03-09,Colombo,4.7,31.4,25.5,28.45,2018,3,68,4
2018-03-10,Colombo,1.5,31.3,23.9,27.6,2018,3,69,5
2018-03-11,Colombo,0.0,31.2,24.2,27.7,2018,3,70,6
2018-03-12,Colombo,1.1,28.8,25.3,27.05,2018,3,71,0
2018-03-13,Colombo,0.7,29.7,24.7,27.2,2018,3,72,1
2018-03-14,Colombo,0.0,31.6,24.4,28.0,2018,3,73,2
2018-03-15,Colombo,0.0,31.8,24.0,27.9,2018,3,74,3
2018-03-16,Colombo,0.3,31.4,26.2,28.8,2018,3,75,4
2018-03-17,Colombo,0.2,31.9,26.7,29.3,2018,3,76,5
2018-03-18,Colombo,0.0,31.6,25.1,28.35,2018,3,77,6
2018-03-19,Colombo,2.6,32.5,26.1,29.3,2018,3,78,0
2018-03-20,Colombo,0.1,32.0,24.5,28.25,2018,3,79,1
2018-03-21,Colombo,0.0,31.7,26.5,29.1,2018,3,80,2
2018-03-22,Colombo,0.0,32.2,25.6,28.9,2018,3,81,3
2018-03-23,Colombo,0.0,31.8,28.1,29.95,2018,3,82,4
2018-03-24,Colombo,0.0,32.2,25.3,28.75,2018,3,83,5
2018-03-25,Colombo,0.0,32.6,25.5,29.05,2018,3,84,6
2018-03-26,Colombo,33.2,32.2,25.5,28.85,2018,3,85,0
2018-03-27,Colombo,0.1,31.5,23.7,27.6,2018,3,86,1
2018-03-28,Colombo,0.0,31.6,24.7,28.15,2018,3,87,2
2018-03-29,Colombo,0.0,32.0,25.2,28.6,2018,3,88,3
2018-03-30,Colombo,0.0,32.0,26.5,29.25,2018,3,89,4
2018-03-31,Colombo,0.0,32.0,27.3,29.65,2018,3,90,5
2018-04-01,Colombo,0.0,32.2,26.7,29.45,2018,4,91,6
2018-04-02,Colombo,1.3,31.9,25.7,28.8,2018,4,92,0
2018-04-03,Colombo,0.0,32.2,24.3,28.25,2018,4,93,1
2018-04-04,Colombo,2.1,32.2,24.5,28.35,2018,4,94,2
2018-04-05,Colombo,0.0,32.3,26.1,29.2,2018,4,95,3
2018-04-06,Colombo,0.3,32.5,25.8,29.15,2018,4,96,4
2018-04-07,Colombo,22.5,32.7,24.5,28.6,2018,4,97,5
2018-04-08,Colombo,0.0,31.7,23.8,27.75,2018,4,98,6
2018-04-09,Colombo,9.6,32.3,25.5,28.9,2018,4,99,0
2018-04-10,Colombo,10.9,31.9,23.7,27.8,2018,4,100,1
2018-04-11,Colombo,13.4,31.9,24.5,28.2,2018,4,101,2
2018-04-12,Colombo,29.4,31.8,23.7,27.75,2018,4,102,3
2018-04-13,Colombo,18.4,31.2,24.3,27.75,2018,4,103,4
2018-04-14,Colombo,4.8,33.2,23.7,28.45,2018,4,104,5
2018-04-15,Colombo,1.5,31.6,24.5,28.05,2018,4,105,6
2018-04-16,Colombo,13.4,31.8,25.6,28.7,2018,4,106,0
2018-04-17,Colombo,1.9,32.4,24.7,28.55,2018,4,107,1
2018-04-18,Colombo,10.4,31.6,25.4,28.5,2018,4,108,2
2018-04-19,Colombo,0.0,31.9,24.2,28.05,2018,4,109,3
2018-04-20,Colombo,0.0,31.8,26.2,29.0,2018,4,110,4
2018-04-21,Colombo,0.0,32.4,25.6,29.0,2018,4,111,5
2018-04-22,Colombo,0.0,32.4,25.7,29.05,2018,4,112,6
2018-04-23,Colombo,0.0,32.5,26.0,29.25,2018,4,113,0
2018-04-24,Colombo,0.1,32.5,25.9,29.2,2018,4,114,1
2018-04-25,Colombo,44.9,32.3,26.1,29.2,2018,4,115,2
2018-04-26,Colombo,0.0,31.8,24.3,28.05,2018,4,116,3
2018-04-27,Colombo,49.8,32.4,25.3,28.85,2018,4,117,4
2018-04-28,Colombo,30.3,32.2,24.5,28.35,2018,4,118,5
2018-04-29,Colombo,0.0,31.8,24.2,28.0,2018,4,119,6
2018-04-30,Colombo,0.0,32.2,25.6,28.9,2018,4,120,0
2018-05-01,Colombo,0.0,33.2,27.1,30.15,2018,5,121,1
2018-05-02,Colombo,28.5,32.5,27.5,30.0,2018,5,122,2
2018-05-03,Colombo,17.8,32.5,24.0,28.25,2018,5,123,3
2018-05-04,Colombo,0.0,31.6,25.2,28.4,2018,5,124,4
2018-05-05,Colombo,4.5,32.2,26.2,29.2,2018,5,125,5
2018-05-06,Colombo,3.8,32.8,25.5,29.15,2018,5,126,6
2018-05-07,Colombo,1.0,31.6,26.5,29.05,2018,5,127,0
2018-05-08,Colombo,4.2,31.4,25.4,28.4,2018,5,128,1
2018-05-09,Colombo,0.0,31.2,25.5,28.35,2018,5,129,2
2018-05-10,Colombo,1.5,31.8,26.0,28.9,2018,5,130,3
2018-05-11,Colombo,13.5,31.7,25.4,28.55,2018,5,131,4
2018-05-12,Colombo,58.2,30.7,25.8,28.25,2018,5,132,5
2018-05-13,Colombo,0.1,29.7,24.3,27.0,2018,5,133,6
2018-05-14,Colombo,3.4,31.4,26.0,28.7,2018,5,134,0
2018-05-15,Colombo,0.0,31.6,25.3,28.45,2018,5,135,1
2018-05-16,Colombo,28.1,31.7,26.4,29.05,2018,5,136,2
2018-05-17,Colombo,48.1,29.4,25.1,27.25,2018,5,137,3
2018-05-18,Colombo,25.0,28.2,24.9,26.55,2018,5,138,4
2018-05-19,Colombo,25.9,31.1,24.1,27.6,2018,5,139,5
2018-05-20,Colombo,9.3,28.7,25.3,27.0,2018,5,140,6
2018-05-21,Colombo,5.4,29.8,25.5,27.65,2018,5,141,0
2018-05-22,Colombo,2.2,30.7,24.8,27.75,2018,5,142,1
2018-05-23,Colombo,55.8,28.4,26.8,27.6,2018,5,143,2
2018-05-24,Colombo,33.5,27.0,23.7,25.35,2018,5,144,3
2018-05-25,Colombo,2.5,29.2,24.7,26.95,2018,5,145,4
2018-05-26,Colombo,28.4,30.8,25.5,28.15,2018,5,146,5
2018-05-27,Colombo,8.3,29.7,25.1,27.4,2018,5,147,6
2018-05-28,Colombo,2.0,31.4,24.9,28.15,2018,5,148,0
2018-05-29,Colombo,2.8,31.8,26.9,29.35,2018,5,149,1
2018-05-30,Colombo,1.1,31.4,27.2,29.3,2018,5,150,2
2018-05-31,Colombo,6.8,31.2,28.1,29.65,2018,5,151,3
2018-06-01,Colombo,20.0,30.9,26.9,28.9,2018,6,152,4
2018-06-02,Colombo,7.7,30.4,25.6,28.0,2018,6,153,5
2018-06-03,Colombo,6.5,30.8,27.0,28.9,2018,6,154,6
2018-06-04,Colombo,2.1,30.4,25.9,28.15,2018,6,155,0
2018-06-05,Colombo,1.1,31.2,25.8,28.5,2018,6,156,1
2018-06-06,Colombo,8.2,30.3,27.1,28.7,2018,6,157,2
2018-06-07,Colombo,7.3,29.0,25.4,27.2,2018,6,158,3
2018-06-08,Colombo,0.6,31.3,26.3,28.8,2018,6,159,4
2018-06-09,Colombo,2.8,31.2,27.4,29.3,2018,6,160,5
2018-06-10,Colombo,4.4,31.2,27.6,29.4,2018,6,161,6
2018-06-11,Colombo,0.0,31.2,26.7,28.95,2018,6,162,0
2018-06-12,Colombo,0.0,30.4,27.6,29.0,2018,6,163,1
2018-06-13,Colombo,9.6,30.7,27.9,29.3,2018,6,164,2
2018-06-14,Colombo,4.8,30.1,25.5,27.8,2018,6,165,3
2018-06-15,Colombo,12.1,30.5,25.0,27.75,2018,6,166,4
2018-06-16,Colombo,17.6,29.0,25.6,27.3,2018,6,167,5
2018-06-17,Colombo,5.7,30.3,25.1,27.7,2018,6,168,6
2018-06-18,Colombo,1.3,30.8,25.6,28.2,2018,6,169,0
2018-06-19,Colombo,0.4,30.6,25.5,28.05,2018,6,170,1
2018-06-20,Colombo,4.3,30.6,27.0,28.8,2018,6,171,2
2018-06-21,Colombo,5.2,30.3,25.3,27.8,2018,6,172,3
2018-06-22,Colombo,2.1,30.7,25.1,27.9,2018,6,173,4
2018-06-23,Colombo,16.9,30.4,26.9,28.65,2018,6,174,5
2018-06-24,Colombo,13.1,30.4,24.3,27.35,2018,6,175,6
2018-06-25,Colombo,0.3,30.4,25.6,28.0,2018,6,176,0
2018-06-26,Colombo,1.4,30.6,27.3,28.95,2018,6,177,1
2018-06-27,Colombo,0.0,30.1,27.1,28.6,2018,6,178,2
2018-06-28,Colombo,0.3,30.6,26.8,28.7,2018,6,179,3
2018-06-29,Colombo,0.0,30.3,26.1,28.2,2018,6,180,4
2018-06-30,Colombo,0.0,30.6,26.3,28.45,2018,6,181,5
2018-07-01,Colombo,4.1,30.4,27.2,28.8,2018,7,182,6
2018-07-02,Colombo,0.0,30.3,26.7,28.5,2018,7,183,0
2018-07-03,Colombo,0.0,30.6,26.9,28.75,2018,7,184,1
2018-07-04,Colombo,0.0,30.9,27.6,29.25,2018,7,185,2
2018-07-05,Colombo,0.0,30.8,27.6,29.2,2018,7,186,3
2018-07-06,Colombo,0.0,30.4,27.5,28.95,2018,7,187,4
2018-07-07,Colombo,0.0,30.4,27.6,29.0,2018,7,188,5
2018-07-08,Colombo,0.0,30.7,27.6,29.15,2018,7,189,6
2018-07-09,Colombo,13.9,30.6,27.5,29.05,2018,7,190,0
2018-07-10,Colombo,33.5,29.1,25.0,27.05,2018,7,191,1
2018-07-11,Colombo,8.7,28.5,23.4,25.95,2018,7,192,2
2018-07-12,Colombo,0.0,30.1,23.9,27.0,2018,7,193,3
2018-07-13,Colombo,0.1,30.5,26.8,28.65,2018,7,194,4
2018-07-14,Colombo,0.0,30.4,26.3,28.35,2018,7,195,5
2018-07-15,Colombo,1.8,29.6,26.3,27.95,2018,7,196,6
2018-07-16,Colombo,0.0,28.3,25.7,27.0,2018,7,197,0
2018-07-17,Colombo,0.0,29.5,26.1,27.8,2018,7,198,1
2018-07-18,Colombo,0.0,29.9,26.2,28.05,2018,7,199,2
2018-07-19,Colombo,0.0,29.8,26.2,28.0,2018,7,200,3
2018-07-20,Colombo,0.0,29.8,26.0,27.9,2018,7,201,4
2018-07-21,Colombo,0.0,30.2,26.6,28.4,2018,7,202,5
2018-07-22,Colombo,0.0,29.9,26.6,28.25,2018,7,203,6
2018-07-23,Colombo,0.0,30.3,26.6,28.45,2018,7,204,0
2018-07-24,Colombo,0.0,29.9,26.7,28.3,2018,7,205,1
2018-07-25,Colombo,0.0,29.6,26.7,28.15,2018,7,206,2
2018-07-26,Colombo,0.0,29.8,26.7,28.25,2018,7,207,3
2018-07-27,Colombo,0.0,29.8,26.5,28.15,2018,7,208,4
2018-07-28,Colombo,0.0,30.0,26.6,28.3,2018,7,209,5
2018-07-29,Colombo,0.0,30.4,26.7,28.55,2018,7,210,6
2018-07-30,Colombo,0.0,30.5,26.9,28.7,2018,7,211,0
2018-07-31,Colombo,6.8,30.8,25.9,28.35,2018,7,212,1
2018-08-01,Colombo,1.1,30.2,26.2,28.2,2018,8,213,2
2018-08-02,Colombo,0.9,30.4,25.5,27.95,2018,8,214,3
2018-08-03,Colombo,0.0,30.9,26.8,28.85,2018,8,215,4
2018-08-04,Colombo,0.0,30.5,26.9,28.7,2018,8,216,5
2018-08-05,Colombo,0.0,31.0,26.9,28.95,2018,8,217,6
2018-08-06,Colombo,0.0,31.2,26.7,28.95,2018,8,218,0
2018-08-07,Colombo,7.4,30.6,26.5,28.55,2018,8,219,1
2018-08-08,Colombo,15.7,29.5,23.6,26.55,2018,8,220,2
2018-08-09,Colombo,0.0,29.3,23.5,26.4,2018,8,221,3
2018-08-10,Colombo,0.0,30.3,25.9,28.1,2018,8,222,4
2018-08-11,Colombo,0.0,30.1,26.7,28.4,2018,8,223,5
2018-08-12,Colombo,0.4,30.1,26.4,28.25,2018,8,224,6
2018-08-13,Colombo,4.1,30.8,26.4,28.6,2018,8,225,0
2018-08-14,Colombo,18.8,29.9,26.0,27.95,2018,8,226,1
2018-08-15,Colombo,8.6,29.0,23.9,26.45,2018,8,227,2
2018-08-16,Colombo,6.9,29.6,24.3,26.95,2018,8,228,3
2018-08-17,Colombo,0.0,29.2,24.2,26.7,2018,8,229,4
2018-08-18,Colombo,0.0,28.6,25.6,27.1,2018,8,230,5
2018-08-19,Colombo,0.0,28.7,25.6,27.15,2018,8,231,6
2018-08-20,Colombo,0.0,29.0,25.9,27.45,2018,8,232,0
2018-08-21,Colombo,0.0,29.2,25.9,27.55,2018,8,233,1
2018-08-22,Colombo,0.0,29.3,26.0,27.65,2018,8,234,2
2018-08-23,Colombo,0.0,29.4,26.0,27.7,2018,8,235,3
2018-08-24,Colombo,0.0,29.3,26.0,27.65,2018,8,236,4
2018-08-25,Colombo,0.0,28.4,25.7,27.05,2018,8,237,5
2018-08-26,Colombo,0.0,29.3,25.9,27.6,2018,8,238,6
2018-08-27,Colombo,0.0,29.9,25.8,27.85,2018,8,239,0
2018-08-28,Colombo,0.0,29.6,25.5,27.55,2018,8,240,1
2018-08-29,Colombo,0.0,29.7,26.0,27.85,2018,8,241,2
2018-08-30,Colombo,0.0,30.2,26.1,28.15,2018,8,242,3
2018-08-31,Colombo,0.0,29.9,26.4,28.15,2018,8,243,4
2018-09-01,Colombo,0.0,30.2,26.0,28.1,2018,9,244,5
2018-09-02,Colombo,0.0,30.6,24.5,27.55,2018,9,245,6
2018-09-03,Colombo,0.0,30.6,26.1,28.35,2018,9,246,0
2018-09-04,Colombo,0.0,30.4,25.6,28.0,2018,9,247,1
2018-09-05,Colombo,0.0,30.2,25.6,27.9,2018,9,248,2
2018-09-06,Colombo,0.0,30.8,26.3,28.55,2018,9,249,3
2018-09-07,Colombo,0.0,31.0,27.0,29.0,2018,9,250,4
2018-09-08,Colombo,0.0,30.7,26.6,28.65,2018,9,251,5
2018-09-09,Colombo,0.0,31.3,24.7,28.0,2018,9,252,6
2018-09-10,Colombo,0.0,31.1,25.4,28.25,2018,9,253,0
2018-09-11,Colombo,0.0,31.2,25.9,28.55,2018,9,254,1
2018-09-12,Colombo,0.0,31.9,25.6,28.75,2018,9,255,2
2018-09-13,Colombo,0.0,31.4,26.5,28.95,2018,9,256,3
2018-09-14,Colombo,0.0,31.6,26.4,29.0,2018,9,257,4
2018-09-15,Colombo,0.0,31.3,26.1,28.7,2018,9,258,5
2018-09-16,Colombo,0.4,31.7,26.0,28.85,2018,9,259,6
2018-09-17,Colombo,7.8,31.4,27.3,29.35,2018,9,260,0
2018-09-18,Colombo,0.6,30.6,24.7,27.65,2018,9,261,1
2018-09-19,Colombo,0.0,31.9,27.3,29.6,2018,9,262,2
2018-09-20,Colombo,16.3,31.3,27.6,29.45,2018,9,263,3
2018-09-21,Colombo,17.7,29.2,25.8,27.5,2018,9,264,4
2018-09-22,Colombo,8.0,31.3,24.5,27.9,2018,9,265,5
2018-09-23,Colombo,114.1,31.4,25.1,28.25,2018,9,266,6
2018-09-24,Colombo,85.4,29.3,23.4,26.35,2018,9,267,0
2018-09-25,Colombo,1.8,30.5,24.0,27.25,2018,9,268,1
2018-09-26,Colombo,0.0,31.3,24.7,28.0,2018,9,269,2
2018-09-27,Colombo,0.0,31.2,25.2,28.2,2018,9,270,3
2018-09-28,Colombo,4.3,30.6,25.4,28.0,2018,9,271,4
2018-09-29,Colombo,5.4,29.6,25.0,27.3,2018,9,272,5
2018-09-30,Colombo,1.9,30.6,24.6,27.6,2018,9,273,6
2018-10-01,Colombo,67.6,30.6,24.6,27.6,2018,10,274,0
2018-10-02,Colombo,4.2,31.3,24.0,27.65,2018,10,275,1
2018-10-03,Colombo,0.0,30.2,23.8,27.0,2018,10,276,2
2018-10-04,Colombo,0.2,30.9,25.2,28.05,2018,10,277,3
2018-10-05,Colombo,16.7,31.0,25.2,28.1,2018,10,278,4
2018-10-06,Colombo,119.8,27.3,25.3,26.3,2018,10,279,5
2018-10-07,Colombo,5.0,29.6,24.0,26.8,2018,10,280,6
2018-10-08,Colombo,66.5,27.0,24.7,25.85,2018,10,281,0
2018-10-09,Colombo,2.1,27.7,24.3,26.0,2018,10,282,1
2018-10-10,Colombo,0.2,30.2,24.3,27.25,2018,10,283,2
2018-10-11,Colombo,0.0,30.9,25.3,28.1,2018,10,284,3
2018-10-12,Colombo,0.5,30.3,25.4,27.85,2018,10,285,4
2018-10-13,Colombo,4.2,30.7,24.6,27.65,2018,10,286,5
2018-10-14,Colombo,0.0,30.5,24.1,27.3,2018,10,287,6
2018-10-15,Colombo,1.1,30.3,25.4,27.85,2018,10,288,0
2018-10-16,Colombo,3.8,30.6,25.5,28.05,2018,10,289,1
2018-10-17,Colombo,0.8,29.0,23.5,26.25,2018,10,290,2
2018-10-18,Colombo,8.4,30.9,23.5,27.2,2018,10,291,3
2018-10-19,Colombo,19.1,30.5,24.5,27.5,2018,10,292,4
2018-10-20,Colombo,26.8,29.7,23.5,26.6,2018,10,293,5
2018-10-21,Colombo,46.6,30.2,23.5,26.85,2018,10,294,6
2018-10-22,Colombo,74.1,30.3,24.7,27.5,2018,10,295,0
2018-10-23,Colombo,42.9,30.6,23.8,27.2,2018,10,296,1
2018-10-24,Colombo,16.9,30.8,24.3,27.55,2018,10,297,2
2018-10-25,Colombo,2.3,30.6,24.5,27.55,2018,10,298,3
2018-10-26,Colombo,7.2,30.7,23.8,27.25,2018,10,299,4
2018-10-27,Colombo,0.1,31.9,24.2,28.05,2018,10,300,5
2018-10-28,Colombo,0.0,31.9,25.1,28.5,2018,10,301,6
2018-10-29,Colombo,0.0,30.9,25.8,28.35,2018,10,302,0
2018-10-30,Colombo,0.0,30.7,25.3,28.0,2018,10,303,1
2018-10-31,Colombo,2.6,30.8,26.7,28.75,2018,10,304,2
2018-11-01,Colombo,3.8,26.9,24.1,25.5,2018,11,305,3
2018-11-02,Colombo,21.8,31.2,24.1,27.65,2018,11,306,4
2018-11-03,Colombo,5.2,30.8,24.1,27.45,2018,11,307,5
2018-11-04,Colombo,0.0,31.4,24.3,27.85,2018,11,308,6
2018-11-05,Colombo,45.8,29.3,25.1,27.2,2018,11,309,0
2018-11-06,Colombo,1.0,26.4,22.5,24.45,2018,11,310,1
2018-11-07,Colombo,39.8,30.2,23.3,26.75,2018,11,311,2
2018-11-08,Colombo,14.6,30.2,24.5,27.35,2018,11,312,3
2018-11-09,Colombo,1.1,30.0,24.1,27.05,2018,11,313,4
2018-11-10,Colombo,0.0,32.7,23.5,28.1,2018,11,314,5
2018-11-11,Colombo,0.0,30.7,22.9,26.8,2018,11,315,6
2018-11-12,Colombo,0.0,30.7,24.0,27.35,2018,11,316,0
2018-11-13,Colombo,0.0,30.5,23.7,27.1,2018,11,317,1
2018-11-14,Colombo,0.0,31.1,24.0,27.55,2018,11,318,2
2018-11-15,Colombo,0.0,31.2,24.3,27.75,2018,11,319,3
2018-11-16,Colombo,0.0,31.2,25.6,28.4,2018,11,320,4
2018-11-17,Colombo,0.8,31.2,25.2,28.2,2018,11,321,5
2018-11-18,Colombo,3.6,30.7,23.8,27.25,2018,11,322,6
2018-11-19,Colombo,57.8,31.2,24.1,27.65,2018,11,323,0
2018-11-20,Colombo,2.1,28.9,23.9,26.4,2018,11,324,1
2018-11-21,Colombo,0.0,30.5,24.5,27.5,2018,11,325,2
2018-11-22,Colombo,0.0,31.2,24.1,27.65,2018,11,326,3
2018-11-23,Colombo,30.4,31.8,25.5,28.65,2018,11,327,4
2018-11-24,Colombo,25.5,31.4,23.6,27.5,2018,11,328,5
2018-11-25,Colombo,0.1,31.8,23.7,27.75,2018,11,329,6
2018-11-26,Colombo,0.0,32.1,24.2,28.15,2018,11,330,0
2018-11-27,Colombo,0.0,31.3,24.3,27.8,2018,11,331,1
2018-11-28,Colombo,125.9,30.9,25.3,28.1,2018,11,332,2
2018-11-29,Colombo,39.8,30.2,23.8,27.0,2018,11,333,3
2018-11-30,Colombo,1.6,31.4,23.7,27.55,2018,11,334,4
2018-12-01,Colombo,0.0,31.7,23.1,27.4,2018,12,335,5
2018-12-02,Colombo,0.0,32.4,23.2,27.8,2018,12,336,6
2018-12-03,Colombo,11.3,31.7,24.3,28.0,2018,12,337,0
2018-12-04,Colombo,10.8,31.2,23.7,27.45,2018,12,338,1
2018-12-05,Colombo,11.1,31.8,24.6,28.2,2018,12,339,2
2018-12-06,Colombo,0.0,31.3,24.2,27.75,2018,12,340,3
2018-12-07,Colombo,0.0,32.4,23.9,28.15,2018,12,341,4
2018-12-08,Colombo,0.0,33.5,24.7,29.1,2018,12,342,5
2018-12-09,Colombo,0.0,31.6,25.1,28.35,2018,12,343,6
2018-12-10,Colombo,0.0,32.5,24.6,28.55,2018,12,344,0
2018-12-11,Colombo,0.0,31.3,23.8,27.55,2018,12,345,1
2018-12-12,Colombo,0.0,30.8,22.6,26.7,2018,12,346,2
2018-12-13,Colombo,0.0,30.8,24.1,27.45,2018,12,347,3
2018-12-14,Colombo,0.0,30.6,23.4,27.0,2018,12,348,4
2018-12-15,Colombo,0.0,30.2,24.0,27.1,2018,12,349,5
2018-12-16,Colombo,0.0,30.2,24.1,27.15,2018,12,350,6
2018-12-17,Colombo,0.0,31.3,21.4,26.35,2018,12,351,0
2018-12-18,Colombo,0.0,29.7,23.1,26.4,2018,12,352,1
2018-12-19,Colombo,0.0,31.2,24.1,27.65,2018,12,353,2
2018-12-20,Colombo,0.0,31.6,24.1,27.85,2018,12,354,3
2018-12-21,Colombo,0.1,31.1,25.0,28.05,2018,12,355,4
2018-12-22,Colombo,0.0,28.9,24.1,26.5,2018,12,356,5
2018-12-23,Colombo,33.7,31.2,23.8,27.5,2018,12,357,6
2018-12-24,Colombo,26.4,30.7,23.5,27.1,2018,12,358,0
2018-12-25,Colombo,46.1,31.3,24.0,27.65,2018,12,359,1
2018-12-26,Colombo,0.0,30.3,24.6,27.45,2018,12,360,2
2018-12-27,Colombo,0.0,31.4,23.6,27.5,2018,12,361,3
2018-12-28,Colombo,0.0,30.2,23.5,26.85,2018,12,362,4
2018-12-29,Colombo,0.0,31.4,23.9,27.65,2018,12,363,5
2018-12-30,Colombo,0.0,32.8,23.0,27.9,2018,12,364,6
2018-12-31,Colombo,0.0,31.4,23.5,27.45,2018,12,365,0
2019-01-01,Colombo,0.0,31.7,23.4,27.55,2019,1,1,1
2019-01-02,Colombo,0.0,31.4,23.1,27.25,2019,1,2,2
2019-01-03,Colombo,0.0,32.1,23.1,27.6,2019,1,3,3
2019-01-04,Colombo,0.0,32.6,22.5,27.55,2019,1,4,4
2019-01-05,Colombo,0.0,32.3,23.5,27.9,2019,1,5,5
2019-01-06,Colombo,0.0,30.9,22.8,26.85,2019,1,6,6
2019-01-07,Colombo,0.0,30.5,22.8,26.65,2019,1,7,0
2019-01-08,Colombo,0.0,32.3,23.6,27.95,2019,1,8,1
2019-01-09,Colombo,0.0,33.3,23.8,28.55,2019,1,9,2
2019-01-10,Colombo,0.0,31.2,24.0,27.6,2019,1,10,3
2019-01-11,Colombo,0.0,31.9,24.8,28.35,2019,1,11,4
2019-01-12,Colombo,0.0,32.4,24.5,28.45,2019,1,12,5
2019-01-13,Colombo,13.3,31.2,24.2,27.7,2019,1,13,6
2019-01-14,Colombo,1.6,31.6,24.1,27.85,2019,1,14,0
2019-01-15,Colombo,0.0,31.8,23.9,27.85,2019,1,15,1
2019-01-16,Colombo,0.0,33.1,24.3,28.7,2019,1,16,2
2019-01-17,Colombo,0.0,32.8,23.2,28.0,2019,1,17,3
2019-01-18,Colombo,0.0,31.1,23.1,27.1,2019,1,18,4
2019-01-19,Colombo,0.0,29.6,22.2,25.9,2019,1,19,5
2019-01-20,Colombo,0.0,31.3,22.3,26.8,2019,1,20,6
2019-01-21,Colombo,0.0,30.9,22.7,26.8,2019,1,21,0
2019-01-22,Colombo,0.0,31.2,22.6,26.9,2019,1,22,1
2019-01-23,Colombo,0.0,30.4,22.5,26.45,2019,1,23,2
2019-01-24,Colombo,0.0,32.3,24.4,28.35,2019,1,24,3
2019-01-25,Colombo,0.0,31.2,25.4,28.3,2019,1,25,4
2019-01-26,Colombo,0.5,31.8,24.9,28.35,2019,1,26,5
2019-01-27,Colombo,0.0,30.5,24.3,27.4,2019,1,27,6
2019-01-28,Colombo,0.0,30.7,24.1,27.4,2019,1,28,0
2019-01-29,Colombo,0.0,32.1,22.9,27.5,2019,1,29,1
2019-01-30,Colombo,0.0,33.9,23.2,28.55,2019,1,30,2
2019-01-31,Colombo,0.0,34.2,23.4,28.8,2019,1,31,3
2019-02-01,Colombo,0.0,32.6,24.5,28.55,2019,2,32,4
2019-02-02,Colombo,0.0,32.5,24.5,28.5,2019,2,33,5
2019-02-03,Colombo,0.0,31.8,25.4,28.6,2019,2,34,6
2019-02-04,Colombo,70.6,33.1,25.5,29.3,2019,2,35,0
2019-02-05,Colombo,2.4,31.8,24.1,27.95,2019,2,36,1
2019-02-06,Colombo,0.0,31.4,24.6,28.0,2019,2,37,2
2019-02-07,Colombo,0.0,31.2,24.0,27.6,2019,2,38,3
2019-02-08,Colombo,21.5,31.5,26.1,28.8,2019,2,39,4
2019-02-09,Colombo,36.7,30.3,25.4,27.85,2019,2,40,5
2019-02-10,Colombo,0.0,30.6,23.5,27.05,2019,2,41,6
2019-02-11,Colombo,0.0,33.1,24.4,28.75,2019,2,42,0
2019-02-12,Colombo,0.0,33.8,24.3,29.05,2019,2,43,1
2019-02-13,Colombo,0.0,34.2,25.0,29.6,2019,2,44,2
2019-02-14,Colombo,12.5,33.3,25.0,29.15,2019,2,45,3
2019-02-15,Colombo,0.1,30.7,25.4,28.05,2019,2,46,4
2019-02-16,Colombo,0.0,31.3,25.1,28.2,2019,2,47,5
2019-02-17,Colombo,0.0,31.3,24.2,27.75,2019,2,48,6
2019-02-18,Colombo,0.0,31.0,26.1,28.55,2019,2,49,0
2019-02-19,Colombo,13.2,32.2,25.5,28.85,2019,2,50,1
2019-02-20,Colombo,0.0,32.3,24.4,28.35,2019,2,51,2
2019-02-21,Colombo,0.0,32.9,24.0,28.45,2019,2,52,3
2019-02-22,Colombo,0.0,34.8,24.7,29.75,2019,2,53,4
2019-02-23,Colombo,0.0,31.0,23.4,27.2,2019,2,54,5
2019-02-24,Colombo,0.0,30.5,23.8,27.15,2019,2,55,6
2019-02-25,Colombo,0.0,31.6,24.8,28.2,2019,2,56,0
2019-02-26,Colombo,0.0,31.5,25.6,28.55,2019,2,57,1
2019-02-27,Colombo,0.0,31.1,26.1,28.6,2019,2,58,2
2019-02-28,Colombo,0.0,31.2,25.2,28.2,2019,2,59,3
2019-03-01,Colombo,0.0,31.4,25.9,28.65,2019,3,60,4
2019-03-02,Colombo,0.0,31.7,25.1,28.4,2019,3,61,5
2019-03-03,Colombo,0.2,33.4,25.1,29.25,2019,3,62,6
2019-03-04,Colombo,4.4,30.9,24.0,27.45,2019,3,63,0
2019-03-05,Colombo,0.0,31.4,25.5,28.45,2019,3,64,1
2019-03-06,Colombo,0.0,31.5,27.2,29.35,2019,3,65,2
2019-03-07,Colombo,0.0,31.5,26.1,28.8,2019,3,66,3
2019-03-08,Colombo,0.0,32.0,26.0,29.0,2019,3,67,4
2019-03-09,Colombo,0.0,31.6,25.9,28.75,2019,3,68,5
2019-03-10,Colombo,0.0,32.2,24.4,28.3,2019,3,69,6
2019-03-11,Colombo,0.0,31.8,24.8,28.3,2019,3,70,0
2019-03-12,Colombo,0.0,31.8,25.0,28.4,2019,3,71,1
2019-03-13,Colombo,0.0,32.3,25.2,28.75,2019,3,72,2
2019-03-14,Colombo,0.0,32.5,26.2,29.35,2019,3,73,3
2019-03-15,Colombo,0.0,32.6,26.0,29.3,2019,3,74,4
2019-03-16,Colombo,0.2,33.3,25.6,29.45,2019,3,75,5
2019-03-17,Colombo,11.8,32.6,25.7,29.15,2019,3,76,6
2019-03-18,Colombo,23.2,32.3,25.1,28.7,2019,3,77,0
2019-03-19,Colombo,0.0,31.9,23.3,27.6,2019,3,78,1
2019-03-20,Colombo,0.0,32.6,25.3,28.95,2019,3,79,2
2019-03-21,Colombo,0.0,32.5,25.7,29.1,2019,3,80,3
2019-03-22,Colombo,1.6,32.8,25.4,29.1,2019,3,81,4
2019-03-23,Colombo,0.0,32.4,26.5,29.45,2019,3,82,5
2019-03-24,Colombo,0.0,32.7,24.6,28.65,2019,3,83,6
2019-03-25,Colombo,0.0,32.1,25.9,29.0,2019,3,84,0
2019-03-26,Colombo,0.0,32.5,25.6,29.05,2019,3,85,1
2019-03-27,Colombo,0.0,32.6,25.3,28.95,2019,3,86,2
2019-03-28,Colombo,0.0,33.3,25.5,29.4,2019,3,87,3
2019-03-29,Colombo,0.0,32.6,25.1,28.85,2019,3,88,4
2019-03-30,Colombo,0.0,32.4,25.8,29.1,2019,3,89,5
2019-03-31,Colombo,0.0,32.2,25.6,28.9,2019,3,90,6
2019-04-01,Colombo,0.0,32.4,25.5,28.95,2019,4,91,0
2019-04-02,Colombo,0.0,32.5,25.4,28.95,2019,4,92,1
2019-04-03,Colombo,0.0,32.6,25.9,29.25,2019,4,93,2
2019-04-04,Colombo,0.0,33.2,25.9,29.55,2019,4,94,3
2019-04-05,Colombo,0.0,33.2,26.1,29.65,2019,4,95,4
2019-04-06,Colombo,0.0,33.2,25.6,29.4,2019,4,96,5
2019-04-07,Colombo,0.0,33.1,26.8,29.95,2019,4,97,6
2019-04-08,Colombo,0.0,33.2,27.1,30.15,2019,4,98,0
2019-04-09,Colombo,0.0,33.6,27.0,30.3,2019,4,99,1
2019-04-10,Colombo,0.0,33.4,26.2,29.8,2019,4,100,2
2019-04-11,Colombo,0.0,33.1,27.3,30.2,2019,4,101,3
2019-04-12,Colombo,4.8,33.6,26.1,29.85,2019,4,102,4
2019-04-13,Colombo,0.2,33.6,26.5,30.05,2019,4,103,5
2019-04-14,Colombo,16.2,33.6,26.8,30.2,2019,4,104,6
2019-04-15,Colombo,4.4,32.9,25.9,29.4,2019,4,105,0
2019-04-16,Colombo,25.1,32.6,25.1,28.85,2019,4,106,1
2019-04-17,Colombo,25.2,33.4,25.6,29.5,2019,4,107,2
2019-04-18,Colombo,5.5,32.4,24.2,28.3,2019,4,108,3
2019-04-19,Colombo,0.0,32.0,26.3,29.15,2019,4,109,4
2019-04-20,Colombo,10.4,32.6,25.7,29.15,2019,4,110,5
2019-04-21,Colombo,0.0,32.4,25.1,28.75,2019,4,111,6
2019-04-22,Colombo,0.5,32.8,25.3,29.05,2019,4,112,0
2019-04-23,Colombo,21.9,33.0,25.3,29.15,2019,4,113,1
2019-04-24,Colombo,0.0,32.6,24.5,28.55,2019,4,114,2
2019-04-25,Colombo,52.0,34.4,25.7,30.05,2019,4,115,3
2019-04-26,Colombo,0.0,31.4,23.8,27.6,2019,4,116,4
2019-04-27,Colombo,0.0,31.5,26.8,29.15,2019,4,117,5
2019-04-28,Colombo,13.0,32.6,27.0,29.8,2019,4,118,6
2019-04-29,Colombo,4.8,31.3,24.6,27.95,2019,4,119,0
2019-04-30,Colombo,9.8,30.6,25.3,27.95,2019,4,120,1
2019-05-01,Colombo,0.9,32.8,26.5,29.65,2019,5,121,2
2019-05-02,Colombo,0.7,30.8,26.6,28.7,2019,5,122,3
2019-05-03,Colombo,0.6,30.4,27.9,29.15,2019,5,123,4
2019-05-04,Colombo,0.0,33.1,26.1,29.6,2019,5,124,5
2019-05-05,Colombo,0.0,32.5,26.6,29.55,2019,5,125,6
2019-05-06,Colombo,0.0,32.2,26.6,29.4,2019,5,126,0
2019-05-07,Colombo,0.0,32.6,26.4,29.5,2019,5,127,1
2019-05-08,Colombo,0.0,32.4,28.7,30.55,2019,5,128,2
2019-05-09,Colombo,0.0,32.7,28.3,30.5,2019,5,129,3
2019-05-10,Colombo,0.0,32.3,28.2,30.25,2019,5,130,4
2019-05-11,Colombo,10.4,32.4,27.8,30.1,2019,5,131,5
2019-05-12,Colombo,0.5,32.0,25.6,28.8,2019,5,132,6
2019-05-13,Colombo,8.5,32.2,27.8,30.0,2019,5,133,0
2019-05-14,Colombo,0.0,32.2,27.4,29.8,2019,5,134,1
2019-05-15,Colombo,0.0,32.4,26.7,29.55,2019,5,135,2
2019-05-16,Colombo,0.0,32.4,27.4,29.9,2019,5,136,3
2019-05-17,Colombo,0.0,32.2,26.1,29.15,2019,5,137,4
2019-05-18,Colombo,1.0,32.4,26.4,29.4,2019,5,138,5
2019-05-19,Colombo,0.0,32.5,25.7,29.1,2019,5,139,6
2019-05-20,Colombo,0.0,32.4,27.2,29.8,2019,5,140,0
2019-05-21,Colombo,42.2,32.7,26.5,29.6,2019,5,141,1
2019-05-22,Colombo,1.9,29.4,24.4,26.9,2019,5,142,2
2019-05-23,Colombo,38.0,32.5,24.6,28.55,2019,5,143,3
2019-05-24,Colombo,11.7,30.5,24.2,27.35,2019,5,144,4
2019-05-25,Colombo,0.8,30.4,25.0,27.7,2019,5,145,5
2019-05-26,Colombo,2.6,31.1,25.3,28.2,2019,5,146,6
2019-05-27,Colombo,0.0,31.9,26.6,29.25,2019,5,147,0
2019-05-28,Colombo,2.1,32.4,28.4,30.4,2019,5,148,1
2019-05-29,Colombo,3.4,32.5,28.4,30.45,2019,5,149,2
2019-05-30,Colombo,1.6,32.2,26.6,29.4,2019,5,150,3
2019-05-31,Colombo,0.0,31.7,26.3,29.0,2019,5,151,4
2019-06-01,Colombo,1.2,32.2,25.2,28.7,2019,6,152,5
2019-06-02,Colombo,3.1,31.9,27.6,29.75,2019,6,153,6
2019-06-03,Colombo,16.2,32.2,26.9,29.55,2019,6,154,0
2019-06-04,Colombo,2.9,31.8,24.4,28.1,2019,6,155,1
2019-06-05,Colombo,1.9,31.5,25.4,28.45,2019,6,156,2
2019-06-06,Colombo,10.0,31.7,26.6,29.15,2019,6,157,3
2019-06-07,Colombo,11.3,31.1,26.6,28.85,2019,6,158,4
2019-06-08,Colombo,2.0,31.7,25.0,28.35,2019,6,159,5
2019-06-09,Colombo,73.9,31.7,24.9,28.3,2019,6,160,6
2019-06-10,Colombo,10.0,28.0,23.6,25.8,2019,6,161,0
2019-06-11,Colombo,33.0,31.3,24.6,27.95,2019,6,162,1
2019-06-12,Colombo,13.2,31.1,24.5,27.8,2019,6,163,2
2019-06-13,Colombo,16.8,30.5,24.9,27.7,2019,6,164,3
2019-06-14,Colombo,41.0,31.3,23.2,27.25,2019,6,165,4
2019-06-15,Colombo,0.0,31.7,24.0,27.85,2019,6,166,5
2019-06-16,Colombo,4.5,31.4,27.0,29.2,2019,6,167,6
2019-06-17,Colombo,0.3,31.5,27.7,29.6,2019,6,168,0
2019-06-18,Colombo,0.0,32.1,28.3,30.2,2019,6,169,1
2019-06-19,Colombo,0.0,32.2,28.3,30.25,2019,6,170,2
2019-06-20,Colombo,0.5,31.4,28.5,29.95,2019,6,171,3
2019-06-21,Colombo,2.0,30.7,27.4,29.05,2019,6,172,4
2019-06-22,Colombo,7.0,31.1,25.4,28.25,2019,6,173,5
2019-06-23,Colombo,0.0,31.4,24.6,28.0,2019,6,174,6
2019-06-24,Colombo,6.3,31.4,26.5,28.95,2019,6,175,0
2019-06-25,Colombo,0.0,31.4,27.1,29.25,2019,6,176,1
2019-06-26,Colombo,0.1,31.7,27.8,29.75,2019,6,177,2
2019-06-27,Colombo,0.0,31.8,27.6,29.7,2019,6,178,3
2019-06-28,Colombo,0.0,31.8,27.8,29.8,2019,6,179,4
2019-06-29,Colombo,0.0,31.8,28.0,29.9,2019,6,180,5
2019-06-30,Colombo,0.0,31.6,27.9,29.75,2019,6,181,6
2019-07-01,Colombo,0.4,31.8,27.9,29.85,2019,7,182,0
2019-07-02,Colombo,0.7,31.6,27.7,29.65,2019,7,183,1
2019-07-03,Colombo,0.3,31.8,26.4,29.1,2019,7,184,2
2019-07-04,Colombo,0.0,32.1,26.9,29.5,2019,7,185,3
2019-07-05,Colombo,0.0,32.4,26.6,29.5,2019,7,186,4
2019-07-06,Colombo,0.0,32.3,27.7,30.0,2019,7,187,5
2019-07-07,Colombo,0.0,32.6,27.1,29.85,2019,7,188,6
2019-07-08,Colombo,7.2,32.1,26.4,29.25,2019,7,189,0
2019-07-09,Colombo,43.9,31.8,26.1,28.95,2019,7,190,1
2019-07-10,Colombo,3.6,30.9,24.2,27.55,2019,7,191,2
2019-07-11,Colombo,0.0,31.3,25.0,28.15,2019,7,192,3
2019-07-12,Colombo,45.6,31.9,25.8,28.85,2019,7,193,4
2019-07-13,Colombo,10.7,28.8,24.3,26.55,2019,7,194,5
2019-07-14,Colombo,17.6,30.8,24.0,27.4,2019,7,195,6
2019-07-15,Colombo,0.4,31.2,24.2,27.7,2019,7,196,0
2019-07-16,Colombo,0.9,31.3,26.5,28.9,2019,7,197,1
2019-07-17,Colombo,0.6,31.4,27.3,29.35,2019,7,198,2
2019-07-18,Colombo,1.4,29.4,27.0,28.2,2019,7,199,3
2019-07-19,Colombo,0.0,30.4,26.5,28.45,2019,7,200,4
2019-07-20,Colombo,0.0,30.3,25.9,28.1,2019,7,201,5
2019-07-21,Colombo,0.0,30.3,26.6,28.45,2019,7,202,6
2019-07-22,Colombo,0.0,30.2,26.7,28.45,2019,7,203,0
2019-07-23,Colombo,0.0,30.4,25.9,28.15,2019,7,204,1
2019-07-24,Colombo,0.8,30.8,25.4,28.1,2019,7,205,2
2019-07-25,Colombo,0.0,30.8,25.6,28.2,2019,7,206,3
2019-07-26,Colombo,1.7,30.4,26.7,28.55,2019,7,207,4
2019-07-27,Colombo,0.0,30.7,26.7,28.7,2019,7,208,5
2019-07-28,Colombo,0.0,31.3,27.1,29.2,2019,7,209,6
2019-07-29,Colombo,0.0,30.8,27.0,28.9,2019,7,210,0
2019-07-30,Colombo,0.0,31.1,25.6,28.35,2019,7,211,1
2019-07-31,Colombo,0.3,31.2,26.0,28.6,2019,7,212,2
2019-08-01,Colombo,6.0,31.4,27.6,29.5,2019,8,213,3
2019-08-02,Colombo,0.0,30.8,25.9,28.35,2019,8,214,4
2019-08-03,Colombo,2.4,31.5,27.6,29.55,2019,8,215,5
2019-08-04,Colombo,0.4,31.3,25.7,28.5,2019,8,216,6
2019-08-05,Colombo,1.0,32.1,27.5,29.8,2019,8,217,0
2019-08-06,Colombo,0.2,32.1,27.4,29.75,2019,8,218,1
2019-08-07,Colombo,31.3,31.6,27.7,29.65,2019,8,219,2
2019-08-08,Colombo,5.7,29.6,23.3,26.45,2019,8,220,3
2019-08-09,Colombo,4.8,28.3,23.4,25.85,2019,8,221,4
2019-08-10,Colombo,56.4,28.8,24.2,26.5,2019,8,222,5
2019-08-11,Colombo,0.0,30.3,23.6,26.95,2019,8,223,6
2019-08-12,Colombo,0.0,29.6,25.4,27.5,2019,8,224,0
2019-08-13,Colombo,4.0,29.6,27.0,28.3,2019,8,225,1
2019-08-14,Colombo,0.0,30.0,25.4,27.7,2019,8,226,2
2019-08-15,Colombo,0.0,30.3,26.7,28.5,2019,8,227,3
2019-08-16,Colombo,0.1,30.4,27.2,28.8,2019,8,228,4
2019-08-17,Colombo,0.8,30.3,26.7,28.5,2019,8,229,5
2019-08-18,Colombo,0.1,30.7,25.8,28.25,2019,8,230,6
2019-08-19,Colombo,5.8,30.7,25.6,28.15,2019,8,231,0
2019-08-20,Colombo,2.8,30.5,25.5,28.0,2019,8,232,1
2019-08-21,Colombo,15.6,30.7,24.4,27.55,2019,8,233,2
2019-08-22,Colombo,16.3,27.8,23.9,25.85,2019,8,234,3
2019-08-23,Colombo,16.1,28.2,23.4,25.8,2019,8,235,4
2019-08-24,Colombo,10.6,30.7,23.9,27.3,2019,8,236,5
2019-08-25,Colombo,51.5,30.2,24.9,27.55,2019,8,237,6
2019-08-26,Colombo,2.6,29.2,23.3,26.25,2019,8,238,0
2019-08-27,Colombo,20.2,30.1,24.4,27.25,2019,8,239,1
2019-08-28,Colombo,20.8,30.5,24.6,27.55,2019,8,240,2
2019-08-29,Colombo,2.0,30.4,24.3,27.35,2019,8,241,3
2019-08-30,Colombo,0.0,30.1,25.2,27.65,2019,8,242,4
2019-08-31,Colombo,10.9,31.1,25.7,28.4,2019,8,243,5
2019-09-01,Colombo,44.7,30.5,24.9,27.7,2019,9,244,6
2019-09-02,Colombo,1.1,30.7,24.8,27.75,2019,9,245,0
2019-09-03,Colombo,2.1,30.9,25.8,28.35,2019,9,246,1
2019-09-04,Colombo,3.1,30.8,26.0,28.4,2019,9,247,2
2019-09-05,Colombo,4.5,30.5,26.9,28.7,2019,9,248,3
2019-09-06,Colombo,0.0,31.3,25.7,28.5,2019,9,249,4
2019-09-07,Colombo,0.0,31.3,27.1,29.2,2019,9,250,5
2019-09-08,Colombo,0.0,31.3,27.2,29.25,2019,9,251,6
2019-09-09,Colombo,2.6,30.9,27.6,29.25,2019,9,252,0
2019-09-10,Colombo,0.4,31.2,26.5,28.85,2019,9,253,1
2019-09-11,Colombo,53.4,29.2,27.1,28.15,2019,9,254,2
2019-09-12,Colombo,6.3,27.3,23.8,25.55,2019,9,255,3
2019-09-13,Colombo,2.4,30.5,24.1,27.3,2019,9,256,4
2019-09-14,Colombo,13.0,30.5,24.4,27.45,2019,9,257,5
2019-09-15,Colombo,96.9,29.1,24.6,26.85,2019,9,258,6
2019-09-16,Colombo,29.7,27.8,23.4,25.6,2019,9,259,0
2019-09-17,Colombo,6.7,29.7,23.6,26.65,2019,9,260,1
2019-09-18,Colombo,6.7,31.2,25.6,28.4,2019,9,261,2
2019-09-19,Colombo,9.4,30.7,25.3,28.0,2019,9,262,3
2019-09-20,Colombo,1.9,30.5,24.3,27.4,2019,9,263,4
2019-09-21,Colombo,9.5,30.3,24.7,27.5,2019,9,264,5
2019-09-22,Colombo,5.5,29.7,24.2,26.95,2019,9,265,6
2019-09-23,Colombo,148.3,28.0,25.5,26.75,2019,9,266,0
2019-09-24,Colombo,97.9,26.0,22.9,24.45,2019,9,267,1
2019-09-25,Colombo,17.0,27.5,23.2,25.35,2019,9,268,2
2019-09-26,Colombo,0.0,30.4,22.2,26.3,2019,9,269,3
2019-09-27,Colombo,1.4,32.1,24.1,28.1,2019,9,270,4
2019-09-28,Colombo,33.8,30.3,23.2,26.75,2019,9,271,5
2019-09-29,Colombo,0.0,29.4,22.3,25.85,2019,9,272,6
2019-09-30,Colombo,11.5,30.9,23.6,27.25,2019,9,273,0
2019-10-01,Colombo,14.9,30.6,22.6,26.6,2019,10,274,1
2019-10-02,Colombo,0.0,30.9,23.0,26.95,2019,10,275,2
2019-10-03,Colombo,3.4,31.5,24.5,28.0,2019,10,276,3
2019-10-04,Colombo,0.2,30.6,23.1,26.85,2019,10,277,4
2019-10-05,Colombo,0.4,30.0,24.5,27.25,2019,10,278,5
2019-10-06,Colombo,24.1,30.2,24.0,27.1,2019,10,279,6
2019-10-07,Colombo,26.4,30.2,22.8,26.5,2019,10,280,0
2019-10-08,Colombo,0.0,30.5,23.4,26.95,2019,10,281,1
2019-10-09,Colombo,0.0,30.3,25.3,27.8,2019,10,282,2
2019-10-10,Colombo,1.7,30.9,25.8,28.35,2019,10,283,3
2019-10-11,Colombo,5.7,29.9,24.4,27.15,2019,10,284,4
2019-10-12,Colombo,2.9,30.7,23.3,27.0,2019,10,285,5
2019-10-13,Colombo,16.1,30.7,23.6,27.15,2019,10,286,6
2019-10-14,Colombo,2.5,31.2,23.7,27.45,2019,10,287,0
2019-10-15,Colombo,38.9,30.8,24.3,27.55,2019,10,288,1
2019-10-16,Colombo,3.6,30.1,24.0,27.05,2019,10,289,2
2019-10-17,Colombo,0.0,31.3,23.6,27.45,2019,10,290,3
2019-10-18,Colombo,5.1,31.7,23.9,27.8,2019,10,291,4
2019-10-19,Colombo,16.6,31.1,23.9,27.5,2019,10,292,5
2019-10-20,Colombo,28.5,29.7,23.8,26.75,2019,10,293,6
2019-10-21,Colombo,25.6,28.2,24.2,26.2,2019,10,294,0
2019-10-22,Colombo,8.4,28.7,23.6,26.15,2019,10,295,1
2019-10-23,Colombo,13.6,30.8,23.9,27.35,2019,10,296,2
2019-10-24,Colombo,75.4,26.7,23.8,25.25,2019,10,297,3
2019-10-25,Colombo,0.4,30.7,23.4,27.05,2019,10,298,4
2019-10-26,Colombo,0.4,29.8,24.0,26.9,2019,10,299,5
2019-10-27,Colombo,16.9,29.8,24.4,27.1,2019,10,300,6
2019-10-28,Colombo,4.5,27.5,23.4,25.45,2019,10,301,0
2019-10-29,Colombo,8.7,29.4,23.5,26.45,2019,10,302,1
2019-10-30,Colombo,10.0,29.9,23.4,26.65,2019,10,303,2
2019-10-31,Colombo,0.0,29.8,23.0,26.4,2019,10,304,3
2019-11-01,Colombo,0.0,31.2,23.4,27.3,2019,11,305,4
2019-11-02,Colombo,47.5,30.8,24.2,27.5,2019,11,306,5
2019-11-03,Colombo,24.4,31.8,22.4,27.1,2019,11,307,6
2019-11-04,Colombo,0.3,30.5,23.2,26.85,2019,11,308,0
2019-11-05,Colombo,0.4,31.6,24.1,27.85,2019,11,309,1
2019-11-06,Colombo,0.0,31.3,24.7,28.0,2019,11,310,2
2019-11-07,Colombo,21.2,31.9,25.6,28.75,2019,11,311,3
2019-11-08,Colombo,9.4,31.1,23.5,27.3,2019,11,312,4
2019-11-09,Colombo,7.8,30.6,24.6,27.6,2019,11,313,5
2019-11-10,Colombo,0.0,30.2,24.3,27.25,2019,11,314,6
2019-11-11,Colombo,2.0,29.9,24.0,26.95,2019,11,315,0
2019-11-12,Colombo,16.5,31.1,24.1,27.6,2019,11,316,1
2019-11-13,Colombo,18.3,31.2,23.9,27.55,2019,11,317,2
2019-11-14,Colombo,0.0,30.7,24.6,27.65,2019,11,318,3
2019-11-15,Colombo,4.6,31.5,25.4,28.45,2019,11,319,4
2019-11-16,Colombo,9.3,30.6,24.4,27.5,2019,11,320,5
2019-11-17,Colombo,0.0,31.5,23.2,27.35,2019,11,321,6
2019-11-18,Colombo,26.4,30.9,24.2,27.55,2019,11,322,0
2019-11-19,Colombo,22.1,31.0,23.7,27.35,2019,11,323,1
2019-11-20,Colombo,1.3,31.2,23.8,27.5,2019,11,324,2
2019-11-21,Colombo,5.2,31.5,23.6,27.55,2019,11,325,3
2019-11-22,Colombo,19.9,32.3,24.4,28.35,2019,11,326,4
2019-11-23,Colombo,25.2,31.4,23.4,27.4,2019,11,327,5
2019-11-24,Colombo,0.0,30.2,23.3,26.75,2019,11,328,6
2019-11-25,Colombo,18.6,30.7,24.6,27.65,2019,11,329,0
2019-11-26,Colombo,28.2,32.4,23.3,27.85,2019,11,330,1
2019-11-27,Colombo,1.4,32.2,23.4,27.8,2019,11,331,2
2019-11-28,Colombo,53.1,33.5,24.6,29.05,2019,11,332,3
2019-11-29,Colombo,33.3,30.9,24.6,27.75,2019,11,333,4
2019-11-30,Colombo,37.2,29.8,23.9,26.85,2019,11,334,5
2019-12-01,Colombo,1.1,30.8,23.3,27.05,2019,12,335,6
2019-12-02,Colombo,0.0,31.2,24.0,27.6,2019,12,336,0
2019-12-03,Colombo,0.0,31.6,24.8,28.2,2019,12,337,1
2019-12-04,Colombo,82.0,30.1,24.6,27.35,2019,12,338,2
2019-12-05,Colombo,10.6,29.5,23.9,26.7,2019,12,339,3
2019-12-06,Colombo,0.0,32.4,23.7,28.05,2019,12,340,4
2019-12-07,Colombo,5.1,30.3,25.2,27.75,2019,12,341,5
2019-12-08,Colombo,0.0,32.7,23.2,27.95,2019,12,342,6
2019-12-09,Colombo,0.0,31.4,24.1,27.75,2019,12,343,0
2019-12-10,Colombo,56.9,32.1,23.8,27.95,2019,12,344,1
2019-12-11,Colombo,0.0,31.7,23.2,27.45,2019,12,345,2
2019-12-12,Colombo,0.0,32.4,23.8,28.1,2019,12,346,3
2019-12-13,Colombo,1.0,31.1,24.0,27.55,2019,12,347,4
2019-12-14,Colombo,1.0,30.6,24.2,27.4,2019,12,348,5
2019-12-15,Colombo,0.0,30.8,23.6,27.2,2019,12,349,6
2019-12-16,Colombo,0.0,32.3,23.7,28.0,2019,12,350,0
2019-12-17,Colombo,0.0,31.7,23.3,27.5,2019,12,351,1
2019-12-18,Colombo,0.8,29.6,24.5,27.05,2019,12,352,2
2019-12-19,Colombo,29.3,30.1,24.6,27.35,2019,12,353,3
2019-12-20,Colombo,2.0,27.3,24.1,25.7,2019,12,354,4
2019-12-21,Colombo,0.0,31.8,23.2,27.5,2019,12,355,5
2019-12-22,Colombo,0.0,31.9,24.5,28.2,2019,12,356,6
2019-12-23,Colombo,1.0,32.6,24.6,28.6,2019,12,357,0
2019-12-24,Colombo,59.5,31.2,24.4,27.8,2019,12,358,1
2019-12-25,Colombo,0.0,30.9,24.3,27.6,2019,12,359,2
2019-12-26,Colombo,0.0,31.1,24.5,27.8,2019,12,360,3
2019-12-27,Colombo,0.0,31.9,23.4,27.65,2019,12,361,4
2019-12-28,Colombo,0.0,31.2,23.6,27.4,2019,12,362,5
2019-12-29,Colombo,0.0,33.7,23.5,28.6,2019,12,363,6
2019-12-30,Colombo,0.0,32.2,23.6,27.9,2019,12,364,0
2019-12-31,Colombo,0.0,31.1,24.3,27.7,2019,12,365,1
2020-01-01,Colombo,0.1,30.7,25.4,28.05,2020,1,1,2
2020-01-02,Colombo,112.3,31.5,24.4,27.95,2020,1,2,3
2020-01-03,Colombo,0.0,31.2,23.9,27.55,2020,1,3,4
2020-01-04,Colombo,1.7,31.3,25.3,28.3,2020,1,4,5
2020-01-05,Colombo,0.0,30.9,24.1,27.5,2020,1,5,6
2020-01-06,Colombo,0.0,32.3,24.5,28.4,2020,1,6,0
2020-01-07,Colombo,0.0,34.1,24.5,29.3,2020,1,7,1
2020-01-08,Colombo,0.0,32.8,25.6,29.2,2020,1,8,2
2020-01-09,Colombo,0.0,33.4,23.2,28.3,2020,1,9,3
2020-01-10,Colombo,0.0,31.4,23.1,27.25,2020,1,10,4
2020-01-11,Colombo,0.0,32.6,23.3,27.95,2020,1,11,5
2020-01-12,Colombo,0.0,32.9,24.3,28.6,2020,1,12,6
2020-01-13,Colombo,0.0,32.7,24.3,28.5,2020,1,13,0
2020-01-14,Colombo,0.0,32.4,22.6,27.5,2020,1,14,1
2020-01-15,Colombo,0.0,32.0,21.5,26.75,2020,1,15,2
2020-01-16,Colombo,0.0,31.7,22.6,27.15,2020,1,16,3
2020-01-17,Colombo,0.0,31.2,24.0,27.6,2020,1,17,4
2020-01-18,Colombo,0.9,31.9,25.2,28.55,2020,1,18,5
2020-01-19,Colombo,0.4,32.1,24.8,28.45,2020,1,19,6
2020-01-20,Colombo,0.1,33.5,25.2,29.35,2020,1,20,0
2020-01-21,Colombo,0.0,33.2,25.2,29.2,2020,1,21,1
2020-01-22,Colombo,0.1,33.6,25.5,29.55,2020,1,22,2
2020-01-23,Colombo,0.0,33.7,25.2,29.45,2020,1,23,3
2020-01-24,Colombo,0.0,34.4,25.0,29.7,2020,1,24,4
2020-01-25,Colombo,0.0,34.0,24.4,29.2,2020,1,25,5
2020-01-26,Colombo,0.0,33.8,24.3,29.05,2020,1,26,6
2020-01-27,Colombo,0.0,31.5,23.3,27.4,2020,1,27,0
2020-01-28,Colombo,0.0,30.8,22.8,26.8,2020,1,28,1
2020-01-29,Colombo,0.0,31.7,22.5,27.1,2020,1,29,2
2020-01-30,Colombo,0.0,31.7,24.5,28.1,2020,1,30,3
2020-01-31,Colombo,0.0,31.5,24.3,27.9,2020,1,31,4
2020-02-01,Colombo,0.0,33.1,24.0,28.55,2020,2,32,5
2020-02-02,Colombo,0.0,31.8,24.6,28.2,2020,2,33,6
2020-02-03,Colombo,0.0,32.8,23.9,28.35,2020,2,34,0
2020-02-04,Colombo,0.0,34.1,24.8,29.45,2020,2,35,1
2020-02-05,Colombo,0.0,33.4,25.6,29.5,2020,2,36,2
2020-02-06,Colombo,0.0,31.8,25.0,28.4,2020,2,37,3
2020-02-07,Colombo,0.0,31.6,24.5,28.05,2020,2,38,4
2020-02-08,Colombo,0.0,31.7,24.2,27.95,2020,2,39,5
2020-02-09,Colombo,0.0,31.6,24.2,27.9,2020,2,40,6
2020-02-10,Colombo,0.0,35.3,23.1,29.2,2020,2,41,0
2020-02-11,Colombo,0.0,33.6,23.7,28.65,2020,2,42,1
2020-02-12,Colombo,0.0,34.7,25.4,30.05,2020,2,43,2
2020-02-13,Colombo,0.0,35.5,26.0,30.75,2020,2,44,3
2020-02-14,Colombo,0.1,32.7,25.7,29.2,2020,2,45,4
2020-02-15,Colombo,0.0,32.1,25.9,29.0,2020,2,46,5
2020-02-16,Colombo,0.0,33.2,25.8,29.5,2020,2,47,6
2020-02-17,Colombo,0.0,34.0,25.9,29.95,2020,2,48,0
2020-02-18,Colombo,0.0,33.3,24.0,28.65,2020,2,49,1
2020-02-19,Colombo,0.0,32.6,23.2,27.9,2020,2,50,2
2020-02-20,Colombo,0.0,33.8,24.2,29.0,2020,2,51,3
2020-02-21,Colombo,0.0,33.7,25.9,29.8,2020,2,52,4
2020-02-22,Colombo,0.0,35.9,26.7,31.3,2020,2,53,5
2020-02-23,Colombo,0.0,35.3,25.5,30.4,2020,2,54,6
2020-02-24,Colombo,0.0,33.2,24.8,29.0,2020,2,55,0
2020-02-25,Colombo,0.0,33.3,25.6,29.45,2020,2,56,1
2020-02-26,Colombo,0.0,32.7,26.3,29.5,2020,2,57,2
2020-02-27,Colombo,0.0,34.3,26.6,30.45,2020,2,58,3
2020-02-28,Colombo,0.0,32.8,25.2,29.0,2020,2,59,4
2020-02-29,Colombo,0.0,32.4,25.8,29.1,2020,2,60,5
2020-03-01,Colombo,0.0,32.6,24.6,28.6,2020,3,61,6
2020-03-02,Colombo,0.0,32.7,25.5,29.1,2020,3,62,0
2020-03-03,Colombo,0.0,32.2,25.5,28.85,2020,3,63,1
2020-03-04,Colombo,0.0,32.2,24.5,28.35,2020,3,64,2
2020-03-05,Colombo,0.0,32.7,26.0,29.35,2020,3,65,3
2020-03-06,Colombo,0.1,32.5,26.2,29.35,2020,3,66,4
2020-03-07,Colombo,0.0,34.0,26.0,30.0,2020,3,67,5
2020-03-08,Colombo,0.0,32.3,24.1,28.2,2020,3,68,6
2020-03-09,Colombo,0.0,32.3,26.0,29.15,2020,3,69,0
2020-03-10,Colombo,0.0,32.8,26.6,29.7,2020,3,70,1
2020-03-11,Colombo,0.0,32.7,26.8,29.75,2020,3,71,2
2020-03-12,Colombo,0.0,32.9,26.7,29.8,2020,3,72,3
2020-03-13,Colombo,0.0,32.8,26.4,29.6,2020,3,73,4
2020-03-14,Colombo,0.0,33.2,27.0,30.1,2020,3,74,5
2020-03-15,Colombo,0.0,32.6,26.6,29.6,2020,3,75,6
2020-03-16,Colombo,4.4,33.0,26.6,29.8,2020,3,76,0
2020-03-17,Colombo,0.0,34.1,25.6,29.85,2020,3,77,1
2020-03-18,Colombo,14.4,33.4,25.8,29.6,2020,3,78,2
2020-03-19,Colombo,0.0,33.4,26.2,29.8,2020,3,79,3
2020-03-20,Colombo,6.2,32.5,26.2,29.35,2020,3,80,4
2020-03-21,Colombo,0.0,33.3,24.3,28.8,2020,3,81,5
2020-03-22,Colombo,0.0,32.8,25.1,28.95,2020,3,82,6
2020-03-23,Colombo,0.0,32.6,25.7,29.15,2020,3,83,0
2020-03-24,Colombo,0.0,32.6,26.2,29.4,2020,3,84,1
2020-03-25,Colombo,5.6,33.2,26.6,29.9,2020,3,85,2
2020-03-26,Colombo,0.0,32.4,25.1,28.75,2020,3,86,3
2020-03-27,Colombo,0.0,32.8,25.4,29.1,2020,3,87,4
2020-03-28,Colombo,0.0,32.9,25.2,29.05,2020,3,88,5
2020-03-29,Colombo,0.3,33.2,27.2,30.2,2020,3,89,6
2020-03-30,Colombo,1.2,33.1,26.2,29.65,2020,3,90,0
2020-03-31,Colombo,9.1,32.7,25.6,29.15,2020,3,91,1
2020-04-01,Colombo,0.0,32.7,25.7,29.2,2020,4,92,2
2020-04-02,Colombo,0.0,33.0,25.0,29.0,2020,4,93,3
2020-04-03,Colombo,45.0,32.6,25.2,28.9,2020,4,94,4
2020-04-04,Colombo,1.6,33.4,25.3,29.35,2020,4,95,5
2020-04-05,Colombo,0.2,33.0,25.1,29.05,2020,4,96,6
2020-04-06,Colombo,0.0,33.2,26.5,29.85,2020,4,97,0
2020-04-07,Colombo,11.1,32.6,26.4,29.5,2020,4,98,1
2020-04-08,Colombo,28.2,33.0,26.2,29.6,2020,4,99,2
2020-04-09,Colombo,0.0,32.2,25.0,28.6,2020,4,100,3
2020-04-10,Colombo,34.9,32.6,25.3,28.95,2020,4,101,4
2020-04-11,Colombo,0.0,32.7,23.8,28.25,2020,4,102,5
2020-04-12,Colombo,13.3,32.7,26.5,29.6,2020,4,103,6
2020-04-13,Colombo,0.0,32.0,24.3,28.15,2020,4,104,0
2020-04-14,Colombo,0.0,32.9,25.7,29.3,2020,4,105,1
2020-04-15,Colombo,1.0,32.7,25.0,28.85,2020,4,106,2
2020-04-16,Colombo,0.0,32.6,24.7,28.65,2020,4,107,3
2020-04-17,Colombo,0.0,33.3,25.7,29.5,2020,4,108,4
2020-04-18,Colombo,0.0,33.9,25.8,29.85,2020,4,109,5
2020-04-19,Colombo,20.0,34.8,25.6,30.2,2020,4,110,6
2020-04-20,Colombo,0.0,32.9,25.2,29.05,2020,4,111,0
2020-04-21,Colombo,0.1,33.4,26.3,29.85,2020,4,112,1
2020-04-22,Colombo,2.0,32.1,26.6,29.35,2020,4,113,2
2020-04-23,Colombo,5.1,32.5,25.1,28.8,2020,4,114,3
2020-04-24,Colombo,16.9,32.0,25.2,28.6,2020,4,115,4
2020-04-25,Colombo,6.6,33.2,25.3,29.25,2020,4,116,5
2020-04-26,Colombo,17.7,32.6,25.6,29.1,2020,4,117,6
2020-04-27,Colombo,0.0,33.1,26.1,29.6,2020,4,118,0
2020-04-28,Colombo,5.9,32.7,27.1,29.9,2020,4,119,1
2020-04-29,Colombo,0.1,32.7,26.3,29.5,2020,4,120,2
2020-04-30,Colombo,2.8,33.1,27.5,30.3,2020,4,121,3
2020-05-01,Colombo,0.4,32.8,27.2,30.0,2020,5,122,4
2020-05-02,Colombo,0.0,33.3,28.7,31.0,2020,5,123,5
2020-05-03,Colombo,0.0,33.4,26.5,29.95,2020,5,124,6
2020-05-04,Colombo,0.0,32.5,26.8,29.65,2020,5,125,0
2020-05-05,Colombo,24.4,33.0,25.7,29.35,2020,5,126,1
2020-05-06,Colombo,0.2,31.3,25.5,28.4,2020,5,127,2
2020-05-07,Colombo,8.6,32.4,25.5,28.95,2020,5,128,3
2020-05-08,Colombo,5.2,32.3,27.0,29.65,2020,5,129,4
2020-05-09,Colombo,0.0,32.3,26.9,29.6,2020,5,130,5
2020-05-10,Colombo,41.1,32.7,25.2,28.95,2020,5,131,6
2020-05-11,Colombo,0.6,29.3,25.9,27.6,2020,5,132,0
2020-05-12,Colombo,3.3,32.4,25.2,28.8,2020,5,133,1
2020-05-13,Colombo,0.0,31.2,26.9,29.05,2020,5,134,2
2020-05-14,Colombo,3.1,32.5,26.4,29.45,2020,5,135,3
2020-05-15,Colombo,85.0,28.7,25.5,27.1,2020,5,136,4
2020-05-16,Colombo,0.0,32.0,28.8,30.4,2020,5,137,5
2020-05-17,Colombo,2.5,32.0,28.2,30.1,2020,5,138,6
2020-05-18,Colombo,0.0,31.5,28.1,29.8,2020,5,139,0
2020-05-19,Colombo,0.8,31.0,28.7,29.85,2020,5,140,1
2020-05-20,Colombo,0.0,32.0,27.4,29.7,2020,5,141,2
2020-05-21,Colombo,2.6,32.2,25.2,28.7,2020,5,142,3
2020-05-22,Colombo,0.3,31.3,26.2,28.75,2020,5,143,4
2020-05-23,Colombo,0.0,32.0,28.7,30.35,2020,5,144,5
2020-05-24,Colombo,0.1,32.0,29.0,30.5,2020,5,145,6
2020-05-25,Colombo,1.9,31.6,28.2,29.9,2020,5,146,0
2020-05-26,Colombo,15.1,32.0,24.2,28.1,2020,5,147,1
2020-05-27,Colombo,0.0,31.6,24.4,28.0,2020,5,148,2
2020-05-28,Colombo,0.1,31.1,27.3,29.2,2020,5,149,3
2020-05-29,Colombo,2.2,31.3,27.1,29.2,2020,5,150,4
2020-05-30,Colombo,2.0,31.7,26.5,29.1,2020,5,151,5
2020-05-31,Colombo,0.7,31.6,26.4,29.0,2020,5,152,6
2020-06-01,Colombo,0.0,31.8,26.4,29.1,2020,6,153,0
2020-06-02,Colombo,0.0,31.7,26.3,29.0,2020,6,154,1
2020-06-03,Colombo,0.0,31.6,26.4,29.0,2020,6,155,2
2020-06-04,Colombo,0.0,32.0,25.7,28.85,2020,6,156,3
2020-06-05,Colombo,12.9,32.1,26.8,29.45,2020,6,157,4
2020-06-06,Colombo,24.1,28.2,24.7,26.45,2020,6,158,5
2020-06-07,Colombo,32.2,31.3,24.0,27.65,2020,6,159,6
2020-06-08,Colombo,0.0,30.8,23.4,27.1,2020,6,160,0
2020-06-09,Colombo,0.3,31.6,26.1,28.85,2020,6,161,1
2020-06-10,Colombo,2.4,31.6,28.3,29.95,2020,6,162,2
2020-06-11,Colombo,12.6,31.6,25.9,28.75,2020,6,163,3
2020-06-12,Colombo,0.0,31.5,25.6,28.55,2020,6,164,4
2020-06-13,Colombo,0.0,31.4,26.8,29.1,2020,6,165,5
2020-06-14,Colombo,0.1,31.4,27.6,29.5,2020,6,166,6
2020-06-15,Colombo,1.0,32.1,26.7,29.4,2020,6,167,0
2020-06-16,Colombo,7.1,30.9,28.0,29.45,2020,6,168,1
2020-06-17,Colombo,1.4,31.5,27.0,29.25,2020,6,169,2
2020-06-18,Colombo,0.0,32.0,27.6,29.8,2020,6,170,3
2020-06-19,Colombo,0.0,32.0,27.9,29.95,2020,6,171,4
2020-06-20,Colombo,2.7,31.8,27.4,29.6,2020,6,172,5
2020-06-21,Colombo,1.2,30.7,26.1,28.4,2020,6,173,6
2020-06-22,Colombo,0.0,31.0,27.6,29.3,2020,6,174,0
2020-06-23,Colombo,0.0,31.5,27.9,29.7,2020,6,175,1
2020-06-24,Colombo,0.0,31.2,27.2,29.2,2020,6,176,2
2020-06-25,Colombo,1.7,31.2,28.3,29.75,2020,6,177,3
2020-06-26,Colombo,2.3,30.0,26.6,28.3,2020,6,178,4
2020-06-27,Colombo,0.8,30.8,26.4,28.6,2020,6,179,5
2020-06-28,Colombo,0.0,31.2,26.3,28.75,2020,6,180,6
2020-06-29,Colombo,8.9,31.6,27.0,29.3,2020,6,181,0
2020-06-30,Colombo,0.2,31.2,27.4,29.3,2020,6,182,1
2020-07-01,Colombo,0.9,31.3,27.7,29.5,2020,7,183,2
2020-07-02,Colombo,8.8,31.5,28.1,29.8,2020,7,184,3
2020-07-03,Colombo,1.6,30.7,27.3,29.0,2020,7,185,4
2020-07-04,Colombo,0.0,30.5,26.4,28.45,2020,7,186,5
2020-07-05,Colombo,0.0,31.6,25.5,28.55,2020,7,187,6
2020-07-06,Colombo,11.6,31.6,28.2,29.9,2020,7,188,0
2020-07-07,Colombo,0.1,31.2,24.7,27.95,2020,7,189,1
2020-07-08,Colombo,0.0,31.0,27.9,29.45,2020,7,190,2
2020-07-09,Colombo,0.1,31.1,27.7,29.4,2020,7,191,3
2020-07-10,Colombo,0.0,30.5,27.3,28.9,2020,7,192,4
2020-07-11,Colombo,24.0,31.4,26.3,28.85,2020,7,193,5
2020-07-12,Colombo,0.2,30.2,24.5,27.35,2020,7,194,6
2020-07-13,Colombo,0.0,30.8,26.1,28.45,2020,7,195,0
2020-07-14,Colombo,0.0,31.2,27.4,29.3,2020,7,196,1
2020-07-15,Colombo,0.1,31.1,28.0,29.55,2020,7,197,2
2020-07-16,Colombo,9.2,30.7,27.6,29.15,2020,7,198,3
2020-07-17,Colombo,0.0,30.7,24.4,27.55,2020,7,199,4
2020-07-18,Colombo,3.1,30.8,26.0,28.4,2020,7,200,5
2020-07-19,Colombo,62.7,31.0,24.9,27.95,2020,7,201,6
2020-07-20,Colombo,36.7,26.3,24.5,25.4,2020,7,202,0
2020-07-21,Colombo,0.0,30.5,22.3,26.4,2020,7,203,1
2020-07-22,Colombo,0.0,30.8,25.4,28.1,2020,7,204,2
2020-07-23,Colombo,23.3,30.7,25.5,28.1,2020,7,205,3
2020-07-24,Colombo,0.8,29.7,24.0,26.85,2020,7,206,4
2020-07-25,Colombo,2.2,30.2,25.0,27.6,2020,7,207,5
2020-07-26,Colombo,0.1,29.9,25.4,27.65,2020,7,208,6
2020-07-27,Colombo,0.0,30.4,25.5,27.95,2020,7,209,0
2020-07-28,Colombo,0.0,29.8,27.2,28.5,2020,7,210,1
2020-07-29,Colombo,0.0,30.3,27.1,28.7,2020,7,211,2
2020-07-30,Colombo,7.6,30.3,25.3,27.8,2020,7,212,3
2020-07-31,Colombo,3.0,30.4,25.1,27.75,2020,7,213,4
2020-08-01,Colombo,31.4,30.5,26.9,28.7,2020,8,214,5
2020-08-02,Colombo,11.3,29.1,24.2,26.65,2020,8,215,6
2020-08-03,Colombo,0.3,29.1,24.5,26.8,2020,8,216,0
2020-08-04,Colombo,7.9,30.2,26.5,28.35,2020,8,217,1
2020-08-05,Colombo,26.7,30.3,26.4,28.35,2020,8,218,2
2020-08-06,Colombo,18.4,28.3,23.3,25.8,2020,8,219,3
2020-08-07,Colombo,0.0,29.8,24.3,27.05,2020,8,220,4
2020-08-08,Colombo,0.0,29.8,25.8,27.8,2020,8,221,5
2020-08-09,Colombo,0.1,29.6,26.1,27.85,2020,8,222,6
2020-08-10,Colombo,0.5,29.8,26.4,28.1,2020,8,223,0
2020-08-11,Colombo,0.0,30.4,26.5,28.45,2020,8,224,1
2020-08-12,Colombo,0.0,30.1,26.6,28.35,2020,8,225,2
2020-08-13,Colombo,0.0,30.2,26.9,28.55,2020,8,226,3
2020-08-14,Colombo,0.0,30.0,26.6,28.3,2020,8,227,4
2020-08-15,Colombo,0.0,30.4,26.5,28.45,2020,8,228,5
2020-08-16,Colombo,0.0,30.9,26.5,28.7,2020,8,229,6
2020-08-17,Colombo,0.0,30.9,26.8,28.85,2020,8,230,0
2020-08-18,Colombo,0.0,30.9,26.9,28.9,2020,8,231,1
2020-08-19,Colombo,0.0,30.9,26.4,28.65,2020,8,232,2
2020-08-20,Colombo,0.0,31.1,27.7,29.4,2020,8,233,3
2020-08-21,Colombo,0.4,31.4,27.2,29.3,2020,8,234,4
2020-08-22,Colombo,0.0,31.4,26.3,28.85,2020,8,235,5
2020-08-23,Colombo,0.0,31.5,26.4,28.95,2020,8,236,6
2020-08-24,Colombo,0.3,31.7,26.3,29.0,2020,8,237,0
2020-08-25,Colombo,0.0,31.4,26.4,28.9,2020,8,238,1
2020-08-26,Colombo,0.0,31.6,26.4,29.0,2020,8,239,2
2020-08-27,Colombo,0.0,31.3,27.3,29.3,2020,8,240,3
2020-08-28,Colombo,0.0,31.6,27.4,29.5,2020,8,241,4
2020-08-29,Colombo,0.0,31.3,27.4,29.35,2020,8,242,5
2020-08-30,Colombo,0.0,31.7,27.6,29.65,2020,8,243,6
2020-08-31,Colombo,0.2,32.0,27.7,29.85,2020,8,244,0
2020-09-01,Colombo,50.3,30.3,27.5,28.9,2020,9,245,1
2020-09-02,Colombo,14.4,27.6,25.5,26.55,2020,9,246,2
2020-09-03,Colombo,0.0,30.4,24.2,27.3,2020,9,247,3
2020-09-04,Colombo,0.1,31.0,25.1,28.05,2020,9,248,4
2020-09-05,Colombo,38.5,30.4,24.7,27.55,2020,9,249,5
2020-09-06,Colombo,45.7,28.7,23.7,26.2,2020,9,250,6
2020-09-07,Colombo,0.0,29.9,22.3,26.1,2020,9,251,0
2020-09-08,Colombo,150.8,30.9,26.1,28.5,2020,9,252,1
2020-09-09,Colombo,36.6,29.3,23.9,26.6,2020,9,253,2
2020-09-10,Colombo,5.6,30.4,23.6,27.0,2020,9,254,3
2020-09-11,Colombo,4.0,30.5,25.2,27.85,2020,9,255,4
2020-09-12,Colombo,12.6,29.6,26.5,28.05,2020,9,256,5
2020-09-13,Colombo,5.6,29.6,24.8,27.2,2020,9,257,6
2020-09-14,Colombo,0.7,29.8,24.7,27.25,2020,9,258,0
2020-09-15,Colombo,1.5,30.0,26.3,28.15,2020,9,259,1
2020-09-16,Colombo,1.8,30.6,27.0,28.8,2020,9,260,2
2020-09-17,Colombo,5.4,30.9,26.2,28.55,2020,9,261,3
2020-09-18,Colombo,22.9,30.5,26.4,28.45,2020,9,262,4
2020-09-19,Colombo,0.1,30.7,25.2,27.95,2020,9,263,5
2020-09-20,Colombo,8.1,30.5,27.0,28.75,2020,9,264,6
2020-09-21,Colombo,19.3,29.7,24.2,26.95,2020,9,265,0
2020-09-22,Colombo,4.2,29.1,23.9,26.5,2020,9,266,1
2020-09-23,Colombo,0.0,30.3,24.7,27.5,2020,9,267,2
2020-09-24,Colombo,30.1,30.4,26.6,28.5,2020,9,268,3
2020-09-25,Colombo,4.8,28.4,24.2,26.3,2020,9,269,4
2020-09-26,Colombo,0.0,30.4,24.1,27.25,2020,9,270,5
2020-09-27,Colombo,1.5,30.5,25.3,27.9,2020,9,271,6
2020-09-28,Colombo,18.7,30.7,26.4,28.55,2020,9,272,0
2020-09-29,Colombo,5.7,28.9,24.6,26.75,2020,9,273,1
2020-09-30,Colombo,28.7,30.1,25.0,27.55,2020,9,274,2
2020-10-01,Colombo,0.0,30.4,24.2,27.3,2020,10,275,3
2020-10-02,Colombo,7.0,30.6,26.6,28.6,2020,10,276,4
2020-10-03,Colombo,0.2,30.7,25.4,28.05,2020,10,277,5
2020-10-04,Colombo,0.0,30.8,27.1,28.95,2020,10,278,6
2020-10-05,Colombo,0.0,30.9,26.7,28.8,2020,10,279,0
2020-10-06,Colombo,0.0,30.5,26.5,28.5,2020,10,280,1
2020-10-07,Colombo,0.0,30.6,26.5,28.55,2020,10,281,2
2020-10-08,Colombo,0.0,30.5,25.8,28.15,2020,10,282,3
2020-10-09,Colombo,12.4,30.7,26.4,28.55,2020,10,283,4
2020-10-10,Colombo,22.2,30.7,24.7,27.7,2020,10,284,5
2020-10-11,Colombo,19.8,30.5,24.5,27.5,2020,10,285,6
2020-10-12,Colombo,0.0,30.8,24.9,27.85,2020,10,286,0
2020-10-13,Colombo,4.3,31.1,27.5,29.3,2020,10,287,1
2020-10-14,Colombo,38.5,29.7,25.8,27.75,2020,10,288,2
2020-10-15,Colombo,7.5,30.0,24.5,27.25,2020,10,289,3
2020-10-16,Colombo,0.0,30.6,24.8,27.7,2020,10,290,4
2020-10-17,Colombo,0.0,30.5,26.2,28.35,2020,10,291,5
2020-10-18,Colombo,0.0,30.5,26.6,28.55,2020,10,292,6
2020-10-19,Colombo,0.0,30.6,27.1,28.85,2020,10,293,0
2020-10-20,Colombo,0.3,30.8,27.0,28.9,2020,10,294,1
2020-10-21,Colombo,2.2,31.0,26.8,28.9,2020,10,295,2
2020-10-22,Colombo,0.5,31.2,26.6,28.9,2020,10,296,3
2020-10-23,Colombo,0.5,31.1,26.7,28.9,2020,10,297,4
2020-10-24,Colombo,0.0,30.7,26.7,28.7,2020,10,298,5
2020-10-25,Colombo,0.0,31.2,25.4,28.3,2020,10,299,6
2020-10-26,Colombo,10.0,31.1,27.2,29.15,2020,10,300,0
2020-10-27,Colombo,0.0,30.7,26.2,28.45,2020,10,301,1
2020-10-28,Colombo,0.2,30.8,25.6,28.2,2020,10,302,2
2020-10-29,Colombo,0.0,31.5,25.8,28.65,2020,10,303,3
2020-10-30,Colombo,0.0,31.2,25.8,28.5,2020,10,304,4
2020-10-31,Colombo,0.0,31.2,26.0,28.6,2020,10,305,5
2020-11-01,Colombo,0.0,31.3,25.4,28.35,2020,11,306,6
2020-11-02,Colombo,0.0,31.2,26.2,28.7,2020,11,307,0
2020-11-03,Colombo,0.0,31.8,25.8,28.8,2020,11,308,1
2020-11-04,Colombo,4.3,32.0,25.2,28.6,2020,11,309,2
2020-11-05,Colombo,16.1,31.5,23.9,27.7,2020,11,310,3
2020-11-06,Colombo,18.4,31.4,23.8,27.6,2020,11,311,4
2020-11-07,Colombo,35.7,31.6,24.1,27.85,2020,11,312,5
2020-11-08,Colombo,7.2,31.6,23.0,27.3,2020,11,313,6
2020-11-09,Colombo,0.0,33.4,23.8,28.6,2020,11,314,0
2020-11-10,Colombo,0.3,32.2,24.7,28.45,2020,11,315,1
2020-11-11,Colombo,11.5,33.1,24.8,28.95,2020,11,316,2
2020-11-12,Colombo,6.0,32.1,24.6,28.35,2020,11,317,3
2020-11-13,Colombo,4.7,31.1,24.9,28.0,2020,11,318,4
2020-11-14,Colombo,1.7,32.7,24.0,28.35,2020,11,319,5
2020-11-15,Colombo,8.1,31.0,24.6,27.8,2020,11,320,6
2020-11-16,Colombo,1.2,31.1,24.8,27.95,2020,11,321,0
2020-11-17,Colombo,1.7,33.6,24.7,29.15,2020,11,322,1
2020-11-18,Colombo,4.6,32.4,24.4,28.4,2020,11,323,2
2020-11-19,Colombo,2.0,31.9,24.3,28.1,2020,11,324,3
2020-11-20,Colombo,12.2,30.4,24.2,27.3,2020,11,325,4
2020-11-21,Colombo,0.1,32.4,23.7,28.05,2020,11,326,5
2020-11-22,Colombo,0.0,30.3,25.3,27.8,2020,11,327,6
2020-11-23,Colombo,0.0,30.6,24.4,27.5,2020,11,328,0
2020-11-24,Colombo,4.7,30.6,24.7,27.65,2020,11,329,1
2020-11-25,Colombo,3.1,30.0,25.1,27.55,2020,11,330,2
2020-11-26,Colombo,0.0,31.3,24.5,27.9,2020,11,331,3
2020-11-27,Colombo,0.0,31.3,24.6,27.95,2020,11,332,4
2020-11-28,Colombo,0.0,31.4,23.6,27.5,2020,11,333,5
2020-11-29,Colombo,0.0,31.6,25.2,28.4,2020,11,334,6
2020-11-30,Colombo,0.0,34.2,25.6,29.9,2020,11,335,0
2020-12-01,Colombo,0.0,31.8,25.0,28.4,2020,12,336,1
2020-12-02,Colombo,6.0,28.5,25.1,26.8,2020,12,337,2
2020-12-03,Colombo,5.3,30.7,26.4,28.55,2020,12,338,3
2020-12-04,Colombo,43.8,30.8,24.4,27.6,2020,12,339,4
2020-12-05,Colombo,1.1,30.4,24.6,27.5,2020,12,340,5
2020-12-06,Colombo,0.0,30.7,24.0,27.35,2020,12,341,6
2020-12-07,Colombo,0.0,31.7,24.5,28.1,2020,12,342,0
2020-12-08,Colombo,1.4,31.1,25.1,28.1,2020,12,343,1
2020-12-09,Colombo,0.0,31.4,24.6,28.0,2020,12,344,2
2020-12-10,Colombo,0.0,31.8,25.2,28.5,2020,12,345,3
2020-12-11,Colombo,0.0,33.0,23.7,28.35,2020,12,346,4
2020-12-12,Colombo,0.0,32.3,23.9,28.1,2020,12,347,5
2020-12-13,Colombo,0.0,32.6,23.5,28.05,2020,12,348,6
2020-12-14,Colombo,0.0,31.8,22.5,27.15,2020,12,349,0
2020-12-15,Colombo,0.6,30.8,22.9,26.85,2020,12,350,1
2020-12-16,Colombo,0.0,30.3,24.9,27.6,2020,12,351,2
2020-12-17,Colombo,0.0,31.1,24.3,27.7,2020,12,352,3
2020-12-18,Colombo,1.0,30.6,24.6,27.6,2020,12,353,4
2020-12-19,Colombo,0.0,31.4,24.2,27.8,2020,12,354,5
2020-12-20,Colombo,0.0,29.9,25.0,27.45,2020,12,355,6
2020-12-21,Colombo,0.2,30.0,24.5,27.25,2020,12,356,0
2020-12-22,Colombo,0.0,28.7,24.8,26.75,2020,12,357,1
2020-12-23,Colombo,117.1,32.2,23.6,27.9,2020,12,358,2
2020-12-24,Colombo,0.0,30.6,23.0,26.8,2020,12,359,3
2020-12-25,Colombo,4.5,32.8,23.3,28.05,2020,12,360,4
2020-12-26,Colombo,0.0,30.7,23.6,27.15,2020,12,361,5
2020-12-27,Colombo,0.0,29.4,24.4,26.9,2020,12,362,6
2020-12-28,Colombo,1.5,30.6,24.0,27.3,2020,12,363,0
2020-12-29,Colombo,112.7,30.6,24.9,27.75,2020,12,364,1
2020-12-30,Colombo,7.8,31.5,23.8,27.65,2020,12,365,2
2020-12-31,Colombo,18.9,30.0,24.2,27.1,2020,12,366,3
2021-01-01,Colombo,0.0,29.9,23.5,26.7,2021,1,1,4
2021-01-02,Colombo,0.0,31.3,23.7,27.5,2021,1,2,5
2021-01-03,Colombo,1.4,30.1,24.8,27.45,2021,1,3,6
2021-01-04,Colombo,17.6,30.7,25.5,28.1,2021,1,4,0
2021-01-05,Colombo,24.9,30.2,23.7,26.95,2021,1,5,1
2021-01-06,Colombo,0.0,30.4,23.2,26.8,2021,1,6,2
2021-01-07,Colombo,0.9,30.4,24.1,27.25,2021,1,7,3
2021-01-08,Colombo,9.4,30.0,25.5,27.75,2021,1,8,4
2021-01-09,Colombo,0.2,26.9,24.5,25.7,2021,1,9,5
2021-01-10,Colombo,7.4,30.4,23.8,27.1,2021,1,10,6
2021-01-11,Colombo,0.0,29.0,24.0,26.5,2021,1,11,0
2021-01-12,Colombo,2.0,30.7,24.4,27.55,2021,1,12,1
2021-01-13,Colombo,26.7,27.4,24.4,25.9,2021,1,13,2
2021-01-14,Colombo,4.0,30.7,23.9,27.3,2021,1,14,3
2021-01-15,Colombo,0.0,29.9,24.1,27.0,2021,1,15,4
2021-01-16,Colombo,0.1,28.7,23.9,26.3,2021,1,16,5
2021-01-17,Colombo,0.0,31.0,23.2,27.1,2021,1,17,6
2021-01-18,Colombo,5.8,30.1,23.5,26.8,2021,1,18,0
2021-01-19,Colombo,0.0,30.1,23.9,27.0,2021,1,19,1
2021-01-20,Colombo,0.2,31.0,23.6,27.3,2021,1,20,2
2021-01-21,Colombo,7.8,30.9,24.9,27.9,2021,1,21,3
2021-01-22,Colombo,0.0,30.9,25.0,27.95,2021,1,22,4
2021-01-23,Colombo,0.0,33.3,24.3,28.8,2021,1,23,5
2021-01-24,Colombo,0.0,32.5,23.0,27.75,2021,1,24,6
2021-01-25,Colombo,0.0,31.4,23.1,27.25,2021,1,25,0
2021-01-26,Colombo,0.0,31.8,22.5,27.15,2021,1,26,1
2021-01-27,Colombo,0.0,32.5,22.9,27.7,2021,1,27,2
2021-01-28,Colombo,0.0,33.6,23.7,28.65,2021,1,28,3
2021-01-29,Colombo,0.0,31.9,24.5,28.2,2021,1,29,4
2021-01-30,Colombo,9.6,32.3,24.2,28.25,2021,1,30,5
2021-01-31,Colombo,14.4,31.6,23.7,27.65,2021,1,31,6
2021-02-01,Colombo,0.2,32.2,23.5,27.85,2021,2,32,0
2021-02-02,Colombo,0.1,32.3,24.5,28.4,2021,2,33,1
2021-02-03,Colombo,0.0,31.5,24.7,28.1,2021,2,34,2
2021-02-04,Colombo,0.0,32.9,23.8,28.35,2021,2,35,3
2021-02-05,Colombo,0.0,32.3,22.6,27.45,2021,2,36,4
2021-02-06,Colombo,1.3,32.2,23.6,27.9,2021,2,37,5
2021-02-07,Colombo,0.0,32.4,24.7,28.55,2021,2,38,6
2021-02-08,Colombo,0.0,32.8,24.8,28.8,2021,2,39,0
2021-02-09,Colombo,0.0,33.3,24.0,28.65,2021,2,40,1
2021-02-10,Colombo,0.0,32.5,23.2,27.85,2021,2,41,2
2021-02-11,Colombo,0.0,31.5,22.1,26.8,2021,2,42,3
2021-02-12,Colombo,0.0,31.3,22.4,26.85,2021,2,43,4
2021-02-13,Colombo,0.0,32.0,23.3,27.65,2021,2,44,5
2021-02-14,Colombo,0.0,31.9,24.1,28.0,2021,2,45,6
2021-02-15,Colombo,0.0,33.4,23.9,28.65,2021,2,46,0
2021-02-16,Colombo,0.0,30.7,24.3,27.5,2021,2,47,1
2021-02-17,Colombo,0.0,32.2,24.1,28.15,2021,2,48,2
2021-02-18,Colombo,0.0,31.3,24.3,27.8,2021,2,49,3
2021-02-19,Colombo,0.0,31.4,24.0,27.7,2021,2,50,4
2021-02-20,Colombo,0.0,32.2,25.0,28.6,2021,2,51,5
2021-02-21,Colombo,5.5,32.2,25.8,29.0,2021,2,52,6
2021-02-22,Colombo,38.8,33.0,23.8,28.4,2021,2,53,0
2021-02-23,Colombo,0.0,33.2,23.7,28.45,2021,2,54,1
2021-02-24,Colombo,0.0,31.9,24.9,28.4,2021,2,55,2
2021-02-25,Colombo,0.0,31.5,24.9,28.2,2021,2,56,3
2021-02-26,Colombo,0.0,31.2,24.5,27.85,2021,2,57,4
2021-02-27,Colombo,0.0,31.1,23.4,27.25,2021,2,58,5
2021-02-28,Colombo,0.0,31.7,23.1,27.4,2021,2,59,6
2021-03-01,Colombo,0.0,31.4,25.2,28.3,2021,3,60,0
2021-03-02,Colombo,0.0,31.1,22.9,27.0,2021,3,61,1
2021-03-03,Colombo,0.0,31.4,23.0,27.2,2021,3,62,2
2021-03-04,Colombo,0.0,31.5,24.3,27.9,2021,3,63,3
2021-03-05,Colombo,0.0,32.4,24.5,28.45,2021,3,64,4
2021-03-06,Colombo,2.5,31.8,25.2,28.5,2021,3,65,5
2021-03-07,Colombo,0.0,31.2,23.3,27.25,2021,3,66,6
2021-03-08,Colombo,8.5,32.1,25.2,28.65,2021,3,67,0
2021-03-09,Colombo,0.0,30.8,23.0,26.9,2021,3,68,1
2021-03-10,Colombo,8.3,31.4,23.9,27.65,2021,3,69,2
2021-03-11,Colombo,11.0,30.4,23.8,27.1,2021,3,70,3
2021-03-12,Colombo,19.4,32.6,23.5,28.05,2021,3,71,4
2021-03-13,Colombo,7.1,31.6,24.6,28.1,2021,3,72,5
2021-03-14,Colombo,4.2,31.8,24.5,28.15,2021,3,73,6
2021-03-15,Colombo,0.0,32.9,24.5,28.7,2021,3,74,0
2021-03-16,Colombo,0.0,31.8,25.4,28.6,2021,3,75,1
2021-03-17,Colombo,0.0,32.0,24.9,28.45,2021,3,76,2
2021-03-18,Colombo,10.9,31.5,25.6,28.55,2021,3,77,3
2021-03-19,Colombo,10.8,30.8,23.8,27.3,2021,3,78,4
2021-03-20,Colombo,1.5,30.1,25.0,27.55,2021,3,79,5
2021-03-21,Colombo,2.2,31.1,24.7,27.9,2021,3,80,6
2021-03-22,Colombo,0.6,31.6,24.1,27.85,2021,3,81,0
2021-03-23,Colombo,0.2,31.8,24.6,28.2,2021,3,82,1
2021-03-24,Colombo,0.0,32.2,25.3,28.75,2021,3,83,2
2021-03-25,Colombo,0.0,31.1,25.4,28.25,2021,3,84,3
2021-03-26,Colombo,13.7,32.3,25.7,29.0,2021,3,85,4
2021-03-27,Colombo,31.5,31.4,24.7,28.05,2021,3,86,5
2021-03-28,Colombo,16.2,31.8,23.6,27.7,2021,3,87,6
2021-03-29,Colombo,0.0,31.5,21.5,26.5,2021,3,88,0
2021-03-30,Colombo,0.0,32.5,23.6,28.05,2021,3,89,1
2021-03-31,Colombo,0.0,32.1,25.9,29.0,2021,3,90,2
2021-04-01,Colombo,0.0,32.0,26.7,29.35,2021,4,91,3
2021-04-02,Colombo,0.0,32.1,28.4,30.25,2021,4,92,4
2021-04-03,Colombo,0.0,32.3,27.9,30.1,2021,4,93,5
2021-04-04,Colombo,0.0,31.7,25.2,28.45,2021,4,94,6
2021-04-05,Colombo,0.0,32.1,26.2,29.15,2021,4,95,0
2021-04-06,Colombo,0.2,32.7,26.7,29.7,2021,4,96,1
2021-04-07,Colombo,0.0,32.2,24.9,28.55,2021,4,97,2
2021-04-08,Colombo,10.7,31.7,24.3,28.0,2021,4,98,3
2021-04-09,Colombo,1.2,32.2,25.4,28.8,2021,4,99,4
2021-04-10,Colombo,0.0,31.8,25.9,28.85,2021,4,100,5
2021-04-11,Colombo,0.3,31.9,25.0,28.45,2021,4,101,6
2021-04-12,Colombo,8.4,32.4,25.0,28.7,2021,4,102,0
2021-04-13,Colombo,0.3,31.6,25.0,28.3,2021,4,103,1
2021-04-14,Colombo,0.0,32.0,25.7,28.85,2021,4,104,2
2021-04-15,Colombo,0.0,31.4,25.2,28.3,2021,4,105,3
2021-04-16,Colombo,0.1,32.4,25.4,28.9,2021,4,106,4
2021-04-17,Colombo,0.9,30.5,26.4,28.45,2021,4,107,5
2021-04-18,Colombo,36.5,32.4,25.3,28.85,2021,4,108,6
2021-04-19,Colombo,17.4,32.1,25.3,28.7,2021,4,109,0
2021-04-20,Colombo,15.3,32.0,25.6,28.8,2021,4,110,1
2021-04-21,Colombo,0.0,31.2,25.5,28.35,2021,4,111,2
2021-04-22,Colombo,39.6,32.1,25.9,29.0,2021,4,112,3
2021-04-23,Colombo,67.4,28.0,24.9,26.45,2021,4,113,4
2021-04-24,Colombo,27.9,31.9,23.3,27.6,2021,4,114,5
2021-04-25,Colombo,1.1,32.1,24.2,28.15,2021,4,115,6
2021-04-26,Colombo,0.0,32.0,25.6,28.8,2021,4,116,0
2021-04-27,Colombo,0.0,32.1,26.4,29.25,2021,4,117,1
2021-04-28,Colombo,0.2,32.5,26.6,29.55,2021,4,118,2
2021-04-29,Colombo,97.3,32.4,27.0,29.7,2021,4,119,3
2021-04-30,Colombo,0.8,31.2,24.1,27.65,2021,4,120,4
2021-05-01,Colombo,0.0,30.9,25.4,28.15,2021,5,121,5
2021-05-02,Colombo,3.5,31.8,25.6,28.7,2021,5,122,6
2021-05-03,Colombo,2.9,31.4,25.4,28.4,2021,5,123,0
2021-05-04,Colombo,2.8,31.3,24.4,27.85,2021,5,124,1
2021-05-05,Colombo,0.0,31.7,24.3,28.0,2021,5,125,2
2021-05-06,Colombo,5.8,31.7,26.1,28.9,2021,5,126,3
2021-05-07,Colombo,0.6,31.8,24.9,28.35,2021,5,127,4
2021-05-08,Colombo,1.2,31.7,25.1,28.4,2021,5,128,5
2021-05-09,Colombo,22.0,32.5,25.2,28.85,2021,5,129,6
2021-05-10,Colombo,0.0,32.3,25.5,28.9,2021,5,130,0
2021-05-11,Colombo,77.2,32.1,26.0,29.05,2021,5,131,1
2021-05-12,Colombo,34.4,30.8,24.8,27.8,2021,5,132,2
2021-05-13,Colombo,35.0,30.1,25.4,27.75,2021,5,133,3
2021-05-14,Colombo,9.2,30.5,25.0,27.75,2021,5,134,4
2021-05-15,Colombo,0.2,31.8,25.4,28.6,2021,5,135,5
2021-05-16,Colombo,0.1,31.8,26.7,29.25,2021,5,136,6
2021-05-17,Colombo,0.0,32.4,26.1,29.25,2021,5,137,0
2021-05-18,Colombo,0.0,32.1,27.0,29.55,2021,5,138,1
2021-05-19,Colombo,17.7,32.4,27.7,30.05,2021,5,139,2
2021-05-20,Colombo,46.7,32.3,24.3,28.3,2021,5,140,3
2021-05-21,Colombo,26.2,31.7,24.6,28.15,2021,5,141,4
2021-05-22,Colombo,1.6,31.9,24.8,28.35,2021,5,142,5
2021-05-23,Colombo,37.5,29.5,26.9,28.2,2021,5,143,6
2021-05-24,Colombo,12.7,31.9,25.0,28.45,2021,5,144,0
2021-05-25,Colombo,5.9,29.4,26.0,27.7,2021,5,145,1
2021-05-26,Colombo,7.6,30.9,27.0,28.95,2021,5,146,2
2021-05-27,Colombo,0.5,31.3,25.5,28.4,2021,5,147,3
2021-05-28,Colombo,0.1,31.3,28.3,29.8,2021,5,148,4
2021-05-29,Colombo,0.0,31.4,28.4,29.9,2021,5,149,5
2021-05-30,Colombo,0.0,31.5,28.3,29.9,2021,5,150,6
2021-05-31,Colombo,0.0,31.6,28.4,30.0,2021,5,151,0
2021-06-01,Colombo,3.4,31.5,27.9,29.7,2021,6,152,1
2021-06-02,Colombo,1.8,31.5,27.1,29.3,2021,6,153,2
2021-06-03,Colombo,140.6,26.6,26.2,26.4,2021,6,154,3
2021-06-04,Colombo,33.5,31.0,24.6,27.8,2021,6,155,4
2021-06-05,Colombo,3.5,29.8,25.3,27.55,2021,6,156,5
2021-06-06,Colombo,10.6,30.9,25.4,28.15,2021,6,157,6
2021-06-07,Colombo,11.0,31.0,25.3,28.15,2021,6,158,0
2021-06-08,Colombo,8.6,30.5,26.0,28.25,2021,6,159,1
2021-06-09,Colombo,18.8,30.8,25.0,27.9,2021,6,160,2
2021-06-10,Colombo,0.0,31.1,25.4,28.25,2021,6,161,3
2021-06-11,Colombo,0.0,31.3,27.4,29.35,2021,6,162,4
2021-06-12,Colombo,8.3,30.8,27.6,29.2,2021,6,163,5
2021-06-13,Colombo,47.0,30.8,25.6,28.2,2021,6,164,6
2021-06-14,Colombo,11.3,30.8,23.9,27.35,2021,6,165,0
2021-06-15,Colombo,0.0,31.3,24.4,27.85,2021,6,166,1
2021-06-16,Colombo,3.5,30.8,27.4,29.1,2021,6,167,2
2021-06-17,Colombo,0.0,31.2,27.1,29.15,2021,6,168,3
2021-06-18,Colombo,0.5,31.4,26.5,28.95,2021,6,169,4
2021-06-19,Colombo,0.0,31.3,27.2,29.25,2021,6,170,5
2021-06-20,Colombo,0.0,31.3,27.9,29.6,2021,6,171,6
2021-06-21,Colombo,0.0,31.2,28.0,29.6,2021,6,172,0
2021-06-22,Colombo,0.4,31.2,27.9,29.55,2021,6,173,1
2021-06-23,Colombo,6.4,31.5,27.3,29.4,2021,6,174,2
2021-06-24,Colombo,0.0,31.2,26.4,28.8,2021,6,175,3
2021-06-25,Colombo,0.4,31.2,27.7,29.45,2021,6,176,4
2021-06-26,Colombo,1.1,31.2,27.6,29.4,2021,6,177,5
2021-06-27,Colombo,1.0,31.3,27.5,29.4,2021,6,178,6
2021-06-28,Colombo,1.4,31.2,26.4,28.8,2021,6,179,0
2021-06-29,Colombo,4.1,31.2,25.4,28.3,2021,6,180,1
2021-06-30,Colombo,0.1,30.9,25.0,27.95,2021,6,181,2
2021-07-01,Colombo,8.9,30.5,26.6,28.55,2021,7,182,3
2021-07-02,Colombo,6.3,31.0,24.6,27.8,2021,7,183,4
2021-07-03,Colombo,0.4,30.7,26.1,28.4,2021,7,184,5
2021-07-04,Colombo,25.6,30.9,27.1,29.0,2021,7,185,6
2021-07-05,Colombo,0.0,30.8,25.7,28.25,2021,7,186,0
2021-07-06,Colombo,1.9,30.5,27.6,29.05,2021,7,187,1
2021-07-07,Colombo,8.4,30.9,26.9,28.9,2021,7,188,2
2021-07-08,Colombo,2.6,31.1,26.4,28.75,2021,7,189,3
2021-07-09,Colombo,12.0,29.2,26.4,27.8,2021,7,190,4
2021-07-10,Colombo,3.2,29.3,25.0,27.15,2021,7,191,5
2021-07-11,Colombo,0.5,30.0,24.7,27.35,2021,7,192,6
2021-07-12,Colombo,0.0,30.7,26.8,28.75,2021,7,193,0
2021-07-13,Colombo,0.0,30.5,27.3,28.9,2021,7,194,1
2021-07-14,Colombo,0.0,30.5,27.1,28.8,2021,7,195,2
2021-07-15,Colombo,0.0,30.7,27.4,29.05,2021,7,196,3
2021-07-16,Colombo,0.0,30.9,26.4,28.65,2021,7,197,4
2021-07-17,Colombo,0.0,30.4,27.6,29.0,2021,7,198,5
2021-07-18,Colombo,0.0,30.5,27.0,28.75,2021,7,199,6
2021-07-19,Colombo,0.0,30.9,27.0,28.95,2021,7,200,0
2021-07-20,Colombo,0.0,31.0,27.3,29.15,2021,7,201,1
2021-07-21,Colombo,0.5,31.1,27.3,29.2,2021,7,202,2
2021-07-22,Colombo,1.1,30.9,25.6,28.25,2021,7,203,3
2021-07-23,Colombo,56.4,30.6,26.8,28.7,2021,7,204,4
2021-07-24,Colombo,48.9,28.6,23.5,26.05,2021,7,205,5
2021-07-25,Colombo,4.0,30.2,24.4,27.3,2021,7,206,6
2021-07-26,Colombo,97.5,27.4,25.6,26.5,2021,7,207,0
2021-07-27,Colombo,0.0,30.2,23.2,26.7,2021,7,208,1
2021-07-28,Colombo,0.1,30.4,26.0,28.2,2021,7,209,2
2021-07-29,Colombo,0.0,30.4,24.7,27.55,2021,7,210,3
2021-07-30,Colombo,0.0,30.3,27.3,28.8,2021,7,211,4
2021-07-31,Colombo,0.0,30.4,27.4,28.9,2021,7,212,5
2021-08-01,Colombo,0.0,30.4,27.4,28.9,2021,8,213,6
2021-08-02,Colombo,0.0,30.4,27.4,28.9,2021,8,214,0
2021-08-03,Colombo,2.1,30.3,26.6,28.45,2021,8,215,1
2021-08-04,Colombo,0.0,30.6,26.7,28.65,2021,8,216,2
2021-08-05,Colombo,0.0,30.6,27.2,28.9,2021,8,217,3
2021-08-06,Colombo,0.7,30.8,27.3,29.05,2021,8,218,4
2021-08-07,Colombo,1.8,29.7,26.7,28.2,2021,8,219,5
2021-08-08,Colombo,13.7,29.2,26.6,27.9,2021,8,220,6
2021-08-09,Colombo,11.1,30.1,25.6,27.85,2021,8,221,0
2021-08-10,Colombo,0.0,30.1,24.6,27.35,2021,8,222,1
2021-08-11,Colombo,0.0,29.5,26.9,28.2,2021,8,223,2
2021-08-12,Colombo,0.0,28.6,27.2,27.9,2021,8,224,3
2021-08-13,Colombo,0.0,29.4,26.2,27.8,2021,8,225,4
2021-08-14,Colombo,0.0,29.7,26.7,28.2,2021,8,226,5
2021-08-15,Colombo,0.0,29.9,26.7,28.3,2021,8,227,6
2021-08-16,Colombo,0.1,29.9,26.9,28.4,2021,8,228,0
2021-08-17,Colombo,2.2,30.4,26.5,28.45,2021,8,229,1
2021-08-18,Colombo,9.4,30.0,24.9,27.45,2021,8,230,2
2021-08-19,Colombo,0.0,29.9,26.1,28.0,2021,8,231,3
2021-08-20,Colombo,0.0,30.4,25.5,27.95,2021,8,232,4
2021-08-21,Colombo,0.0,29.5,27.0,28.25,2021,8,233,5
2021-08-22,Colombo,0.1,30.0,25.9,27.95,2021,8,234,6
2021-08-23,Colombo,2.2,30.6,25.5,28.05,2021,8,235,0
2021-08-24,Colombo,13.1,30.6,25.2,27.9,2021,8,236,1
2021-08-25,Colombo,21.8,29.6,24.2,26.9,2021,8,237,2
2021-08-26,Colombo,45.4,28.3,24.5,26.4,2021,8,238,3
2021-08-27,Colombo,1.3,29.7,23.7,26.7,2021,8,239,4
2021-08-28,Colombo,25.2,30.1,25.0,27.55,2021,8,240,5
2021-08-29,Colombo,13.6,30.1,24.2,27.15,2021,8,241,6
2021-08-30,Colombo,0.0,30.4,23.8,27.1,2021,8,242,0
2021-08-31,Colombo,0.2,30.7,26.5,28.6,2021,8,243,1
2021-09-01,Colombo,2.9,30.7,26.5,28.6,2021,9,244,2
2021-09-02,Colombo,11.4,30.3,26.3,28.3,2021,9,245,3
2021-09-03,Colombo,3.7,30.0,24.5,27.25,2021,9,246,4
2021-09-04,Colombo,12.1,29.1,25.0,27.05,2021,9,247,5
2021-09-05,Colombo,3.6,30.7,24.6,27.65,2021,9,248,6
2021-09-06,Colombo,8.8,30.7,26.1,28.4,2021,9,249,0
2021-09-07,Colombo,9.8,30.9,25.3,28.1,2021,9,250,1
2021-09-08,Colombo,2.3,30.5,25.1,27.8,2021,9,251,2
2021-09-09,Colombo,0.0,30.6,25.4,28.0,2021,9,252,3
2021-09-10,Colombo,0.7,31.0,27.4,29.2,2021,9,253,4
2021-09-11,Colombo,0.0,31.0,27.2,29.1,2021,9,254,5
2021-09-12,Colombo,16.4,31.6,27.3,29.45,2021,9,255,6
2021-09-13,Colombo,15.0,30.2,25.3,27.75,2021,9,256,0
2021-09-14,Colombo,0.5,30.9,25.4,28.15,2021,9,257,1
2021-09-15,Colombo,22.2,30.5,26.1,28.3,2021,9,258,2
2021-09-16,Colombo,3.4,29.5,25.5,27.5,2021,9,259,3
2021-09-17,Colombo,0.0,30.7,25.8,28.25,2021,9,260,4
2021-09-18,Colombo,1.1,30.7,27.0,28.85,2021,9,261,5
2021-09-19,Colombo,0.0,31.1,25.8,28.45,2021,9,262,6
2021-09-20,Colombo,37.3,30.7,26.8,28.75,2021,9,263,0
2021-09-21,Colombo,5.5,27.7,23.8,25.75,2021,9,264,1
2021-09-22,Colombo,0.4,31.3,24.2,27.75,2021,9,265,2
2021-09-23,Colombo,0.0,31.0,26.8,28.9,2021,9,266,3
2021-09-24,Colombo,0.7,30.8,27.6,29.2,2021,9,267,4
2021-09-25,Colombo,0.1,30.8,26.7,28.75,2021,9,268,5
2021-09-26,Colombo,17.8,30.6,27.4,29.0,2021,9,269,6
2021-09-27,Colombo,13.7,30.2,25.6,27.9,2021,9,270,0
2021-09-28,Colombo,0.0,28.8,24.4,26.6,2021,9,271,1
2021-09-29,Colombo,0.0,30.6,24.4,27.5,2021,9,272,2
2021-09-30,Colombo,0.0,30.0,26.7,28.35,2021,9,273,3
2021-10-01,Colombo,38.2,28.5,27.2,27.85,2021,10,274,4
2021-10-02,Colombo,1.8,30.0,22.7,26.35,2021,10,275,5
2021-10-03,Colombo,2.2,30.2,25.3,27.75,2021,10,276,6
2021-10-04,Colombo,5.3,30.6,26.5,28.55,2021,10,277,0
2021-10-05,Colombo,46.1,27.5,25.6,26.55,2021,10,278,1
2021-10-06,Colombo,0.0,30.1,24.1,27.1,2021,10,279,2
2021-10-07,Colombo,0.4,31.1,24.5,27.8,2021,10,280,3
2021-10-08,Colombo,1.3,31.1,25.6,28.35,2021,10,281,4
2021-10-09,Colombo,3.6,31.0,26.6,28.8,2021,10,282,5
2021-10-10,Colombo,11.6,31.0,27.0,29.0,2021,10,283,6
2021-10-11,Colombo,0.0,29.7,25.0,27.35,2021,10,284,0
2021-10-12,Colombo,3.7,30.3,26.4,28.35,2021,10,285,1
2021-10-13,Colombo,1.5,31.3,25.2,28.25,2021,10,286,2
2021-10-14,Colombo,0.0,31.1,27.3,29.2,2021,10,287,3
2021-10-15,Colombo,2.1,31.2,27.6,29.4,2021,10,288,4
2021-10-16,Colombo,8.3,30.2,26.4,28.3,2021,10,289,5
2021-10-17,Colombo,1.3,31.0,25.6,28.3,2021,10,290,6
2021-10-18,Colombo,1.0,30.6,26.4,28.5,2021,10,291,0
2021-10-19,Colombo,3.1,30.7,26.2,28.45,2021,10,292,1
2021-10-20,Colombo,51.0,30.6,25.1,27.85,2021,10,293,2
2021-10-21,Colombo,0.5,30.5,22.9,26.7,2021,10,294,3
2021-10-22,Colombo,2.4,30.6,25.5,28.05,2021,10,295,4
2021-10-23,Colombo,6.1,31.1,24.9,28.0,2021,10,296,5
2021-10-24,Colombo,3.9,30.2,23.4,26.8,2021,10,297,6
2021-10-25,Colombo,11.2,30.6,25.1,27.85,2021,10,298,0
2021-10-26,Colombo,19.0,30.2,24.1,27.15,2021,10,299,1
2021-10-27,Colombo,10.3,30.1,23.5,26.8,2021,10,300,2
2021-10-28,Colombo,22.0,29.4,23.8,26.6,2021,10,301,3
2021-10-29,Colombo,8.9,30.5,24.5,27.5,2021,10,302,4
2021-10-30,Colombo,18.9,29.2,24.4,26.8,2021,10,303,5
2021-10-31,Colombo,38.5,31.3,23.7,27.5,2021,10,304,6
2021-11-01,Colombo,11.6,29.2,24.8,27.0,2021,11,305,0
2021-11-02,Colombo,0.0,30.8,24.8,27.8,2021,11,306,1
2021-11-03,Colombo,14.7,29.7,24.7,27.2,2021,11,307,2
2021-11-04,Colombo,4.7,30.8,23.9,27.35,2021,11,308,3
2021-11-05,Colombo,24.7,30.0,23.7,26.85,2021,11,309,4
2021-11-06,Colombo,21.4,29.9,24.5,27.2,2021,11,310,5
2021-11-07,Colombo,64.6,29.3,25.3,27.3,2021,11,311,6
2021-11-08,Colombo,42.2,27.0,22.2,24.6,2021,11,312,0
2021-11-09,Colombo,23.8,28.5,23.1,25.8,2021,11,313,1
2021-11-10,Colombo,6.9,29.2,23.6,26.4,2021,11,314,2
2021-11-11,Colombo,14.1,29.4,23.5,26.45,2021,11,315,3
2021-11-12,Colombo,0.4,29.7,25.0,27.35,2021,11,316,4
2021-11-13,Colombo,23.4,30.8,25.2,28.0,2021,11,317,5
2021-11-14,Colombo,52.5,28.0,24.1,26.05,2021,11,318,6
2021-11-15,Colombo,28.1,29.2,23.6,26.4,2021,11,319,0
2021-11-16,Colombo,10.1,28.9,24.7,26.8,2021,11,320,1
2021-11-17,Colombo,59.5,29.8,25.7,27.75,2021,11,321,2
2021-11-18,Colombo,0.2,30.2,24.1,27.15,2021,11,322,3
2021-11-19,Colombo,12.4,29.6,25.5,27.55,2021,11,323,4
2021-11-20,Colombo,0.0,30.6,25.4,28.0,2021,11,324,5
2021-11-21,Colombo,0.0,30.9,22.6,26.75,2021,11,325,6
2021-11-22,Colombo,0.0,31.5,24.0,27.75,2021,11,326,0
2021-11-23,Colombo,41.3,33.1,25.2,29.15,2021,11,327,1
2021-11-24,Colombo,15.8,28.9,24.0,26.45,2021,11,328,2
2021-11-25,Colombo,0.0,27.5,24.3,25.9,2021,11,329,3
2021-11-26,Colombo,0.0,31.0,23.6,27.3,2021,11,330,4
2021-11-27,Colombo,10.4,31.3,25.0,28.15,2021,11,331,5
2021-11-28,Colombo,0.6,30.6,24.2,27.4,2021,11,332,6
2021-11-29,Colombo,0.0,29.1,24.4,26.75,2021,11,333,0
2021-11-30,Colombo,0.0,30.6,24.8,27.7,2021,11,334,1
2021-12-01,Colombo,0.7,30.8,24.0,27.4,2021,12,335,2
2021-12-02,Colombo,0.0,31.1,23.8,27.45,2021,12,336,3
2021-12-03,Colombo,17.0,31.2,25.1,28.15,2021,12,337,4
2021-12-04,Colombo,0.0,30.9,25.1,28.0,2021,12,338,5
2021-12-05,Colombo,0.7,31.5,25.0,28.25,2021,12,339,6
2021-12-06,Colombo,0.0,30.1,24.9,27.5,2021,12,340,0
2021-12-07,Colombo,0.0,32.6,24.9,28.75,2021,12,341,1
2021-12-08,Colombo,5.5,32.1,24.2,28.15,2021,12,342,2
2021-12-09,Colombo,0.0,30.7,25.3,28.0,2021,12,343,3
2021-12-10,Colombo,27.7,32.6,24.3,28.45,2021,12,344,4
2021-12-11,Colombo,0.0,32.6,24.4,28.5,2021,12,345,5
2021-12-12,Colombo,8.5,31.5,24.7,28.1,2021,12,346,6
2021-12-13,Colombo,31.4,31.1,24.0,27.55,2021,12,347,0
2021-12-14,Colombo,0.9,30.2,24.1,27.15,2021,12,348,1
2021-12-15,Colombo,0.0,30.6,24.3,27.45,2021,12,349,2
2021-12-16,Colombo,0.0,32.1,24.5,28.3,2021,12,350,3
2021-12-17,Colombo,0.0,32.5,24.5,28.5,2021,12,351,4
2021-12-18,Colombo,0.0,32.5,24.4,28.45,2021,12,352,5
2021-12-19,Colombo,0.0,32.7,25.3,29.0,2021,12,353,6
2021-12-20,Colombo,0.0,33.0,24.1,28.55,2021,12,354,0
2021-12-21,Colombo,0.0,31.6,24.9,28.25,2021,12,355,1
2021-12-22,Colombo,0.0,32.0,24.1,28.05,2021,12,356,2
2021-12-23,Colombo,0.0,31.6,23.5,27.55,2021,12,357,3
2021-12-24,Colombo,0.0,31.5,21.8,26.65,2021,12,358,4
2021-12-25,Colombo,0.0,31.0,22.1,26.55,2021,12,359,5
2021-12-26,Colombo,0.0,30.8,21.7,26.25,2021,12,360,6
2021-12-27,Colombo,0.0,32.1,22.5,27.3,2021,12,361,0
2021-12-28,Colombo,0.0,32.0,22.8,27.4,2021,12,362,1
2021-12-29,Colombo,0.0,32.2,24.3,28.25,2021,12,363,2
2021-12-30,Colombo,3.0,31.4,23.9,27.65,2021,12,364,3
2021-12-31,Colombo,0.2,31.2,23.4,27.3,2021,12,365,4
2022-01-01,Colombo,0.1,31.4,23.7,27.55,2022,1,1,5
2022-01-02,Colombo,7.6,32.0,24.6,28.3,2022,1,2,6
2022-01-03,Colombo,7.3,32.1,24.5,28.3,2022,1,3,0
2022-01-04,Colombo,0.0,31.3,23.4,27.35,2022,1,4,1
2022-01-05,Colombo,0.0,30.9,24.2,27.55,2022,1,5,2
2022-01-06,Colombo,0.0,33.7,24.6,29.15,2022,1,6,3
2022-01-07,Colombo,0.0,32.3,24.7,28.5,2022,1,7,4
2022-01-08,Colombo,0.0,33.7,24.6,29.15,2022,1,8,5
2022-01-09,Colombo,0.3,34.5,24.7,29.6,2022,1,9,6
2022-01-10,Colombo,0.1,30.9,24.6,27.75,2022,1,10,0
2022-01-11,Colombo,0.0,32.1,24.3,28.2,2022,1,11,1
2022-01-12,Colombo,0.0,31.2,24.0,27.6,2022,1,12,2
2022-01-13,Colombo,0.0,32.0,24.9,28.45,2022,1,13,3
2022-01-14,Colombo,0.0,32.1,25.1,28.6,2022,1,14,4
2022-01-15,Colombo,2.3,31.1,25.9,28.5,2022,1,15,5
2022-01-16,Colombo,0.0,31.4,24.9,28.15,2022,1,16,6
2022-01-17,Colombo,0.0,34.1,24.3,29.2,2022,1,17,0
2022-01-18,Colombo,0.0,34.6,24.1,29.35,2022,1,18,1
2022-01-19,Colombo,0.0,34.7,24.8,29.75,2022,1,19,2
2022-01-20,Colombo,0.0,34.0,23.5,28.75,2022,1,20,3
2022-01-21,Colombo,0.0,32.4,19.8,26.1,2022,1,21,4
2022-01-22,Colombo,0.0,31.3,20.4,25.85,2022,1,22,5
2022-01-23,Colombo,0.0,31.5,23.4,27.45,2022,1,23,6
2022-01-24,Colombo,58.6,31.2,23.9,27.55,2022,1,24,0
2022-01-25,Colombo,0.0,30.6,21.5,26.05,2022,1,25,1
2022-01-26,Colombo,0.0,30.4,23.1,26.75,2022,1,26,2
2022-01-27,Colombo,0.0,33.4,22.9,28.15,2022,1,27,3
2022-01-28,Colombo,0.0,31.4,23.2,27.3,2022,1,28,4
2022-01-29,Colombo,0.0,32.4,24.4,28.4,2022,1,29,5
2022-01-30,Colombo,0.0,31.3,24.7,28.0,2022,1,30,6
2022-01-31,Colombo,0.0,31.5,25.4,28.45,2022,1,31,0
2022-02-01,Colombo,0.0,34.1,23.9,29.0,2022,2,32,1
2022-02-02,Colombo,0.0,31.2,23.5,27.35,2022,2,33,2
2022-02-03,Colombo,0.0,30.7,23.1,26.9,2022,2,34,3
2022-02-04,Colombo,0.0,30.8,23.0,26.9,2022,2,35,4
2022-02-05,Colombo,0.0,32.1,23.7,27.9,2022,2,36,5
2022-02-06,Colombo,0.0,33.2,24.9,29.05,2022,2,37,6
2022-02-07,Colombo,0.0,34.6,24.8,29.7,2022,2,38,0
2022-02-08,Colombo,0.0,32.7,22.9,27.8,2022,2,39,1
2022-02-09,Colombo,0.0,34.1,23.7,28.9,2022,2,40,2
2022-02-10,Colombo,0.0,30.5,24.4,27.45,2022,2,41,3
2022-02-11,Colombo,0.2,31.1,25.1,28.1,2022,2,42,4
2022-02-12,Colombo,19.2,32.1,24.3,28.2,2022,2,43,5
2022-02-13,Colombo,0.0,30.4,23.8,27.1,2022,2,44,6
2022-02-14,Colombo,0.0,33.1,24.3,28.7,2022,2,45,0
2022-02-15,Colombo,0.0,32.5,23.2,27.85,2022,2,46,1
2022-02-16,Colombo,0.0,32.0,22.7,27.35,2022,2,47,2
2022-02-17,Colombo,0.0,30.8,23.3,27.05,2022,2,48,3
2022-02-18,Colombo,0.0,30.7,24.3,27.5,2022,2,49,4
2022-02-19,Colombo,0.0,29.1,25.8,27.45,2022,2,50,5
2022-02-20,Colombo,0.0,32.3,23.4,27.85,2022,2,51,6
2022-02-21,Colombo,0.0,31.5,25.4,28.45,2022,2,52,0
2022-02-22,Colombo,0.0,32.0,26.0,29.0,2022,2,53,1
2022-02-23,Colombo,0.3,32.1,24.2,28.15,2022,2,54,2
2022-02-24,Colombo,1.3,33.0,25.3,29.15,2022,2,55,3
2022-02-25,Colombo,0.8,32.6,25.6,29.1,2022,2,56,4
2022-02-26,Colombo,3.1,31.6,24.2,27.9,2022,2,57,5
2022-02-27,Colombo,0.0,33.9,23.2,28.55,2022,2,58,6
2022-02-28,Colombo,0.0,33.7,24.0,28.85,2022,2,59,0
2022-03-01,Colombo,0.0,35.7,23.9,29.8,2022,3,60,1
2022-03-02,Colombo,0.0,33.8,24.1,28.95,2022,3,61,2
2022-03-03,Colombo,0.0,33.9,26.2,30.05,2022,3,62,3
2022-03-04,Colombo,0.0,31.8,26.0,28.9,2022,3,63,4
2022-03-05,Colombo,0.0,32.1,25.0,28.55,2022,3,64,5
2022-03-06,Colombo,0.0,32.4,25.0,28.7,2022,3,65,6
2022-03-07,Colombo,0.0,32.1,25.2,28.65,2022,3,66,0
2022-03-08,Colombo,0.5,31.9,26.7,29.3,2022,3,67,1
2022-03-09,Colombo,0.0,32.3,24.6,28.45,2022,3,68,2
2022-03-10,Colombo,0.0,32.1,25.6,28.85,2022,3,69,3
2022-03-11,Colombo,0.9,32.2,26.0,29.1,2022,3,70,4
2022-03-12,Colombo,33.2,32.1,24.2,28.15,2022,3,71,5
2022-03-13,Colombo,20.2,32.2,23.2,27.7,2022,3,72,6
2022-03-14,Colombo,0.0,32.0,24.6,28.3,2022,3,73,0
2022-03-15,Colombo,0.0,32.4,25.6,29.0,2022,3,74,1
2022-03-16,Colombo,0.0,31.1,26.5,28.8,2022,3,75,2
2022-03-17,Colombo,0.0,32.0,27.7,29.85,2022,3,76,3
2022-03-18,Colombo,0.0,32.3,25.3,28.8,2022,3,77,4
2022-03-19,Colombo,0.0,32.0,28.0,30.0,2022,3,78,5
2022-03-20,Colombo,0.0,32.3,28.2,30.25,2022,3,79,6
2022-03-21,Colombo,0.0,31.9,26.6,29.25,2022,3,80,0
2022-03-22,Colombo,0.0,32.4,27.8,30.1,2022,3,81,1
2022-03-23,Colombo,0.0,32.0,26.8,29.4,2022,3,82,2
2022-03-24,Colombo,0.0,31.9,27.0,29.45,2022,3,83,3
2022-03-25,Colombo,0.1,31.9,26.6,29.25,2022,3,84,4
2022-03-26,Colombo,0.0,31.9,25.6,28.75,2022,3,85,5
2022-03-27,Colombo,0.0,32.4,26.0,29.2,2022,3,86,6
2022-03-28,Colombo,0.0,33.4,26.1,29.75,2022,3,87,0
2022-03-29,Colombo,0.0,33.5,26.5,30.0,2022,3,88,1
2022-03-30,Colombo,0.0,32.2,26.0,29.1,2022,3,89,2
2022-03-31,Colombo,0.0,32.8,24.9,28.85,2022,3,90,3
2022-04-01,Colombo,0.2,32.6,25.2,28.9,2022,4,91,4
2022-04-02,Colombo,0.0,32.9,25.8,29.35,2022,4,92,5
2022-04-03,Colombo,1.5,32.5,26.5,29.5,2022,4,93,6
2022-04-04,Colombo,0.0,32.6,25.3,28.95,2022,4,94,0
2022-04-05,Colombo,4.5,32.4,25.5,28.95,2022,4,95,1
2022-04-06,Colombo,0.0,32.1,23.9,28.0,2022,4,96,2
2022-04-07,Colombo,45.2,33.1,24.4,28.75,2022,4,97,3
2022-04-08,Colombo,22.9,30.8,23.8,27.3,2022,4,98,4
2022-04-09,Colombo,32.7,30.1,22.9,26.5,2022,4,99,5
2022-04-10,Colombo,102.2,26.2,24.3,25.25,2022,4,100,6
2022-04-11,Colombo,38.1,30.7,23.4,27.05,2022,4,101,0
2022-04-12,Colombo,6.2,32.6,25.1,28.85,2022,4,102,1
2022-04-13,Colombo,15.2,31.6,24.3,27.95,2022,4,103,2
2022-04-14,Colombo,0.0,31.9,24.5,28.2,2022,4,104,3
2022-04-15,Colombo,0.0,32.0,25.9,28.95,2022,4,105,4
2022-04-16,Colombo,0.0,32.4,26.1,29.25,2022,4,106,5
2022-04-17,Colombo,0.0,31.9,26.2,29.05,2022,4,107,6
2022-04-18,Colombo,3.2,31.7,25.9,28.8,2022,4,108,0
2022-04-19,Colombo,63.9,30.2,27.3,28.75,2022,4,109,1
2022-04-20,Colombo,25.6,32.1,25.6,28.85,2022,4,110,2
2022-04-21,Colombo,0.0,31.5,26.0,28.75,2022,4,111,3
2022-04-22,Colombo,10.8,32.1,27.1,29.6,2022,4,112,4
2022-04-23,Colombo,0.1,31.4,24.9,28.15,2022,4,113,5
2022-04-24,Colombo,0.0,32.1,25.6,28.85,2022,4,114,6
2022-04-25,Colombo,4.4,31.6,25.6,28.6,2022,4,115,0
2022-04-26,Colombo,0.0,32.1,26.2,29.15,2022,4,116,1
2022-04-27,Colombo,71.1,32.5,26.6,29.55,2022,4,117,2
2022-04-28,Colombo,0.5,32.5,25.0,28.75,2022,4,118,3
2022-04-29,Colombo,13.3,32.1,24.9,28.5,2022,4,119,4
2022-04-30,Colombo,12.6,32.7,26.2,29.45,2022,4,120,5
2022-05-01,Colombo,3.5,31.3,27.1,29.2,2022,5,121,6
2022-05-02,Colombo,0.4,32.4,27.6,30.0,2022,5,122,0
2022-05-03,Colombo,0.0,32.5,29.1,30.8,2022,5,123,1
2022-05-04,Colombo,0.4,32.9,27.9,30.4,2022,5,124,2
2022-05-05,Colombo,48.3,32.5,26.9,29.7,2022,5,125,3
2022-05-06,Colombo,4.2,32.3,24.4,28.35,2022,5,126,4
2022-05-07,Colombo,0.0,32.3,26.0,29.15,2022,5,127,5
2022-05-08,Colombo,0.0,32.2,29.1,30.65,2022,5,128,6
2022-05-09,Colombo,6.9,32.4,29.3,30.85,2022,5,129,0
2022-05-10,Colombo,0.9,32.0,27.5,29.75,2022,5,130,1
2022-05-11,Colombo,3.5,32.2,28.1,30.15,2022,5,131,2
2022-05-12,Colombo,32.9,31.7,25.9,28.8,2022,5,132,3
2022-05-13,Colombo,5.9,28.4,25.4,26.9,2022,5,133,4
2022-05-14,Colombo,3.0,30.2,25.9,28.05,2022,5,134,5
2022-05-15,Colombo,16.6,30.9,26.1,28.5,2022,5,135,6
2022-05-16,Colombo,5.0,31.0,25.3,28.15,2022,5,136,0
2022-05-17,Colombo,3.0,30.3,25.4,27.85,2022,5,137,1
2022-05-18,Colombo,16.8,30.7,25.5,28.1,2022,5,138,2
2022-05-19,Colombo,2.7,30.9,25.1,28.0,2022,5,139,3
2022-05-20,Colombo,0.7,30.6,26.0,28.3,2022,5,140,4
2022-05-21,Colombo,0.4,31.2,27.1,29.15,2022,5,141,5
2022-05-22,Colombo,2.3,31.2,27.6,29.4,2022,5,142,6
2022-05-23,Colombo,0.0,31.2,26.4,28.8,2022,5,143,0
2022-05-24,Colombo,11.1,30.5,27.9,29.2,2022,5,144,1
2022-05-25,Colombo,10.8,30.7,24.8,27.75,2022,5,145,2
2022-05-26,Colombo,43.6,30.6,25.5,28.05,2022,5,146,3
2022-05-27,Colombo,1.0,29.5,24.4,26.95,2022,5,147,4
2022-05-28,Colombo,8.5,30.6,26.1,28.35,2022,5,148,5
2022-05-29,Colombo,16.1,29.5,25.4,27.45,2022,5,149,6
2022-05-30,Colombo,47.0,30.1,24.4,27.25,2022,5,150,0
2022-05-31,Colombo,56.2,25.6,24.8,25.2,2022,5,151,1
2022-06-01,Colombo,1.2,30.0,24.1,27.05,2022,6,152,2
2022-06-02,Colombo,9.5,31.1,26.4,28.75,2022,6,153,3
2022-06-03,Colombo,1.7,31.0,26.8,28.9,2022,6,154,4
2022-06-04,Colombo,4.8,30.7,27.0,28.85,2022,6,155,5
2022-06-05,Colombo,0.2,30.8,26.0,28.4,2022,6,156,6
2022-06-06,Colombo,0.0,30.4,27.4,28.9,2022,6,157,0
2022-06-07,Colombo,0.5,29.9,27.0,28.45,2022,6,158,1
2022-06-08,Colombo,1.7,30.9,27.1,29.0,2022,6,159,2
2022-06-09,Colombo,4.2,30.6,27.3,28.95,2022,6,160,3
2022-06-10,Colombo,0.4,30.7,27.3,29.0,2022,6,161,4
2022-06-11,Colombo,1.1,30.1,27.0,28.55,2022,6,162,5
2022-06-12,Colombo,4.1,30.7,25.9,28.3,2022,6,163,6
2022-06-13,Colombo,0.0,31.0,25.7,28.35,2022,6,164,0
2022-06-14,Colombo,1.1,30.5,26.4,28.45,2022,6,165,1
2022-06-15,Colombo,27.4,30.9,26.6,28.75,2022,6,166,2
2022-06-16,Colombo,0.3,30.0,25.0,27.5,2022,6,167,3
2022-06-17,Colombo,7.7,30.3,26.2,28.25,2022,6,168,4
2022-06-18,Colombo,9.4,30.3,25.6,27.95,2022,6,169,5
2022-06-19,Colombo,0.0,30.6,25.1,27.85,2022,6,170,6
2022-06-20,Colombo,0.0,30.7,26.4,28.55,2022,6,171,0
2022-06-21,Colombo,0.2,31.0,27.6,29.3,2022,6,172,1
2022-06-22,Colombo,10.0,31.1,27.4,29.25,2022,6,173,2
2022-06-23,Colombo,0.4,30.9,25.6,28.25,2022,6,174,3
2022-06-24,Colombo,3.3,30.3,27.2,28.75,2022,6,175,4
2022-06-25,Colombo,1.8,31.2,27.4,29.3,2022,6,176,5
2022-06-26,Colombo,0.0,31.3,26.7,29.0,2022,6,177,6
2022-06-27,Colombo,0.0,31.1,27.6,29.35,2022,6,178,0
2022-06-28,Colombo,0.0,31.4,27.8,29.6,2022,6,179,1
2022-06-29,Colombo,0.0,31.1,27.5,29.3,2022,6,180,2
2022-06-30,Colombo,0.0,29.4,27.6,28.5,2022,6,181,3
2022-07-01,Colombo,0.0,30.7,25.8,28.25,2022,7,182,4
2022-07-02,Colombo,0.9,31.6,27.6,29.6,2022,7,183,5
2022-07-03,Colombo,0.0,28.9,26.5,27.7,2022,7,184,6
2022-07-04,Colombo,0.0,30.6,26.4,28.5,2022,7,185,0
2022-07-05,Colombo,0.0,30.1,25.9,28.0,2022,7,186,1
2022-07-06,Colombo,0.0,30.2,26.2,28.2,2022,7,187,2
2022-07-07,Colombo,0.0,30.1,27.1,28.6,2022,7,188,3
2022-07-08,Colombo,0.0,30.5,25.6,28.05,2022,7,189,4
2022-07-09,Colombo,0.0,30.3,26.0,28.15,2022,7,190,5
2022-07-10,Colombo,0.6,30.4,26.6,28.5,2022,7,191,6
2022-07-11,Colombo,0.0,29.7,25.4,27.55,2022,7,192,0
2022-07-12,Colombo,0.0,30.6,26.5,28.55,2022,7,193,1
2022-07-13,Colombo,0.0,30.9,27.0,28.95,2022,7,194,2
2022-07-14,Colombo,2.9,31.5,26.8,29.15,2022,7,195,3
2022-07-15,Colombo,1.5,30.6,25.5,28.05,2022,7,196,4
2022-07-16,Colombo,0.0,31.1,26.1,28.6,2022,7,197,5
2022-07-17,Colombo,0.0,31.5,26.9,29.2,2022,7,198,6
2022-07-18,Colombo,0.0,31.0,27.1,29.05,2022,7,199,0
2022-07-19,Colombo,0.8,32.4,26.8,29.6,2022,7,200,1
2022-07-20,Colombo,0.0,30.4,26.5,28.45,2022,7,201,2
2022-07-21,Colombo,1.8,29.6,26.4,28.0,2022,7,202,3
2022-07-22,Colombo,1.1,29.3,26.3,27.8,2022,7,203,4
2022-07-23,Colombo,0.0,30.3,26.7,28.5,2022,7,204,5
2022-07-24,Colombo,0.0,29.8,26.8,28.3,2022,7,205,6
2022-07-25,Colombo,0.0,30.3,27.0,28.65,2022,7,206,0
2022-07-26,Colombo,0.0,30.9,26.5,28.7,2022,7,207,1
2022-07-27,Colombo,2.0,31.7,25.5,28.6,2022,7,208,2
2022-07-28,Colombo,0.2,29.6,24.4,27.0,2022,7,209,3
2022-07-29,Colombo,0.7,29.6,25.4,27.5,2022,7,210,4
2022-07-30,Colombo,0.0,30.8,25.9,28.35,2022,7,211,5
2022-07-31,Colombo,0.0,30.7,26.9,28.8,2022,7,212,6
2022-08-01,Colombo,1.1,28.0,26.9,27.45,2022,8,213,0
2022-08-02,Colombo,3.8,29.4,25.8,27.6,2022,8,214,1
2022-08-03,Colombo,14.5,29.1,25.2,27.15,2022,8,215,2
2022-08-04,Colombo,12.1,30.0,24.8,27.4,2022,8,216,3
2022-08-05,Colombo,15.6,28.8,24.3,26.55,2022,8,217,4
2022-08-06,Colombo,0.3,29.8,25.4,27.6,2022,8,218,5
2022-08-07,Colombo,0.0,30.0,25.9,27.95,2022,8,219,6
2022-08-08,Colombo,0.8,29.9,26.4,28.15,2022,8,220,0
2022-08-09,Colombo,0.0,30.0,26.4,28.2,2022,8,221,1
2022-08-10,Colombo,0.0,30.1,26.0,28.05,2022,8,222,2
2022-08-11,Colombo,0.0,30.4,26.1,28.25,2022,8,223,3
2022-08-12,Colombo,0.0,29.9,27.0,28.45,2022,8,224,4
2022-08-13,Colombo,0.0,30.6,27.0,28.8,2022,8,225,5
2022-08-14,Colombo,0.0,30.5,26.9,28.7,2022,8,226,6
2022-08-15,Colombo,0.0,30.4,25.4,27.9,2022,8,227,0
2022-08-16,Colombo,0.0,30.7,26.4,28.55,2022,8,228,1
2022-08-17,Colombo,0.0,30.9,26.9,28.9,2022,8,229,2
2022-08-18,Colombo,0.3,31.1,26.7,28.9,2022,8,230,3
2022-08-19,Colombo,1.1,31.1,27.0,29.05,2022,8,231,4
2022-08-20,Colombo,0.0,30.6,27.3,28.95,2022,8,232,5
2022-08-21,Colombo,1.4,30.8,26.9,28.85,2022,8,233,6
2022-08-22,Colombo,1.1,30.6,26.2,28.4,2022,8,234,0
2022-08-23,Colombo,0.0,30.3,25.9,28.1,2022,8,235,1
2022-08-24,Colombo,0.0,30.6,26.3,28.45,2022,8,236,2
2022-08-25,Colombo,0.0,30.2,26.1,28.15,2022,8,237,3
2022-08-26,Colombo,3.9,30.3,26.4,28.35,2022,8,238,4
2022-08-27,Colombo,0.0,29.1,25.4,27.25,2022,8,239,5
2022-08-28,Colombo,0.0,29.9,26.0,27.95,2022,8,240,6
2022-08-29,Colombo,0.3,30.1,26.4,28.25,2022,8,241,0
2022-08-30,Colombo,21.6,30.8,26.0,28.4,2022,8,242,1
2022-08-31,Colombo,35.2,26.4,24.4,25.4,2022,8,243,2
2022-09-01,Colombo,2.8,28.1,23.2,25.65,2022,9,244,3
2022-09-02,Colombo,2.5,29.9,24.1,27.0,2022,9,245,4
2022-09-03,Colombo,3.5,29.8,24.8,27.3,2022,9,246,5
2022-09-04,Colombo,59.0,30.0,25.2,27.6,2022,9,247,6
2022-09-05,Colombo,13.6,27.2,24.3,25.75,2022,9,248,0
2022-09-06,Colombo,0.2,29.9,24.7,27.3,2022,9,249,1
2022-09-07,Colombo,3.3,29.1,25.8,27.45,2022,9,250,2
2022-09-08,Colombo,0.0,29.1,25.2,27.15,2022,9,251,3
2022-09-09,Colombo,0.0,29.9,26.1,28.0,2022,9,252,4
2022-09-10,Colombo,0.0,30.2,26.4,28.3,2022,9,253,5
2022-09-11,Colombo,0.0,30.1,26.4,28.25,2022,9,254,6
2022-09-12,Colombo,0.0,30.4,26.5,28.45,2022,9,255,0
2022-09-13,Colombo,0.0,30.1,26.6,28.35,2022,9,256,1
2022-09-14,Colombo,0.0,30.4,25.8,28.1,2022,9,257,2
2022-09-15,Colombo,0.0,30.6,26.5,28.55,2022,9,258,3
2022-09-16,Colombo,0.0,30.4,26.6,28.5,2022,9,259,4
2022-09-17,Colombo,0.1,30.8,25.1,27.95,2022,9,260,5
2022-09-18,Colombo,0.8,30.9,26.5,28.7,2022,9,261,6
2022-09-19,Colombo,0.0,30.3,26.7,28.5,2022,9,262,0
2022-09-20,Colombo,3.5,30.8,27.1,28.95,2022,9,263,1
2022-09-21,Colombo,0.0,30.8,25.7,28.25,2022,9,264,2
2022-09-22,Colombo,0.0,30.8,26.9,28.85,2022,9,265,3
2022-09-23,Colombo,0.0,31.1,27.0,29.05,2022,9,266,4
2022-09-24,Colombo,0.0,31.3,27.0,29.15,2022,9,267,5
2022-09-25,Colombo,0.0,31.0,27.1,29.05,2022,9,268,6
2022-09-26,Colombo,0.0,31.2,27.4,29.3,2022,9,269,0
2022-09-27,Colombo,0.2,31.1,27.4,29.25,2022,9,270,1
2022-09-28,Colombo,0.1,31.2,26.9,29.05,2022,9,271,2
2022-09-29,Colombo,5.3,31.2,27.0,29.1,2022,9,272,3
2022-09-30,Colombo,3.8,30.6,26.1,28.35,2022,9,273,4
2022-10-01,Colombo,3.8,30.7,24.8,27.75,2022,10,274,5
2022-10-02,Colombo,0.0,30.6,25.5,28.05,2022,10,275,6
2022-10-03,Colombo,0.5,29.7,26.9,28.3,2022,10,276,0
2022-10-04,Colombo,0.0,30.3,26.4,28.35,2022,10,277,1
2022-10-05,Colombo,0.0,30.4,27.0,28.7,2022,10,278,2
2022-10-06,Colombo,0.0,30.7,26.7,28.7,2022,10,279,3
2022-10-07,Colombo,0.0,30.3,26.8,28.55,2022,10,280,4
2022-10-08,Colombo,0.0,30.4,26.7,28.55,2022,10,281,5
2022-10-09,Colombo,0.0,30.9,26.8,28.85,2022,10,282,6
2022-10-10,Colombo,1.9,31.0,26.5,28.75,2022,10,283,0
2022-10-11,Colombo,12.8,31.1,25.4,28.25,2022,10,284,1
2022-10-12,Colombo,53.8,29.8,25.0,27.4,2022,10,285,2
2022-10-13,Colombo,91.3,28.0,24.1,26.05,2022,10,286,3
2022-10-14,Colombo,76.8,27.0,23.9,25.45,2022,10,287,4
2022-10-15,Colombo,2.5,29.6,23.6,26.6,2022,10,288,5
2022-10-16,Colombo,9.7,30.3,24.4,27.35,2022,10,289,6
2022-10-17,Colombo,23.8,29.8,24.9,27.35,2022,10,290,0
2022-10-18,Colombo,13.4,28.0,23.9,25.95,2022,10,291,1
2022-10-19,Colombo,0.0,29.7,24.5,27.1,2022,10,292,2
2022-10-20,Colombo,23.9,29.8,26.8,28.3,2022,10,293,3
2022-10-21,Colombo,62.5,28.5,23.6,26.05,2022,10,294,4
2022-10-22,Colombo,68.2,27.3,23.7,25.5,2022,10,295,5
2022-10-23,Colombo,44.3,27.8,23.8,25.8,2022,10,296,6
2022-10-24,Colombo,0.1,29.7,23.4,26.55,2022,10,297,0
2022-10-25,Colombo,4.7,29.3,26.1,27.7,2022,10,298,1
2022-10-26,Colombo,6.6,30.6,24.4,27.5,2022,10,299,2
2022-10-27,Colombo,0.0,30.2,24.5,27.35,2022,10,300,3
2022-10-28,Colombo,0.0,32.2,23.9,28.05,2022,10,301,4
2022-10-29,Colombo,1.0,31.1,24.3,27.7,2022,10,302,5
2022-10-30,Colombo,0.0,31.4,25.4,28.4,2022,10,303,6
2022-10-31,Colombo,5.0,31.1,25.0,28.05,2022,10,304,0
2022-11-01,Colombo,35.2,30.1,25.3,27.7,2022,11,305,1
2022-11-02,Colombo,1.1,30.1,23.5,26.8,2022,11,306,2
2022-11-03,Colombo,0.3,30.6,26.1,28.35,2022,11,307,3
2022-11-04,Colombo,2.9,30.5,25.3,27.9,2022,11,308,4
2022-11-05,Colombo,31.5,30.0,24.6,27.3,2022,11,309,5
2022-11-06,Colombo,37.4,30.7,23.6,27.15,2022,11,310,6
2022-11-07,Colombo,4.6,31.3,23.3,27.3,2022,11,311,0
2022-11-08,Colombo,9.7,30.7,24.5,27.6,2022,11,312,1
2022-11-09,Colombo,0.0,31.5,24.2,27.85,2022,11,313,2
2022-11-10,Colombo,0.8,30.1,24.0,27.05,2022,11,314,3
2022-11-11,Colombo,3.2,30.2,24.5,27.35,2022,11,315,4
2022-11-12,Colombo,2.4,29.6,24.9,27.25,2022,11,316,5
2022-11-13,Colombo,7.2,30.4,24.5,27.45,2022,11,317,6
2022-11-14,Colombo,124.9,29.7,24.2,26.95,2022,11,318,0
2022-11-15,Colombo,0.0,30.0,22.6,26.3,2022,11,319,1
2022-11-16,Colombo,0.0,30.7,24.4,27.55,2022,11,320,2
2022-11-17,Colombo,0.0,31.4,23.6,27.5,2022,11,321,3
2022-11-18,Colombo,0.0,31.4,23.1,27.25,2022,11,322,4
2022-11-19,Colombo,0.0,30.8,24.3,27.55,2022,11,323,5
2022-11-20,Colombo,0.0,29.8,24.5,27.15,2022,11,324,6
2022-11-21,Colombo,0.0,30.4,24.0,27.2,2022,11,325,0
2022-11-22,Colombo,0.0,30.4,23.3,26.85,2022,11,326,1
2022-11-23,Colombo,0.0,30.9,24.7,27.8,2022,11,327,2
2022-11-24,Colombo,0.0,31.0,23.8,27.4,2022,11,328,3
2022-11-25,Colombo,0.0,31.3,23.9,27.6,2022,11,329,4
2022-11-26,Colombo,0.0,31.3,24.6,27.95,2022,11,330,5
2022-11-27,Colombo,0.0,31.4,25.1,28.25,2022,11,331,6
2022-11-28,Colombo,0.0,31.1,24.9,28.0,2022,11,332,0
2022-11-29,Colombo,0.0,31.4,24.9,28.15,2022,11,333,1
2022-11-30,Colombo,15.4,30.7,24.2,27.45,2022,11,334,2
2022-12-01,Colombo,0.0,30.8,23.6,27.2,2022,12,335,3
2022-12-02,Colombo,21.4,30.8,25.1,27.95,2022,12,336,4
2022-12-03,Colombo,24.1,29.8,23.6,26.7,2022,12,337,5
2022-12-04,Colombo,70.9,30.3,22.9,26.6,2022,12,338,6
2022-12-05,Colombo,0.9,30.6,22.6,26.6,2022,12,339,0
2022-12-06,Colombo,0.0,30.9,24.0,27.45,2022,12,340,1
2022-12-07,Colombo,0.0,30.5,24.7,27.6,2022,12,341,2
2022-12-08,Colombo,0.6,27.1,24.6,25.85,2022,12,342,3
2022-12-09,Colombo,16.3,27.7,20.4,24.05,2022,12,343,4
2022-12-10,Colombo,47.4,29.6,23.4,26.5,2022,12,344,5
2022-12-11,Colombo,7.7,30.2,22.1,26.15,2022,12,345,6
2022-12-12,Colombo,0.0,29.9,23.5,26.7,2022,12,346,0
2022-12-13,Colombo,0.0,31.1,22.9,27.0,2022,12,347,1
2022-12-14,Colombo,16.9,31.2,23.6,27.4,2022,12,348,2
2022-12-15,Colombo,0.0,31.3,23.0,27.15,2022,12,349,3
2022-12-16,Colombo,0.0,31.2,22.9,27.05,2022,12,350,4
2022-12-17,Colombo,0.0,31.4,24.2,27.8,2022,12,351,5
2022-12-18,Colombo,0.0,30.1,24.9,27.5,2022,12,352,6
2022-12-19,Colombo,0.0,27.9,24.7,26.3,2022,12,353,0
2022-12-20,Colombo,0.0,32.9,23.9,28.4,2022,12,354,1
2022-12-21,Colombo,0.2,30.1,25.0,27.55,2022,12,355,2
2022-12-22,Colombo,0.5,31.5,23.9,27.7,2022,12,356,3
2022-12-23,Colombo,0.0,30.0,23.4,26.7,2022,12,357,4
2022-12-24,Colombo,17.0,29.7,25.2,27.45,2022,12,358,5
2022-12-25,Colombo,81.5,26.4,24.4,25.4,2022,12,359,6
2022-12-26,Colombo,0.0,29.9,23.5,26.7,2022,12,360,0
2022-12-27,Colombo,0.0,31.7,23.2,27.45,2022,12,361,1
2022-12-28,Colombo,4.2,30.6,24.7,27.65,2022,12,362,2
2022-12-29,Colombo,0.0,31.7,25.0,28.35,2022,12,363,3
2022-12-30,Colombo,0.0,33.0,22.9,27.95,2022,12,364,4
2022-12-31,Colombo,0.0,32.4,22.3,27.35,2022,12,365,5
2023-01-01,Colombo,0.0,32.3,21.5,26.9,2023,1,1,6
2023-01-02,Colombo,0.0,31.4,22.6,27.0,2023,1,2,0
2023-01-03,Colombo,0.0,32.3,22.4,27.35,2023,1,3,1
2023-01-04,Colombo,0.0,32.5,23.3,27.9,2023,1,4,2
2023-01-05,Colombo,0.0,33.3,23.4,28.35,2023,1,5,3
2023-01-06,Colombo,0.7,32.2,25.1,28.65,2023,1,6,4
2023-01-07,Colombo,7.9,32.1,24.2,28.15,2023,1,7,5
2023-01-08,Colombo,0.0,30.9,23.5,27.2,2023,1,8,6
2023-01-09,Colombo,0.0,31.8,23.5,27.65,2023,1,9,0
2023-01-10,Colombo,0.0,31.2,22.6,26.9,2023,1,10,1
2023-01-11,Colombo,0.0,30.6,21.9,26.25,2023,1,11,2
2023-01-12,Colombo,0.0,30.3,22.4,26.35,2023,1,12,3
2023-01-13,Colombo,0.0,31.2,21.4,26.3,2023,1,13,4
2023-01-14,Colombo,0.0,31.1,23.6,27.35,2023,1,14,5
2023-01-15,Colombo,0.1,30.8,23.5,27.15,2023,1,15,6
2023-01-16,Colombo,31.0,31.2,24.1,27.65,2023,1,16,0
2023-01-17,Colombo,0.0,28.7,23.1,25.9,2023,1,17,1
2023-01-18,Colombo,0.0,30.9,23.1,27.0,2023,1,18,2
2023-01-19,Colombo,0.0,31.5,22.6,27.05,2023,1,19,3
2023-01-20,Colombo,0.0,31.4,21.6,26.5,2023,1,20,4
2023-01-21,Colombo,0.1,29.4,23.9,26.65,2023,1,21,5
2023-01-22,Colombo,0.0,30.1,23.2,26.65,2023,1,22,6
2023-01-23,Colombo,1.7,31.7,23.9,27.8,2023,1,23,0
2023-01-24,Colombo,71.2,28.9,24.7,26.8,2023,1,24,1
2023-01-25,Colombo,0.0,31.2,22.7,26.95,2023,1,25,2
2023-01-26,Colombo,0.0,30.1,23.5,26.8,2023,1,26,3
2023-01-27,Colombo,0.0,31.3,23.8,27.55,2023,1,27,4
2023-01-28,Colombo,0.0,31.2,23.7,27.45,2023,1,28,5
2023-01-29,Colombo,0.0,30.8,22.6,26.7,2023,1,29,6
2023-01-30,Colombo,0.3,30.9,23.2,27.05,2023,1,30,0
2023-01-31,Colombo,1.9,29.1,24.2,26.65,2023,1,31,1
2023-02-01,Colombo,2.6,33.1,23.7,28.4,2023,2,32,2
2023-02-02,Colombo,2.9,31.8,23.9,27.85,2023,2,33,3
2023-02-03,Colombo,3.0,32.8,24.6,28.7,2023,2,34,4
2023-02-04,Colombo,1.4,34.1,24.0,29.05,2023,2,35,5
2023-02-05,Colombo,0.0,33.4,24.7,29.05,2023,2,36,6
2023-02-06,Colombo,0.0,31.8,24.5,28.15,2023,2,37,0
2023-02-07,Colombo,0.2,31.6,25.0,28.3,2023,2,38,1
2023-02-08,Colombo,0.0,31.7,24.9,28.3,2023,2,39,2
2023-02-09,Colombo,0.0,31.6,24.4,28.0,2023,2,40,3
2023-02-10,Colombo,0.0,35.3,24.9,30.1,2023,2,41,4
2023-02-11,Colombo,0.0,33.6,23.5,28.55,2023,2,42,5
2023-02-12,Colombo,0.0,34.7,24.4,29.55,2023,2,43,6
2023-02-13,Colombo,0.0,35.5,23.6,29.55,2023,2,44,0
2023-02-14,Colombo,0.0,32.7,24.5,28.6,2023,2,45,1
2023-02-15,Colombo,0.0,32.1,24.1,28.1,2023,2,46,2
2023-02-16,Colombo,0.0,33.2,22.5,27.85,2023,2,47,3
2023-02-17,Colombo,0.0,34.0,23.6,28.8,2023,2,48,4
2023-02-18,Colombo,0.0,33.3,24.4,28.85,2023,2,49,5
2023-02-19,Colombo,19.4,32.6,25.7,29.15,2023,2,50,6
2023-02-20,Colombo,36.8,33.8,24.6,29.2,2023,2,51,0
2023-02-21,Colombo,0.0,33.7,23.9,28.8,2023,2,52,1
2023-02-22,Colombo,0.0,35.9,22.9,29.4,2023,2,53,2
2023-02-23,Colombo,0.0,35.3,23.7,29.5,2023,2,54,3
2023-02-24,Colombo,9.8,33.2,24.7,28.95,2023,2,55,4
2023-02-25,Colombo,1.8,33.3,24.1,28.7,2023,2,56,5
2023-02-26,Colombo,0.0,32.7,22.8,27.75,2023,2,57,6
2023-02-27,Colombo,1.4,34.3,23.1,28.7,2023,2,58,0
2023-02-28,Colombo,0.0,32.8,24.6,28.7,2023,2,59,1
2023-03-01,Colombo,0.0,31.8,24.4,28.1,2023,3,60,2
2023-03-02,Colombo,0.0,32.5,24.3,28.4,2023,3,61,3
2023-03-03,Colombo,0.5,33.4,23.9,28.65,2023,3,62,4
2023-03-04,Colombo,0.0,33.0,25.0,29.0,2023,3,63,5
2023-03-05,Colombo,0.0,31.7,24.4,28.05,2023,3,64,6
2023-03-06,Colombo,15.5,31.8,24.4,28.1,2023,3,65,0
2023-03-07,Colombo,9.5,32.2,23.5,27.85,2023,3,66,1
2023-03-08,Colombo,0.0,33.4,23.6,28.5,2023,3,67,2
2023-03-09,Colombo,0.0,33.4,24.6,29.0,2023,3,68,3
2023-03-10,Colombo,0.0,30.5,25.6,28.05,2023,3,69,4
2023-03-11,Colombo,16.2,31.3,25.8,28.55,2023,3,70,5
2023-03-12,Colombo,41.7,32.9,24.3,28.6,2023,3,71,6
2023-03-13,Colombo,0.0,31.7,23.5,27.6,2023,3,72,0
2023-03-14,Colombo,2.4,31.6,24.5,28.05,2023,3,73,1
2023-03-15,Colombo,0.0,31.8,23.3,27.55,2023,3,74,2
2023-03-16,Colombo,0.0,31.7,26.2,28.95,2023,3,75,3
2023-03-17,Colombo,0.0,31.4,23.8,27.6,2023,3,76,4
2023-03-18,Colombo,32.7,32.2,25.4,28.8,2023,3,77,5
2023-03-19,Colombo,32.7,31.8,23.8,27.8,2023,3,78,6
2023-03-20,Colombo,0.0,31.1,24.2,27.65,2023,3,79,0
2023-03-21,Colombo,0.0,32.1,24.4,28.25,2023,3,80,1
2023-03-22,Colombo,37.2,31.7,25.0,28.35,2023,3,81,2
2023-03-23,Colombo,1.3,31.4,24.9,28.15,2023,3,82,3
2023-03-24,Colombo,5.2,31.6,24.3,27.95,2023,3,83,4
2023-03-25,Colombo,0.0,31.6,23.6,27.6,2023,3,84,5
2023-03-26,Colombo,1.6,31.8,25.6,28.7,2023,3,85,6
2023-03-27,Colombo,0.0,32.1,25.0,28.55,2023,3,86,0
2023-03-28,Colombo,0.0,31.9,26.2,29.05,2023,3,87,1
2023-03-29,Colombo,11.5,31.9,25.8,28.85,2023,3,88,2
2023-03-30,Colombo,0.0,31.9,23.6,27.75,2023,3,89,3
2023-03-31,Colombo,0.0,32.1,25.0,28.55,2023,3,90,4
2023-04-01,Colombo,0.6,32.5,26.0,29.25,2023,4,91,5
2023-04-02,Colombo,0.0,31.6,25.4,28.5,2023,4,92,6
2023-04-03,Colombo,3.4,32.1,25.2,28.65,2023,4,93,0
2023-04-04,Colombo,1.2,31.1,25.1,28.1,2023,4,94,1
2023-04-05,Colombo,0.0,31.6,23.8,27.7,2023,4,95,2
2023-04-06,Colombo,1.1,32.0,25.5,28.75,2023,4,96,3
2023-04-07,Colombo,50.4,32.0,24.9,28.45,2023,4,97,4
2023-04-08,Colombo,0.0,31.3,23.9,27.6,2023,4,98,5
2023-04-09,Colombo,0.0,31.5,24.3,27.9,2023,4,99,6
2023-04-10,Colombo,8.0,32.6,25.0,28.8,2023,4,100,0
2023-04-11,Colombo,0.0,33.1,24.4,28.75,2023,4,101,1
2023-04-12,Colombo,0.0,33.4,25.5,29.45,2023,4,102,2
2023-04-13,Colombo,5.1,32.8,26.5,29.65,2023,4,103,3
2023-04-14,Colombo,27.7,32.3,25.7,29.0,2023,4,104,4
2023-04-15,Colombo,22.6,32.3,25.4,28.85,2023,4,105,5
2023-04-16,Colombo,0.0,32.1,24.7,28.4,2023,4,106,6
2023-04-17,Colombo,0.0,32.4,25.7,29.05,2023,4,107,0
2023-04-18,Colombo,0.0,32.8,26.2,29.5,2023,4,108,1
2023-04-19,Colombo,0.0,32.8,27.0,29.9,2023,4,109,2
2023-04-20,Colombo,0.0,32.7,27.2,29.95,2023,4,110,3
2023-04-21,Colombo,10.6,32.5,26.5,29.5,2023,4,111,4
2023-04-22,Colombo,0.0,32.1,25.6,28.85,2023,4,112,5
2023-04-23,Colombo,0.0,33.1,26.7,29.9,2023,4,113,6
2023-04-24,Colombo,0.6,32.9,26.3,29.6,2023,4,114,0
2023-04-25,Colombo,49.7,33.0,25.9,29.45,2023,4,115,1
2023-04-26,Colombo,17.7,32.1,23.1,27.6,2023,4,116,2
2023-04-27,Colombo,7.6,32.6,23.9,28.25,2023,4,117,3
2023-04-28,Colombo,3.6,32.4,25.2,28.8,2023,4,118,4
2023-04-29,Colombo,48.6,32.4,25.1,28.75,2023,4,119,5
2023-04-30,Colombo,3.2,31.8,23.6,27.7,2023,4,120,6
2023-05-01,Colombo,38.1,32.2,25.4,28.8,2023,5,121,0
2023-05-02,Colombo,32.7,30.5,25.2,27.85,2023,5,122,1
2023-05-03,Colombo,33.4,31.2,24.8,28.0,2023,5,123,2
2023-05-04,Colombo,70.4,32.8,23.8,28.3,2023,5,124,3
2023-05-05,Colombo,12.0,28.6,22.6,25.6,2023,5,125,4
2023-05-06,Colombo,3.1,31.7,23.5,27.6,2023,5,126,5
2023-05-07,Colombo,1.7,31.2,26.4,28.8,2023,5,127,6
2023-05-08,Colombo,5.3,31.8,27.6,29.7,2023,5,128,0
2023-05-09,Colombo,28.4,31.6,27.4,29.5,2023,5,129,1
2023-05-10,Colombo,0.0,31.7,24.2,27.95,2023,5,130,2
2023-05-11,Colombo,8.1,32.0,26.1,29.05,2023,5,131,3
2023-05-12,Colombo,2.6,32.1,24.9,28.5,2023,5,132,4
2023-05-13,Colombo,9.0,31.6,27.4,29.5,2023,5,133,5
2023-05-14,Colombo,4.6,31.3,27.2,29.25,2023,5,134,6
2023-05-15,Colombo,0.4,32.2,27.2,29.7,2023,5,135,0
2023-05-16,Colombo,0.0,32.4,27.3,29.85,2023,5,136,1
2023-05-17,Colombo,0.0,32.5,28.6,30.55,2023,5,137,2
2023-05-18,Colombo,0.0,32.1,27.8,29.95,2023,5,138,3
2023-05-19,Colombo,13.7,31.9,26.7,29.3,2023,5,139,4
2023-05-20,Colombo,31.1,30.7,25.6,28.15,2023,5,140,5
2023-05-21,Colombo,7.4,28.5,26.0,27.25,2023,5,141,6
2023-05-22,Colombo,0.0,31.6,24.6,28.1,2023,5,142,0
2023-05-23,Colombo,0.1,31.9,26.1,29.0,2023,5,143,1
2023-05-24,Colombo,0.0,31.8,26.0,28.9,2023,5,144,2
2023-05-25,Colombo,0.0,32.1,26.5,29.3,2023,5,145,3
2023-05-26,Colombo,4.9,32.3,28.5,30.4,2023,5,146,4
2023-05-27,Colombo,3.9,32.3,28.0,30.15,2023,5,147,5
2023-05-28,Colombo,0.1,32.1,28.6,30.35,2023,5,148,6
2023-05-29,Colombo,3.5,32.3,28.5,30.4,2023,5,149,0
2023-05-30,Colombo,7.5,32.6,27.2,29.9,2023,5,150,1
2023-05-31,Colombo,0.0,32.4,25.4,28.9,2023,5,151,2
2023-06-01,Colombo,1.4,32.4,26.3,29.35,2023,6,152,3
2023-06-02,Colombo,9.0,32.2,26.1,29.15,2023,6,153,4
2023-06-03,Colombo,0.1,32.2,27.0,29.6,2023,6,154,5
2023-06-04,Colombo,2.0,32.0,28.1,30.05,2023,6,155,6
2023-06-05,Colombo,3.4,31.4,27.6,29.5,2023,6,156,0
2023-06-06,Colombo,0.7,31.5,26.9,29.2,2023,6,157,1
2023-06-07,Colombo,3.6,31.3,27.9,29.6,2023,6,158,2
2023-06-08,Colombo,1.8,31.6,27.5,29.55,2023,6,159,3
2023-06-09,Colombo,1.5,31.2,27.8,29.5,2023,6,160,4
2023-06-10,Colombo,13.4,31.3,25.8,28.55,2023,6,161,5
2023-06-11,Colombo,23.2,29.7,25.5,27.6,2023,6,162,6
2023-06-12,Colombo,8.3,31.1,24.9,28.0,2023,6,163,0
2023-06-13,Colombo,0.0,30.7,25.1,27.9,2023,6,164,1
2023-06-14,Colombo,0.0,31.1,26.8,28.95,2023,6,165,2
2023-06-15,Colombo,0.0,31.9,28.0,29.95,2023,6,166,3
2023-06-16,Colombo,0.0,31.9,28.5,30.2,2023,6,167,4
2023-06-17,Colombo,1.0,31.7,28.5,30.1,2023,6,168,5
2023-06-18,Colombo,0.0,31.3,27.9,29.6,2023,6,169,6
2023-06-19,Colombo,1.2,31.3,27.8,29.55,2023,6,170,0
2023-06-20,Colombo,6.2,31.5,26.7,29.1,2023,6,171,1
2023-06-21,Colombo,6.5,30.5,26.1,28.3,2023,6,172,2
2023-06-22,Colombo,0.0,31.6,25.9,28.75,2023,6,173,3
2023-06-23,Colombo,0.0,30.6,27.5,29.05,2023,6,174,4
2023-06-24,Colombo,0.4,31.7,26.8,29.25,2023,6,175,5
2023-06-25,Colombo,3.6,30.2,27.4,28.8,2023,6,176,6
2023-06-26,Colombo,12.1,31.2,25.4,28.3,2023,6,177,0
2023-06-27,Colombo,1.3,30.5,25.4,27.95,2023,6,178,1
2023-06-28,Colombo,2.0,30.8,25.2,28.0,2023,6,179,2
2023-06-29,Colombo,1.7,30.7,26.5,28.6,2023,6,180,3
2023-06-30,Colombo,0.0,31.2,25.6,28.4,2023,6,181,4
2023-07-01,Colombo,1.3,31.6,27.6,29.6,2023,7,182,5
2023-07-02,Colombo,6.1,29.8,27.8,28.8,2023,7,183,6
2023-07-03,Colombo,2.9,30.3,25.7,28.0,2023,7,184,0
2023-07-04,Colombo,6.2,30.1,26.6,28.35,2023,7,185,1
2023-07-05,Colombo,32.7,29.2,26.0,27.6,2023,7,186,2
2023-07-06,Colombo,0.0,30.1,23.7,26.9,2023,7,187,3
2023-07-07,Colombo,0.8,29.7,25.7,27.7,2023,7,188,4
2023-07-08,Colombo,0.0,30.7,25.0,27.85,2023,7,189,5
2023-07-09,Colombo,0.1,30.6,27.4,29.0,2023,7,190,6
2023-07-10,Colombo,0.0,30.2,27.4,28.8,2023,7,191,0
2023-07-11,Colombo,0.0,30.3,27.4,28.85,2023,7,192,1
2023-07-12,Colombo,10.7,31.8,27.1,29.45,2023,7,193,2
2023-07-13,Colombo,0.0,30.9,25.5,28.2,2023,7,194,3
2023-07-14,Colombo,0.3,31.0,27.3,29.15,2023,7,195,4
2023-07-15,Colombo,0.0,30.8,27.6,29.2,2023,7,196,5
2023-07-16,Colombo,0.0,31.1,27.8,29.45,2023,7,197,6
2023-07-17,Colombo,0.0,31.1,27.9,29.5,2023,7,198,0
2023-07-18,Colombo,0.0,31.6,27.2,29.4,2023,7,199,1
2023-07-19,Colombo,0.0,31.6,27.0,29.3,2023,7,200,2
2023-07-20,Colombo,0.0,31.3,27.6,29.45,2023,7,201,3
2023-07-21,Colombo,0.0,31.4,27.5,29.45,2023,7,202,4
2023-07-22,Colombo,0.0,31.5,27.5,29.5,2023,7,203,5
2023-07-23,Colombo,6.2,31.5,27.7,29.6,2023,7,204,6
2023-07-24,Colombo,2.2,30.5,25.2,27.85,2023,7,205,0
2023-07-25,Colombo,32.8,28.7,25.4,27.05,2023,7,206,1
2023-07-26,Colombo,0.1,30.2,24.5,27.35,2023,7,207,2
2023-07-27,Colombo,0.0,30.7,26.1,28.4,2023,7,208,3
2023-07-28,Colombo,0.0,30.8,27.3,29.05,2023,7,209,4
2023-07-29,Colombo,0.0,30.8,27.4,29.1,2023,7,210,5
2023-07-30,Colombo,0.0,30.5,27.3,28.9,2023,7,211,6
2023-07-31,Colombo,0.0,30.4,27.4,28.9,2023,7,212,0
2023-08-01,Colombo,0.0,30.9,27.5,29.2,2023,8,213,1
2023-08-02,Colombo,0.0,31.1,27.3,29.2,2023,8,214,2
2023-08-03,Colombo,0.0,31.4,26.5,28.95,2023,8,215,3
2023-08-04,Colombo,0.6,31.7,27.7,29.7,2023,8,216,4
2023-08-05,Colombo,0.0,30.6,27.5,29.05,2023,8,217,5
2023-08-06,Colombo,0.0,30.5,27.6,29.05,2023,8,218,6
2023-08-07,Colombo,0.0,31.2,27.3,29.25,2023,8,219,0
2023-08-08,Colombo,0.0,31.5,27.5,29.5,2023,8,220,1
2023-08-09,Colombo,0.0,31.1,27.5,29.3,2023,8,221,2
2023-08-10,Colombo,0.0,31.5,27.0,29.25,2023,8,222,3
2023-08-11,Colombo,0.0,31.0,27.4,29.2,2023,8,223,4
2023-08-12,Colombo,0.0,31.3,27.5,29.4,2023,8,224,5
2023-08-13,Colombo,0.0,31.6,27.5,29.55,2023,8,225,6
2023-08-14,Colombo,0.6,31.7,27.5,29.6,2023,8,226,0
2023-08-15,Colombo,0.4,32.0,27.1,29.55,2023,8,227,1
2023-08-16,Colombo,0.0,31.5,25.9,28.7,2023,8,228,2
2023-08-17,Colombo,0.0,31.9,27.5,29.7,2023,8,229,3
2023-08-18,Colombo,0.2,31.7,27.5,29.6,2023,8,230,4
2023-08-19,Colombo,0.0,31.8,27.6,29.7,2023,8,231,5
2023-08-20,Colombo,0.0,32.2,27.6,29.9,2023,8,232,6
2023-08-21,Colombo,0.0,32.3,28.0,30.15,2023,8,233,0
2023-08-22,Colombo,0.1,32.3,27.9,30.1,2023,8,234,1
2023-08-23,Colombo,0.0,32.5,26.2,29.35,2023,8,235,2
2023-08-24,Colombo,6.5,32.2,28.0,30.1,2023,8,236,3
2023-08-25,Colombo,0.0,32.0,26.0,29.0,2023,8,237,4
2023-08-26,Colombo,3.4,32.3,26.2,29.25,2023,8,238,5
2023-08-27,Colombo,0.1,32.2,25.4,28.8,2023,8,239,6
2023-08-28,Colombo,6.5,32.5,27.8,30.15,2023,8,240,0
2023-08-29,Colombo,6.1,30.1,25.8,27.95,2023,8,241,1
2023-08-30,Colombo,17.3,30.4,24.7,27.55,2023,8,242,2
2023-08-31,Colombo,40.5,31.3,25.6,28.45,2023,8,243,3
2023-09-01,Colombo,33.1,28.6,24.5,26.55,2023,9,244,4
2023-09-02,Colombo,74.3,29.3,24.8,27.05,2023,9,245,5
2023-09-03,Colombo,48.7,28.5,24.9,26.7,2023,9,246,6
2023-09-04,Colombo,13.4,31.2,24.1,27.65,2023,9,247,0
2023-09-05,Colombo,12.6,30.1,24.8,27.45,2023,9,248,1
2023-09-06,Colombo,36.2,29.4,25.3,27.35,2023,9,249,2
2023-09-07,Colombo,30.7,27.3,24.7,26.0,2023,9,250,3
2023-09-08,Colombo,0.7,29.8,24.0,26.9,2023,9,251,4
2023-09-09,Colombo,0.0,31.1,26.0,28.55,2023,9,252,5
2023-09-10,Colombo,20.2,31.3,25.2,28.25,2023,9,253,6
2023-09-11,Colombo,24.5,30.4,24.8,27.6,2023,9,254,0
2023-09-12,Colombo,0.0,30.9,24.7,27.8,2023,9,255,1
2023-09-13,Colombo,2.6,31.4,25.1,28.25,2023,9,256,2
2023-09-14,Colombo,8.0,31.2,26.5,28.85,2023,9,257,3
2023-09-15,Colombo,0.0,29.3,24.5,26.9,2023,9,258,4
2023-09-16,Colombo,0.0,31.5,24.5,28.0,2023,9,259,5
2023-09-17,Colombo,49.0,31.7,26.0,28.85,2023,9,260,6
2023-09-18,Colombo,4.1,28.2,24.0,26.1,2023,9,261,0
2023-09-19,Colombo,79.4,29.0,24.6,26.8,2023,9,262,1
2023-09-20,Colombo,0.6,30.0,24.0,27.0,2023,9,263,2
2023-09-21,Colombo,40.5,31.4,25.1,28.25,2023,9,264,3
2023-09-22,Colombo,20.9,31.3,24.6,27.95,2023,9,265,4
2023-09-23,Colombo,1.0,30.7,24.4,27.55,2023,9,266,5
2023-09-24,Colombo,3.0,31.6,25.1,28.35,2023,9,267,6
2023-09-25,Colombo,4.6,31.1,26.1,28.6,2023,9,268,0
2023-09-26,Colombo,18.4,31.3,26.4,28.85,2023,9,269,1
2023-09-27,Colombo,42.4,29.8,25.2,27.5,2023,9,270,2
2023-09-28,Colombo,63.4,28.7,24.6,26.65,2023,9,271,3
2023-09-29,Colombo,60.3,29.8,23.8,26.8,2023,9,272,4
2023-09-30,Colombo,29.6,30.4,23.5,26.95,2023,9,273,5
