Water_Depth_cm,Soil_Moisture_%,Tank_Level_%,ET_mm_day,Rainfall_Predicted_mm,Crop_Stage,CWR_mm
2.53,96.8,44.0,6.34,10.69,2,0.0
4.57,92.6,53.8,6.99,0.0,3,9.99
4.45,98.8,97.4,6.64,0.0,3,9.64
0.09,51.9,18.2,6.71,10.34,2,0.0
17.94,91.1,83.6,6.77,0.0,1,9.77
0.16,63.9,87.9,5.24,0.0,1,198.36
12.91,97.2,75.7,8.61,10.37,1,0.0
1.64,90.2,91.1,9.15,0.0,3,41.16
2.45,93.0,21.6,9.49,15.74,3,0.0
3.3,90.1,28.2,4.21,0.0,2,7.21
1.81,92.7,23.3,9.46,4.71,3,17.02
13.92,99.8,40.3,6.8,0.0,1,20.59
17.18,97.2,71.4,8.83,0.0,1,13.61
12.11,90.4,52.1,5.22,0.0,1,37.14
0.34,71.2,90.2,6.49,19.83,4,0.0
13.06,90.2,60.2,8.88,0.0,4,35.92
0.26,81.8,21.7,5.08,7.78,2,16.81
11.97,96.9,15.5,8.63,2.32,4,22.8
3.34,97.3,98.8,5.44,17.55,2,0.0
0.21,82.7,98.5,6.72,5.94,2,34.25
16.34,95.9,83.6,5.6,0.0,1,8.6
0.35,59.0,97.6,5.89,0.0,4,166.49
0.05,64.2,68.3,4.74,0.0,2,49.5
13.27,95.2,81.5,5.11,12.9,1,0.0
0.0,94.7,59.1,4.39,5.91,5,0.0
15.22,94.8,80.0,5.38,0.0,1,8.38
0.0,88.2,99.4,5.99,0.0,5,13.77
6.16,100.0,73.4,6.8,0.0,1,98.2
0.0,95.5,28.7,6.93,0.0,5,9.93
5.45,94.0,56.1,6.24,5.11,1,39.83
4.18,92.4,40.4,4.43,10.7,2,0.0
12.76,95.2,27.1,6.19,1.61,1,5.99
0.0,94.0,59.5,5.44,0.0,5,8.44
0.0,93.6,45.3,4.71,0.0,5,7.71
3.54,98.4,98.2,5.79,2.22,2,6.57
3.98,97.7,90.9,6.74,11.64,3,0.0
14.1,96.0,30.3,4.95,0.0,4,16.97
0.0,55.6,21.5,6.46,0.0,5,64.34
0.0,93.4,72.9,6.19,2.98,5,6.21
0.32,68.2,76.5,6.0,5.81,3,56.84
16.66,90.3,71.9,5.57,0.0,4,3.37
0.0,89.1,27.4,6.46,0.98,5,2.15
0.02,79.0,70.6,6.72,11.87,1,0.0
0.22,75.8,81.8,6.17,8.6,1,104.23
17.9,99.3,79.7,6.38,4.0,1,5.38
15.38,97.1,73.1,4.79,2.85,4,4.94
12.17,99.1,45.8,8.85,9.53,4,14.07
0.0,85.1,33.5,5.23,0.0,5,20.85
0.26,80.5,62.3,9.65,6.27,4,116.02
4.29,98.7,47.3,9.91,0.0,3,14.85
0.0,81.9,35.8,5.82,0.0,5,38.97
0.0,86.9,45.0,5.81,4.7,5,12.16
2.47,93.1,21.8,5.48,8.42,3,3.06
4.07,98.9,86.5,5.46,3.54,3,4.92
0.39,80.1,65.1,5.71,1.38,2,46.15
0.32,77.3,43.0,9.79,15.03,4,0.0
0.39,75.2,79.1,6.16,0.0,2,46.07
0.02,50.2,72.5,5.86,0.0,1,199.84
3.29,96.0,24.8,5.22,0.0,2,0.0
3.37,97.4,96.7,9.84,0.0,3,22.02
3.01,93.8,60.7,8.87,0.0,3,25.02
0.0,46.3,83.9,6.8,0.0,5,160.49
0.0,74.4,85.7,6.12,0.76,5,63.57
15.81,94.7,47.8,6.92,4.0,4,5.92
0.15,84.0,19.4,6.73,4.28,1,119.65
4.06,90.5,80.7,6.96,0.0,3,9.96
9.94,92.5,79.4,8.75,0.0,4,70.61
1.43,91.8,24.6,4.76,2.47,3,15.51
17.33,92.8,59.2,8.76,2.76,4,0.0
0.0,88.4,79.3,5.61,13.75,5,0.0
4.56,94.0,16.4,6.85,0.0,2,0.0
0.12,83.1,60.8,5.48,11.21,1,0.0
8.93,92.7,65.9,5.52,1.14,1,68.07
12.7,91.7,33.6,5.93,14.45,1,0.0
0.28,51.0,50.4,5.43,12.24,2,0.0
0.17,79.7,86.2,5.98,0.0,3,58.33
15.57,90.6,59.0,5.6,0.0,1,8.6
5.45,92.3,98.7,4.39,16.54,3,0.0
4.78,95.5,33.5,6.02,0.0,3,9.02
13.56,90.3,85.1,9.66,3.83,4,26.77
9.69,92.3,97.5,6.77,0.0,4,62.91
0.32,73.2,48.0,6.46,0.0,4,166.81
0.0,88.6,80.3,4.35,11.5,5,0.0
2.87,92.7,88.7,6.59,0.22,2,10.7
0.06,55.7,63.3,8.96,7.9,4,153.19
2.93,95.5,81.7,5.88,6.97,2,0.0
16.46,94.9,53.1,4.03,0.0,1,7.03
12.77,99.4,50.4,5.38,0.0,1,30.73
0.0,98.8,94.6,5.17,7.79,5,0.0
15.52,99.1,20.9,5.08,0.0,4,4.04
0.0,86.2,86.6,8.75,0.0,5,24.98
7.24,98.7,55.4,6.55,0.0,1,87.19
0.3,80.8,44.6,6.19,0.0,1,196.95
1.32,93.6,71.0,5.9,0.0,2,25.71
5.78,94.6,88.6,9.75,0.0,1,120.72
0.0,81.6,47.3,5.07,12.41,5,0.0
5.75,91.1,58.0,5.22,0.0,3,2.46
9.92,94.1,16.9,8.68,0.0,4,35.9
11.83,94.9,51.5,4.51,0.0,1,39.21
0.05,83.2,80.6,5.35,7.78,1,94.19
2.7,91.8,18.9,6.86,8.34,2,0.0
2.69,99.4,86.9,6.42,0.0,2,12.53
0.03,67.3,65.7,5.39,3.65,3,59.73
0.0,71.0,52.4,5.37,3.09,5,71.13
8.75,90.5,32.1,6.36,3.8,1,68.07
14.64,99.2,65.9,5.13,19.52,1,0.0
19.17,95.6,71.2,6.79,17.46,1,0.0
2.86,98.5,77.2,6.57,0.0,2,10.94
0.0,82.5,36.4,5.39,0.0,5,36.19
2.04,91.1,73.5,9.94,0.0,2,25.92
1.89,98.2,82.7,5.84,0.0,2,19.95
0.09,64.5,94.5,6.25,3.33,2,49.14
0.0,85.4,77.7,6.41,4.71,5,16.65
16.49,97.7,31.6,4.04,8.69,1,0.0
2.84,96.9,16.7,5.84,0.0,3,10.24
16.89,99.5,28.3,5.14,15.94,4,0.0
0.22,83.4,32.4,4.36,3.61,3,57.76
0.3,57.6,49.7,4.82,1.62,3,56.97
14.4,98.7,82.5,9.1,0.0,1,20.77
2.42,93.3,44.9,9.96,8.94,3,9.12
1.18,91.7,48.2,6.41,5.8,2,8.71
0.4,51.7,24.6,5.14,0.0,2,46.02
0.0,94.9,95.1,6.84,3.99,5,5.85
0.31,54.6,47.3,5.56,4.08,1,196.88
1.29,96.4,43.7,5.14,0.0,3,35.28
0.0,96.3,97.0,6.0,0.0,5,9.0
2.77,99.1,47.2,9.3,0.0,3,28.32
0.0,87.7,98.2,5.97,3.4,5,11.5
4.43,93.0,81.2,9.85,0.0,3,14.77
0.05,53.1,65.7,8.61,2.01,4,169.49
0.0,68.0,32.4,6.23,3.42,5,81.86
0.4,52.1,45.5,6.34,0.0,4,166.03
3.77,92.5,57.2,4.01,5.58,2,0.0
1.23,96.3,36.0,6.21,2.24,2,24.65
16.34,95.7,94.6,5.71,0.0,4,6.59
0.0,85.1,47.7,4.41,0.0,5,20.24
0.0,77.7,57.0,5.45,0.0,5,52.5
12.67,97.5,59.9,6.21,3.16,4,29.35
16.44,95.7,87.8,4.18,0.0,1,7.18
0.06,68.9,58.6,4.21,5.5,1,114.12
16.87,93.5,93.5,6.33,8.84,4,0.0
15.63,98.5,71.0,5.35,0.0,4,8.35
0.0,94.6,96.5,6.28,7.59,5,0.0
16.1,90.0,46.1,6.67,6.78,4,0.0
0.0,66.4,77.0,5.35,2.38,5,87.4
12.9,99.1,28.7,8.84,1.71,4,35.84
5.5,98.7,45.4,9.7,0.0,3,5.04
14.4,97.6,91.3,8.58,4.92,4,14.56
4.57,90.0,46.5,5.02,4.94,3,3.08
4.26,98.3,42.6,6.72,17.95,3,0.0
2.4,93.5,74.4,6.34,0.0,2,15.3
15.49,91.3,49.5,9.81,3.26,4,10.98
0.0,95.5,95.7,5.45,0.0,5,8.45
0.0,91.7,39.3,5.36,0.0,5,8.36
3.88,95.8,51.2,5.43,0.0,2,8.43
0.24,58.7,20.6,5.92,14.03,1,0.0
5.59,90.7,98.7,5.07,15.96,3,0.0
4.52,93.3,72.6,6.21,0.0,3,9.21
15.09,99.4,53.0,8.77,0.96,4,12.43
0.11,59.3,55.0,6.18,0.0,1,198.86
0.25,73.3,54.1,9.59,0.0,3,57.48
0.34,77.1,70.0,5.05,0.0,4,166.59
18.32,94.3,79.1,4.59,0.0,1,7.59
0.31,79.3,84.8,9.93,8.38,2,45.14
0.1,79.3,29.8,5.87,15.37,1,0.0
13.58,99.8,41.1,4.7,7.36,4,5.8
0.2,72.9,76.9,5.36,4.5,2,47.96
3.54,97.0,96.9,6.99,2.36,2,7.63
0.29,74.9,48.4,9.43,3.58,4,167.11
0.19,64.5,89.5,6.23,0.0,3,58.12
6.93,96.6,21.4,6.58,0.0,4,45.14
3.8,92.7,50.4,5.04,0.0,2,8.04
4.42,91.8,80.7,5.04,13.1,3,0.0
0.14,59.9,73.1,9.17,4.53,4,168.6
5.43,98.8,92.3,5.5,4.16,1,100.02
10.28,94.0,25.2,5.16,0.0,4,27.7
0.0,89.0,86.3,6.87,0.0,5,12.45
5.95,95.5,89.6,9.66,0.0,4,110.5
12.96,95.0,21.0,4.17,0.0,1,5.52
2.77,91.9,23.7,5.68,9.29,2,0.0
0.0,86.4,60.0,6.36,3.65,5,15.15
4.36,92.4,61.1,9.97,0.0,3,14.92
4.62,96.3,35.1,9.8,0.0,2,3.81
0.01,52.0,92.8,4.39,0.0,1,199.87
4.26,98.5,50.0,7.0,4.6,3,5.4
13.37,98.1,50.2,5.58,0.0,4,24.93
12.51,93.6,39.7,4.82,0.0,4,32.7
12.51,93.6,67.8,10.0,4.46,4,38.43
16.88,93.1,72.5,5.81,2.56,1,6.25
4.09,99.8,65.2,8.9,0.0,2,9.12
13.55,99.8,86.0,6.36,4.11,1,19.78
14.79,91.7,41.2,9.32,0.0,4,16.6
15.71,93.2,21.0,5.07,0.0,4,4.03
0.0,98.6,44.1,5.22,0.0,5,8.22
0.29,58.8,38.9,8.67,0.0,3,57.09
0.38,60.2,92.8,5.77,0.0,2,46.24
17.26,92.9,17.5,5.13,0.0,1,0.0
5.93,91.5,30.6,6.37,0.0,3,0.0
16.27,90.3,35.2,8.9,4.88,4,7.31
0.0,45.1,31.8,5.96,0.0,5,163.28
15.39,97.2,24.0,6.98,7.57,4,0.0
12.2,91.5,26.4,5.31,0.0,1,7.26
3.29,93.9,20.1,8.97,2.9,3,9.32
0.0,68.6,61.9,6.67,4.73,5,78.71
12.37,99.1,59.5,4.75,0.0,4,34.04
0.37,84.9,44.8,5.91,7.28,3,35.25
2.78,90.7,69.9,8.53,7.15,3,7.61
12.67,96.6,24.1,8.97,2.93,4,18.58
15.97,92.9,32.4,6.36,3.0,4,6.36
16.34,98.8,15.1,6.32,18.69,1,0.0
0.09,55.3,53.3,8.89,0.0,4,169.11
17.23,92.8,89.1,6.69,1.94,1,7.75
16.01,96.3,52.1,9.05,0.0,4,9.88
1.63,95.8,51.2,6.34,0.19,3,32.87
0.0,86.5,60.6,5.86,0.0,5,18.01
2.04,100.0,41.3,8.77,2.43,3,33.25
0.0,94.0,36.0,6.07,0.0,5,9.07
0.38,54.2,97.6,6.11,0.0,1,196.2
15.24,96.0,43.3,4.9,2.78,4,5.11
0.19,68.5,50.3,8.73,0.0,2,48.05
3.28,97.2,74.3,6.54,0.0,2,9.54
15.14,94.3,96.4,6.07,13.42,1,0.0
0.0,87.7,95.4,9.08,13.92,5,0.0
10.17,94.4,52.3,9.34,0.4,4,68.31
3.03,99.5,16.9,9.67,3.57,2,2.09
0.14,53.1,91.9,5.75,9.87,4,134.03
3.68,94.2,46.7,5.48,0.0,3,11.67
3.67,92.5,22.4,9.59,0.44,3,8.89
7.16,91.0,18.1,4.92,14.76,1,0.0
1.91,97.1,81.6,5.03,0.0,3,28.98
16.47,93.6,19.5,5.39,0.0,1,0.0
13.02,99.4,54.4,8.51,0.0,4,35.96
1.63,97.6,82.2,6.91,4.98,2,18.65
0.0,96.4,59.3,6.36,0.0,5,9.36
12.95,98.9,78.2,5.88,0.0,1,29.4
6.15,93.1,29.9,6.06,0.0,4,97.59
5.08,94.9,30.2,5.26,0.15,4,107.33
14.55,95.0,65.6,6.64,2.56,1,11.56
4.17,92.7,51.9,6.83,0.0,3,9.83
0.0,91.3,28.7,6.83,11.87,5,0.0
17.38,90.3,57.2,4.83,0.0,1,7.83
15.19,98.0,29.2,6.06,0.0,1,9.06
0.0,86.6,35.0,6.7,0.0,5,18.53
0.0,87.4,25.0,6.63,10.14,5,0.0
2.22,97.3,73.1,5.21,0.0,2,16.0
3.68,90.9,69.2,6.05,0.0,2,9.05
0.34,76.4,32.9,6.18,4.61,3,56.56
1.59,99.0,85.6,6.23,0.0,2,23.35
2.83,97.3,97.8,4.99,4.33,2,5.36
0.0,84.5,67.8,6.59,0.0,5,31.13
0.0,95.5,69.4,6.73,0.0,5,9.73
0.0,89.7,63.2,6.47,0.67,5,9.5
2.68,93.8,23.1,5.32,1.52,2,2.0
2.81,96.5,45.8,6.12,3.37,2,7.63
2.87,94.3,17.2,8.81,9.02,3,3.24
18.29,95.1,32.4,5.13,0.0,1,8.13
15.54,99.5,32.7,5.03,4.86,4,3.17
0.22,81.4,16.2,4.91,0.0,3,54.12
9.42,90.0,24.9,6.26,0.0,1,13.02
14.78,92.0,22.6,6.81,8.36,1,0.0
2.71,98.3,67.0,6.87,0.0,2,12.73
3.32,94.6,25.1,5.68,0.0,3,7.72
2.6,90.9,37.0,5.38,2.24,3,20.18
0.0,67.8,82.0,5.58,10.43,5,0.0
2.26,91.9,68.2,9.59,0.0,2,23.0
2.91,99.3,58.5,6.01,11.41,2,0.0
1.34,96.7,23.3,5.0,3.43,3,15.58
3.51,95.0,45.9,4.21,2.93,3,9.17
5.08,92.0,33.5,5.27,0.0,3,8.27
0.11,80.4,85.4,5.44,0.0,1,198.89
12.67,90.8,46.3,5.32,0.0,1,31.6
2.07,97.7,89.4,6.68,5.01,2,5.6
0.0,90.7,49.5,6.48,0.0,5,9.48
0.33,83.0,92.0,6.21,0.0,1,196.67
3.88,94.4,76.0,6.14,0.0,2,9.14
7.57,98.7,18.7,9.36,0.0,4,49.84
2.83,96.9,20.3,5.5,0.0,2,2.04
3.74,92.7,33.6,8.61,0.0,3,16.38
15.95,90.6,52.3,4.3,4.88,4,2.42
2.26,93.7,35.4,5.73,1.67,2,14.43
0.0,82.3,80.7,6.93,3.97,5,33.77
0.0,87.3,24.6,6.06,16.35,5,0.0
16.89,96.2,55.3,5.13,3.6,1,4.53
2.17,97.2,73.2,5.85,1.67,2,15.51
2.44,99.6,87.9,6.44,0.0,2,15.07
16.31,98.6,98.3,8.98,0.0,4,6.88
2.33,90.4,34.5,5.56,0.0,2,15.28
7.96,91.6,22.8,4.01,4.53,4,36.45
4.33,94.8,18.1,5.28,0.0,2,0.0
15.37,98.8,95.6,9.52,4.84,1,8.83
11.2,93.7,32.3,5.21,2.28,1,43.91
5.66,98.1,59.2,5.05,6.33,3,0.0
2.85,99.1,74.0,8.99,2.68,3,23.93
0.39,50.1,38.2,6.73,18.32,3,0.0
0.24,81.2,85.5,6.35,0.0,4,167.59
14.18,93.1,87.3,6.67,0.0,1,17.89
3.56,90.7,63.3,6.67,2.6,3,11.5
1.3,99.1,21.6,6.16,0.73,3,17.71
0.0,77.8,18.4,6.43,3.32,5,24.53
0.08,54.7,75.4,5.28,2.02,2,49.23
0.05,52.8,62.6,6.64,9.21,1,135.23
14.7,97.4,96.9,6.51,5.96,1,2.62
9.08,91.8,86.5,6.51,0.79,4,67.95
1.77,95.3,83.9,6.29,0.0,2,21.61
5.36,94.8,80.3,9.76,2.41,3,6.43
0.0,86.9,59.0,6.25,0.23,5,17.19
0.0,87.4,46.6,6.46,6.71,5,3.8
5.28,94.2,99.6,6.99,0.0,3,7.23
10.43,93.5,43.2,4.53,0.0,1,53.27
4.5,90.1,55.9,4.66,6.03,2,0.0
0.25,54.4,46.3,4.26,0.0,4,167.49
17.16,92.3,22.3,9.73,0.0,4,0.0
2.64,96.5,25.3,9.36,19.88,3,0.0
0.0,94.6,93.9,9.73,0.54,5,14.02
2.89,95.0,51.3,6.75,0.0,2,10.82
16.8,97.5,26.2,6.45,7.04,1,0.0
4.5,95.8,98.9,5.47,9.49,2,0.0
3.55,98.8,67.1,6.74,0.0,3,14.26
0.0,93.0,41.0,6.98,8.46,5,0.0
12.46,93.4,92.0,6.94,7.27,4,11.22
0.0,92.1,21.4,6.86,0.0,5,0.0
16.82,90.4,35.9,6.92,0.0,4,0.0
0.13,63.0,69.7,5.25,16.23,3,0.0
0.2,59.6,85.0,9.43,0.0,4,167.96
7.93,90.4,47.7,5.46,18.61,1,0.0
15.26,94.3,16.0,6.15,2.11,1,0.0
2.65,91.1,89.4,9.54,0.0,3,29.95
12.98,94.0,24.3,5.63,0.0,1,5.77
0.0,88.7,26.1,6.68,0.0,5,2.59
0.0,61.7,86.8,6.35,0.0,5,107.77
15.96,93.3,79.8,9.79,2.5,4,10.4
11.32,95.3,58.0,6.78,8.48,1,15.25
0.0,87.1,82.5,6.08,13.87,5,0.0
0.37,59.9,51.8,5.22,0.0,2,46.26
14.01,93.7,98.4,5.11,1.09,1,16.91
16.99,92.0,70.6,4.95,6.33,1,0.0
18.68,97.7,98.1,4.05,0.0,1,7.05
14.42,92.1,96.2,5.4,12.53,1,0.0
15.27,93.5,73.6,9.35,1.23,4,12.78
0.28,52.0,62.2,5.35,5.53,2,47.24
0.0,72.7,72.0,5.49,5.37,5,24.95
0.0,85.4,47.5,5.8,0.0,5,20.75
1.56,93.5,31.9,5.7,2.17,2,20.94
1.83,99.4,15.8,8.93,0.0,3,19.35
13.91,95.5,24.9,6.82,1.2,4,9.74
12.08,98.6,40.8,4.67,0.0,4,36.83
0.0,96.0,87.4,6.86,5.18,5,0.0
0.32,79.6,74.6,5.89,0.0,4,166.78
0.32,66.4,59.6,6.54,13.48,3,0.0
0.02,71.6,97.5,4.72,0.0,3,59.8
0.38,75.9,24.9,9.66,0.0,4,158.78
16.48,98.9,27.7,5.94,0.3,4,5.19
2.35,96.6,72.1,9.3,0.0,2,21.67
5.31,94.0,66.9,6.81,0.0,1,106.76
0.0,93.0,28.9,5.92,0.0,5,8.92
13.51,91.2,71.9,5.32,0.0,1,23.21
8.24,92.7,91.6,9.16,0.2,4,87.59
10.03,98.7,69.1,6.3,7.29,1,20.68
0.24,61.8,15.8,6.19,3.06,2,47.58
4.17,94.1,44.9,9.53,0.0,2,8.29
5.91,90.4,79.3,4.14,4.77,1,93.25
0.05,83.0,80.9,5.5,0.0,1,199.52
12.81,94.6,15.6,9.36,0.0,4,19.69
1.24,90.2,22.6,6.59,8.55,3,5.73
13.04,93.8,69.8,6.49,0.0,1,29.08
0.35,83.8,56.1,5.69,0.0,4,166.46
0.08,80.2,77.1,4.93,1.67,1,199.2
6.17,98.7,90.5,6.84,14.19,1,0.0
16.01,98.2,47.2,5.23,0.0,1,8.23
0.0,45.5,55.1,6.87,0.0,5,163.13
15.12,93.3,56.1,6.48,0.0,4,9.48
17.8,98.2,48.7,5.67,0.0,4,0.0
2.72,96.2,47.2,6.03,12.53,2,0.0
0.09,78.8,97.0,8.93,19.03,3,0.0
1.92,98.7,57.3,8.79,9.18,3,10.76
0.0,89.3,90.9,9.31,2.49,5,13.33
6.56,96.7,95.7,5.5,0.0,4,92.91
6.69,96.9,89.7,5.85,4.06,1,87.84
0.12,78.0,83.9,6.58,2.68,2,48.79
0.0,83.6,61.7,6.09,9.86,5,8.23
16.83,93.9,83.0,8.98,9.99,4,0.0
0.0,57.6,84.8,5.64,0.0,5,120.82
3.73,97.1,31.4,5.42,0.0,3,11.15
2.31,90.3,84.9,9.83,7.19,3,10.36
2.79,98.7,94.1,9.36,0.0,2,16.66
2.99,98.9,89.1,5.11,0.0,2,8.2
0.0,95.0,28.4,5.63,9.21,5,0.0
11.96,96.4,26.2,5.32,4.64,1,6.82
1.4,97.7,99.1,5.25,0.0,2,24.21
2.33,94.6,25.1,5.7,0.0,3,12.71
3.27,99.8,31.8,5.04,11.91,2,0.0
0.0,98.9,87.0,6.17,0.0,5,9.17
0.31,70.7,51.2,4.92,0.0,4,166.95
0.39,60.1,43.1,8.56,0.0,1,196.05
15.33,97.3,29.9,6.32,0.77,1,8.55
3.88,92.6,96.3,6.41,8.04,3,0.0
2.65,92.2,90.1,5.03,17.21,2,0.0
2.83,94.3,67.9,8.94,3.23,2,11.95
16.72,99.3,97.8,5.66,0.0,4,2.81
0.22,54.2,98.6,5.21,0.0,4,167.83
0.3,53.3,73.9,5.8,0.0,2,47.03
0.0,87.9,68.4,5.65,0.0,5,14.22
14.41,96.1,31.7,6.35,0.0,1,15.3
3.28,98.5,89.4,5.72,0.0,3,15.92
13.31,98.3,52.2,5.56,4.42,4,20.99
0.1,61.9,71.9,6.7,0.0,3,59.02
4.17,98.9,81.1,5.31,0.0,2,8.25
19.19,97.6,69.5,7.0,4.4,1,5.6
6.77,91.3,66.1,6.77,0.0,1,92.02
4.41,96.4,67.3,9.76,0.0,3,14.67
0.23,59.5,70.5,5.88,0.0,2,47.66
0.16,77.1,44.7,5.7,0.0,4,168.44
4.73,96.3,46.1,4.53,8.87,3,0.0
2.01,95.6,15.4,9.22,0.0,2,5.09
8.19,92.1,73.5,6.35,0.0,1,77.41
0.0,87.3,58.1,6.33,18.09,5,0.0
0.03,55.4,98.6,4.44,2.72,1,199.69
0.0,93.2,93.3,5.21,0.3,5,7.91
12.16,90.9,21.0,9.21,0.0,4,23.33
5.19,95.4,44.1,4.85,2.29,3,5.56
3.94,93.0,86.7,5.05,0.0,3,8.62
4.95,92.0,36.6,8.62,3.72,3,9.09
2.82,90.0,20.1,5.87,4.08,3,8.28
1.25,91.6,56.0,8.6,3.68,2,29.18
0.24,83.9,26.8,9.61,0.0,3,57.59
0.0,93.2,25.4,6.62,0.0,5,0.0
12.25,98.9,26.4,9.44,5.27,1,3.19
2.46,92.6,88.1,5.36,0.0,2,13.79
0.0,91.7,52.9,5.19,7.4,5,0.0
14.7,91.8,79.0,5.67,0.0,1,11.64
13.09,91.2,81.6,6.0,0.0,1,28.13
0.0,47.7,16.0,5.32,0.0,5,76.97
3.23,94.5,78.6,9.14,0.45,2,13.44
4.54,95.6,48.2,5.38,0.0,3,8.38
0.3,64.9,70.5,5.77,7.57,3,56.97
5.17,90.9,24.2,5.35,1.1,3,3.62
1.21,99.8,27.7,5.81,9.38,3,10.92
16.11,94.4,30.8,5.41,5.3,4,0.0
0.15,53.7,69.6,5.29,2.81,1,198.45
4.47,99.7,86.1,9.48,10.81,3,0.0
15.9,98.3,79.0,9.57,0.0,4,10.99
0.35,77.5,17.3,6.1,6.03,1,51.61
4.45,94.9,49.9,4.79,3.14,3,4.65
3.53,97.9,79.0,9.75,0.0,2,14.66
3.47,96.0,43.3,6.47,4.27,2,5.2
2.79,91.5,49.6,6.27,0.0,2,11.36
3.55,91.1,97.4,8.63,0.0,3,18.58
0.0,88.7,66.1,8.71,6.44,5,4.04
10.68,91.5,61.0,6.78,4.28,1,48.66
0.22,67.9,59.5,6.33,0.0,1,197.75
4.66,94.6,93.6,5.84,5.76,3,0.0
14.32,90.2,57.4,6.26,0.54,4,15.55
0.0,73.0,81.4,4.03,0.0,5,66.46
2.55,96.6,28.9,6.4,1.13,2,12.77
0.0,98.2,97.6,5.01,0.24,5,7.77
1.92,98.2,70.3,4.78,2.59,2,15.98
0.1,78.0,65.3,5.3,0.0,3,59.05
4.28,94.7,92.7,6.89,0.0,3,9.89
13.95,97.3,57.8,9.18,0.0,4,26.11
15.62,92.7,71.7,5.56,0.0,1,8.56
2.4,92.0,67.3,6.6,0.0,2,15.62
16.22,99.9,86.0,6.1,0.0,1,9.1
1.47,95.8,24.4,5.45,6.95,2,0.0
5.31,93.4,30.4,9.37,0.0,4,116.88
3.52,96.6,98.9,9.32,0.0,3,19.67
12.14,99.0,64.5,4.3,0.0,4,35.87
3.21,98.9,49.0,6.9,0.0,3,17.81
0.0,96.1,68.8,5.52,2.85,5,5.68
0.0,94.7,60.7,5.79,0.0,5,8.79
0.0,83.6,86.6,4.15,0.0,5,30.89
4.61,92.1,94.3,5.81,19.03,3,0.0
3.73,97.8,52.6,8.55,0.0,3,16.38
13.28,92.4,75.1,4.42,0.0,1,24.64
3.55,98.9,39.2,5.24,0.0,3,12.75
5.1,91.2,41.1,5.15,1.69,3,6.46
5.51,92.0,54.3,9.9,12.83,3,0.0
3.85,98.6,32.7,8.99,9.16,3,2.01
2.48,98.8,83.9,4.36,0.0,2,12.53
15.45,96.9,48.8,5.93,0.0,1,8.93
13.49,92.7,24.6,9.91,2.73,1,5.81
0.0,85.5,59.4,6.78,0.0,5,21.42
15.66,97.8,28.7,9.2,0.0,4,13.37
2.83,98.3,41.3,4.62,0.0,2,9.34
10.98,90.9,83.6,6.11,0.0,4,49.33
15.51,93.0,92.2,9.51,0.0,4,14.38
0.0,88.4,73.7,6.07,15.47,5,0.0
0.36,71.9,24.8,4.6,5.9,1,55.05
0.06,82.0,63.7,6.86,0.0,4,169.43
10.49,94.3,79.1,5.7,0.0,1,53.83
14.39,94.0,19.9,6.63,0.0,1,3.15
5.71,94.9,76.5,5.39,2.55,1,98.79
1.97,97.7,69.4,8.98,0.0,2,25.65
17.99,94.3,94.3,5.14,16.35,1,0.0
5.73,92.3,58.7,6.22,4.33,3,2.68
17.56,96.4,66.3,6.88,0.0,1,9.88
16.25,97.2,66.6,9.93,5.13,4,3.59
15.71,99.6,22.5,5.53,9.81,1,0.0
14.05,99.1,62.5,4.02,0.0,1,16.48
2.48,98.6,82.9,6.0,5.05,2,3.67
17.84,96.5,34.1,4.94,4.51,4,0.0
14.89,90.6,31.2,9.05,0.64,4,14.4
17.31,91.4,31.4,5.83,0.0,4,0.0
0.13,52.7,90.7,6.9,2.81,1,198.71
0.0,71.2,30.4,5.13,0.0,5,74.1
1.39,99.7,47.4,5.24,4.45,2,19.9
0.21,50.9,75.2,5.31,2.49,1,197.92
1.78,97.5,19.2,5.31,0.0,2,4.1
14.15,91.3,95.1,6.58,0.0,1,18.05
2.63,95.2,80.7,5.38,1.6,2,10.51
0.01,62.6,31.2,6.67,0.38,3,59.91
17.06,92.2,67.6,5.34,15.37,4,0.0
3.67,95.6,53.2,4.41,4.76,3,5.98
3.86,96.5,59.7,9.4,0.0,2,11.36
19.59,99.6,28.4,5.11,6.94,1,0.0
0.11,84.4,58.6,6.04,1.64,1,198.91
0.01,51.4,86.3,6.85,14.18,2,0.0
2.1,95.3,80.8,6.04,0.0,3,28.09
0.2,56.2,82.4,6.38,0.0,1,198.02
14.69,98.0,25.6,6.69,13.02,1,0.0
0.0,62.9,32.1,4.32,0.0,5,100.96
0.0,89.8,41.3,6.93,0.0,5,10.48
13.54,99.2,85.5,9.36,3.36,4,27.17
0.11,73.5,83.4,5.03,0.0,2,48.91
4.78,99.5,79.4,4.51,6.55,3,0.0
0.07,75.1,30.6,9.38,0.0,3,59.26
11.6,98.7,66.7,6.89,0.0,1,43.87
0.0,67.3,89.5,5.43,0.0,5,87.79
0.29,78.6,62.4,9.93,6.23,4,119.14
17.52,99.0,52.1,6.52,0.0,4,0.0
0.0,91.8,46.2,6.35,7.25,5,0.0
4.85,97.9,46.6,5.08,12.73,3,0.0
0.04,71.6,81.0,6.28,3.32,2,49.59
17.96,95.5,74.6,9.82,0.62,4,0.0
5.37,91.3,38.9,6.72,0.0,1,105.99
16.18,98.1,20.6,5.74,9.27,4,0.0
13.35,97.5,47.9,6.8,9.29,4,6.82
15.33,92.7,16.2,6.06,0.0,1,0.0
17.74,97.2,40.9,9.59,0.0,4,0.0
4.76,91.4,34.1,5.4,6.71,3,0.0
0.0,92.9,22.1,5.76,0.0,5,0.0
4.75,90.1,86.0,5.3,0.0,2,2.54
5.67,92.9,47.6,4.0,9.49,3,0.0
2.77,96.9,96.2,6.81,0.0,2,12.08
0.0,84.8,96.0,4.52,0.0,5,27.41
0.0,88.1,65.7,5.93,0.0,5,13.8
14.33,98.6,24.0,6.25,19.54,4,0.0
16.43,91.6,92.9,6.96,3.05,4,5.65
0.0,88.3,39.9,5.03,0.0,5,12.51
12.93,91.9,34.6,6.25,18.46,4,0.0
12.46,97.0,21.1,6.53,6.91,1,2.25
10.88,96.7,66.5,9.7,0.0,4,61.2
2.94,99.7,55.3,5.35,18.52,3,0.0
15.65,100.0,52.8,5.36,18.87,4,0.0
15.8,99.9,64.8,6.55,1.76,1,7.78
2.53,99.5,40.2,9.99,0.0,3,31.83
2.88,99.0,20.3,5.32,0.61,2,0.0
0.0,93.4,24.5,6.68,0.82,5,0.0
0.0,92.4,44.9,4.25,0.0,5,7.25
0.0,93.7,27.2,5.15,0.0,5,0.0
6.19,92.1,93.6,9.79,0.0,4,108.09
0.0,48.2,77.4,7.0,0.0,5,154.35
11.57,93.5,78.7,8.52,0.0,4,52.69
6.83,97.3,92.5,5.46,0.0,4,90.19
0.32,71.8,58.9,9.41,4.28,3,56.79
0.21,66.4,92.5,6.06,2.75,2,47.88
0.0,92.3,89.9,5.5,0.0,5,8.5
15.16,96.8,88.5,6.04,4.49,4,4.56
4.76,94.4,67.5,6.22,5.81,2,0.0
4.64,97.6,18.0,5.14,5.34,3,0.0
15.47,91.2,17.5,8.77,0.0,4,6.77
0.0,93.9,45.6,5.23,0.0,5,8.23
15.7,91.3,99.0,5.53,6.78,4,0.0
16.36,98.0,93.8,8.87,7.27,4,2.12
3.67,90.5,41.8,6.66,9.29,3,0.0
0.31,60.4,79.3,6.35,4.17,1,196.91
0.0,90.5,73.5,5.72,0.0,5,8.72
0.03,63.6,49.4,9.9,0.0,2,49.66
0.0,88.0,52.5,6.37,1.28,5,13.27
14.42,95.9,85.5,8.74,0.0,4,20.19
15.54,93.8,64.3,6.97,5.78,4,0.0
0.06,79.7,18.1,8.73,14.61,2,0.0
0.0,89.9,67.0,6.04,0.0,5,9.43
1.98,94.8,46.7,8.6,0.0,2,25.09
16.63,92.6,92.0,5.22,5.1,4,0.0
1.33,96.7,25.6,9.49,0.0,2,6.72
0.08,79.2,66.9,9.0,0.0,4,169.21
0.0,84.7,36.8,9.08,4.25,5,32.17
0.05,77.3,71.9,8.53,19.78,3,0.0
19.63,91.9,28.7,5.21,0.0,1,3.72
0.0,87.8,27.8,5.75,8.55,5,2.35
12.5,98.2,34.5,8.72,0.0,4,42.22
1.43,97.8,42.9,9.6,0.0,2,32.53
1.16,94.8,97.6,6.08,4.91,3,32.61
0.0,87.2,83.5,5.49,6.32,5,3.75
0.0,97.5,28.3,5.28,0.0,5,8.28
0.06,76.7,55.7,6.2,2.53,2,49.4
0.12,71.4,22.8,5.01,16.38,4,0.0
0.37,65.2,20.7,9.54,0.0,3,56.25
0.29,78.4,24.2,6.58,0.0,2,47.14
4.93,95.7,45.7,5.84,0.0,2,0.0
18.36,98.7,87.7,6.8,2.61,1,7.19
0.0,75.7,72.1,5.3,0.0,5,59.04
0.04,50.5,26.0,5.53,0.0,2,49.57
0.0,84.0,56.8,5.95,0.0,5,31.95
0.0,83.3,43.4,5.49,0.0,5,33.71
14.5,97.8,26.6,8.96,0.0,4,9.74
15.71,91.8,47.1,5.87,3.32,1,5.54
3.6,93.6,20.3,9.85,0.0,3,9.7
0.0,74.4,54.7,5.58,7.58,5,21.6
0.0,92.9,25.5,8.85,0.0,5,2.73
9.93,90.3,87.4,6.43,18.13,1,0.0
0.0,89.2,89.0,4.52,9.63,5,0.0
3.56,98.7,84.4,6.09,0.0,2,9.09
9.48,99.4,96.9,5.7,16.17,1,0.0
0.0,86.5,40.3,5.93,0.0,5,17.95
0.04,55.9,51.5,9.56,7.74,3,59.63
1.19,99.9,48.9,6.31,3.29,2,24.13
14.3,90.2,64.2,6.94,0.0,1,16.91
0.21,69.9,91.5,6.98,0.0,1,197.9
1.16,95.7,94.1,4.79,4.75,2,21.39
2.85,94.9,71.0,8.67,0.0,2,15.13
8.93,94.3,25.6,6.85,8.71,4,12.37
16.01,92.7,38.1,9.13,3.34,1,10.11
11.75,95.5,51.3,6.36,0.0,4,41.88
0.0,73.0,16.6,5.66,0.0,5,34.44
0.0,90.9,82.8,5.51,0.49,5,8.01
3.47,95.8,85.5,6.28,2.11,2,7.17
2.49,99.6,52.1,5.7,2.27,2,11.54
4.03,96.8,22.0,6.75,2.53,2,0.0
5.18,91.8,86.9,6.53,11.61,1,0.0
1.03,90.1,76.8,8.58,1.29,2,34.49
13.15,90.9,39.2,9.45,3.56,1,31.46
11.45,99.7,21.7,5.62,0.0,1,8.81
14.94,98.4,58.0,5.92,16.53,4,0.0
0.31,63.1,73.4,9.6,0.0,3,56.91
19.92,96.6,36.0,9.83,19.24,1,0.0
0.39,72.5,16.6,6.32,9.29,2,23.02
0.0,52.8,70.3,6.59,8.06,5,51.1
0.0,81.1,71.3,9.69,0.0,5,53.64
16.79,98.5,67.4,9.77,8.05,4,2.15
12.51,92.3,63.9,8.76,0.0,4,42.22
0.29,65.7,21.8,5.23,4.0,4,149.74
4.47,90.5,48.5,5.37,0.0,3,8.37
3.86,98.0,80.5,4.02,18.8,3,0.0
0.0,88.6,31.8,6.91,0.0,5,13.66
12.36,98.4,21.6,9.26,0.0,4,22.26
0.04,68.4,46.7,5.17,0.0,4,169.61
0.0,47.0,81.2,5.26,0.0,5,155.95
18.03,93.0,96.6,5.2,0.0,1,8.2
0.0,88.1,58.6,6.89,3.48,5,11.39
16.04,92.1,15.4,6.81,0.0,4,4.9
17.64,92.2,72.3,5.13,6.29,1,0.0
0.0,81.7,93.7,5.97,0.0,5,39.71
3.99,99.7,84.2,8.67,0.0,3,13.58
13.26,90.6,90.8,5.46,9.49,1,6.56
2.74,91.9,58.7,6.74,0.0,3,22.38
16.2,93.7,93.9,5.03,0.0,4,7.99
14.35,96.7,34.8,5.42,13.99,1,0.0
0.08,74.8,59.4,5.51,3.31,2,49.17
1.56,94.6,77.8,8.53,12.21,2,0.0
0.19,73.0,68.8,8.73,0.22,2,48.08
0.31,68.5,56.2,4.25,0.0,1,196.9
17.42,97.3,71.8,8.52,0.0,4,0.0
0.38,79.8,18.2,5.89,17.95,2,0.0
0.13,68.5,21.6,5.01,9.85,3,27.85
4.51,91.7,97.6,5.25,0.0,3,8.25
16.61,94.1,77.7,5.06,3.07,1,4.99
0.38,59.3,31.0,5.84,3.1,4,166.19
15.4,96.5,95.8,8.72,19.18,4,0.0
8.71,94.4,85.9,5.24,0.0,1,71.18
12.39,97.3,25.3,5.96,4.19,4,15.45
0.14,80.5,53.0,6.77,0.0,1,198.6
0.33,55.6,62.6,6.59,1.96,2,46.73
15.42,93.2,96.4,5.54,0.0,1,8.54
4.5,95.6,74.8,6.13,0.0,2,5.05
11.16,90.6,71.2,6.09,0.0,4,47.45
0.02,51.0,91.5,6.03,4.14,4,169.82
2.78,94.4,98.8,6.63,1.37,2,10.49
0.0,85.6,20.7,4.27,5.71,5,0.0
0.32,77.2,36.3,9.83,4.34,4,166.79
4.35,99.8,79.7,6.43,0.0,3,9.43
12.72,90.9,19.1,5.37,0.0,1,6.24
0.0,59.9,68.4,6.19,4.57,2,49.98
15.0,93.2,41.6,9.72,16.64,4,0.0
0.0,87.4,35.9,5.55,10.39,5,0.0
0.0,63.5,88.5,6.84,3.29,5,98.08
0.32,81.1,83.3,5.92,3.58,1,196.77
0.09,83.7,56.5,6.88,0.18,3,59.11
0.0,49.1,29.9,5.3,0.0,5,148.91
0.0,93.1,41.6,5.3,0.0,5,8.3
0.0,65.9,96.3,6.51,11.71,5,0.0
0.0,81.3,19.2,9.91,0.15,5,26.36
0.38,73.9,76.1,6.02,0.0,1,196.23
2.46,92.3,60.9,8.77,0.0,3,31.29
3.65,90.4,15.7,6.68,10.13,2,0.0
2.65,91.1,15.1,5.34,2.41,3,9.71
0.1,53.6,70.5,6.96,2.57,1,198.97
2.34,91.3,84.3,9.88,0.0,2,22.38
2.07,96.4,28.0,6.17,4.35,3,24.08
14.51,97.2,90.1,6.13,0.0,1,14.04
0.0,97.7,45.7,4.88,1.15,5,6.73
0.0,89.2,69.6,6.96,0.0,5,11.98
0.27,55.6,53.5,6.32,0.0,4,167.33
3.6,93.9,93.2,6.57,6.62,3,2.77
0.0,96.9,48.5,5.58,2.09,5,6.5
0.0,93.9,48.2,5.22,0.0,5,8.22
0.07,69.4,70.6,5.8,0.0,3,59.32
8.85,94.8,92.3,6.69,15.33,1,0.0
12.85,90.5,66.6,6.86,6.83,4,9.82
15.95,98.6,91.6,6.18,0.0,4,9.18
0.0,86.5,47.5,9.31,9.42,5,5.54
3.01,92.8,72.0,6.53,0.62,2,8.91
0.13,80.2,97.2,6.16,7.09,1,99.12
0.0,67.1,88.4,6.16,0.0,5,89.2
11.82,99.2,91.6,6.06,0.0,4,40.85
4.45,91.3,75.2,9.85,19.94,2,0.0
13.79,98.2,43.9,9.04,0.0,4,27.79
14.62,91.0,38.9,6.94,0.0,1,13.69
2.11,93.2,82.2,6.37,0.0,2,18.24
0.15,52.3,60.2,9.64,0.0,4,168.54
15.56,92.1,34.8,9.47,0.0,4,14.34
0.21,65.6,52.8,5.45,0.0,2,47.87
15.18,97.6,33.8,5.74,0.65,1,8.09
16.99,96.7,53.3,8.56,1.52,4,0.0
4.48,94.1,58.9,10.0,8.61,3,2.02
0.0,88.4,34.4,4.23,0.0,5,11.46
13.38,96.9,18.7,5.88,3.72,1,4.28
17.63,91.4,91.4,5.48,9.69,1,0.0
3.76,90.3,59.5,9.35,8.48,3,2.89
3.79,97.5,31.8,5.87,0.0,3,11.0
0.0,92.5,69.4,6.26,0.0,5,9.26
13.06,92.3,78.6,5.33,4.46,1,23.25
16.84,97.1,77.3,5.68,0.0,4,0.0
1.77,97.8,98.7,6.75,12.54,2,0.0
0.0,92.9,79.3,6.93,0.0,5,9.93
0.0,93.8,39.1,5.64,8.13,5,0.0
6.56,90.8,50.9,6.37,0.0,1,93.72
18.69,98.0,51.4,8.77,15.17,1,0.0
14.1,92.1,43.7,9.38,0.0,4,24.62
10.11,94.8,95.8,5.78,0.0,1,57.64
4.23,93.3,22.5,6.4,0.0,3,4.7
16.63,96.3,20.6,6.64,18.09,1,0.0
12.54,93.4,77.8,9.59,1.48,4,41.08
0.0,88.3,82.3,5.52,6.08,5,2.77
0.0,91.0,83.2,5.76,6.59,5,0.0
4.27,91.3,69.7,9.68,0.0,3,14.58
14.76,95.2,58.4,6.47,0.0,1,11.83
16.47,96.2,60.8,5.08,14.5,1,0.0
13.64,93.1,96.4,6.39,5.29,1,7.08
0.0,96.6,88.3,6.28,2.75,5,6.53
1.8,90.9,30.9,9.23,0.0,3,39.34
14.35,94.6,82.4,9.54,8.66,4,4.79
0.0,91.4,35.2,6.96,0.0,5,9.96
0.0,93.7,77.6,5.61,0.0,5,8.61
16.67,91.4,52.5,9.11,0.0,4,3.28
11.23,96.4,24.2,6.83,4.4,1,8.63
0.29,54.0,36.5,9.19,3.65,3,57.13
4.14,92.1,70.2,9.54,0.0,3,14.43
0.0,85.0,66.9,6.5,0.0,5,22.45
11.33,97.6,57.8,6.17,0.22,4,45.62
12.92,98.1,25.7,6.35,3.11,4,13.52
2.7,97.4,49.4,4.57,16.51,2,0.0
2.85,98.6,43.4,9.95,7.96,2,2.97
7.42,97.4,37.0,9.32,8.45,4,36.66
0.0,86.6,49.7,6.45,1.16,5,17.06
15.72,99.6,54.9,5.97,0.0,1,8.97
0.36,66.9,56.0,6.26,6.58,2,46.38
4.14,95.1,18.5,6.27,0.0,3,4.64
4.14,91.6,57.4,6.07,0.0,3,9.07
5.0,99.2,94.2,5.36,0.0,2,0.0
3.93,93.8,88.3,4.38,0.0,3,8.05
0.14,60.6,75.0,6.04,18.95,2,0.0
4.0,93.3,58.0,5.5,0.0,2,8.5
13.45,94.5,41.0,6.86,0.0,1,25.37
15.8,95.3,71.3,4.07,0.0,4,7.07
15.36,96.8,66.4,5.27,0.96,4,7.31
16.18,90.7,98.4,6.58,0.0,1,9.58
13.14,93.6,52.9,5.55,3.35,1,23.75
0.31,84.9,37.9,6.07,0.0,2,46.95
16.93,96.2,89.9,4.26,2.99,4,0.0
4.22,97.6,60.3,9.7,0.0,3,14.6
3.78,96.9,92.9,5.49,1.9,3,8.75
0.0,86.1,79.5,6.42,0.0,5,19.65
4.15,97.7,18.4,5.25,6.03,3,0.0
0.0,89.7,75.4,5.06,0.0,5,8.94
5.81,92.2,45.1,5.93,0.0,3,0.0
16.73,92.0,19.8,9.15,0.0,4,2.66
0.34,73.5,53.0,8.71,0.0,2,46.58
13.82,94.9,77.8,5.84,8.9,4,4.69
2.62,95.4,36.2,6.69,0.0,2,13.51
4.68,91.7,57.5,5.15,0.0,3,8.15
2.94,93.0,15.1,6.28,3.67,2,0.0
0.0,84.2,100.0,6.96,0.0,5,32.52
0.07,68.9,86.1,5.6,0.0,1,199.3
0.0,93.8,32.1,5.31,7.09,5,0.0
4.72,95.0,30.7,5.19,0.0,2,2.76
0.27,71.6,76.4,5.84,7.28,1,110.5
6.06,97.1,99.6,4.01,14.0,4,0.0
0.0,87.4,39.6,4.75,0.8,5,13.79
0.01,66.4,81.7,9.08,7.03,2,49.87
4.15,94.6,56.2,5.95,11.01,3,0.0
3.17,98.4,20.7,9.03,1.36,2,2.46
2.21,99.5,27.4,9.1,3.5,3,15.22
1.68,96.7,94.0,6.11,7.61,2,5.86
2.24,91.9,44.5,9.93,0.0,3,35.11
15.2,97.3,75.6,6.53,0.0,4,9.53
0.28,82.4,22.0,8.78,0.0,4,145.34
0.0,89.2,24.3,8.95,0.0,5,3.24
5.94,90.1,18.9,5.28,0.0,1,19.78
0.0,94.1,91.2,6.28,0.0,5,9.28
15.89,94.4,93.1,5.44,0.0,1,8.44
3.27,91.8,97.4,4.6,0.0,2,7.6
0.23,77.5,38.1,6.66,17.43,2,0.0
2.66,93.4,16.9,6.76,5.52,2,0.0
13.98,95.0,66.2,9.57,19.07,4,0.0
0.27,57.5,17.5,5.6,14.65,4,0.0
1.48,95.2,16.6,5.55,5.98,3,5.55
14.07,94.5,67.3,4.87,6.39,4,4.3
0.0,93.6,74.9,6.5,0.0,5,9.5
2.39,94.0,61.4,9.55,0.0,3,32.93
15.88,96.0,75.7,6.61,0.0,1,9.61
0.0,94.7,56.4,5.35,2.81,5,5.54
0.38,50.1,18.0,6.15,0.0,4,166.19
0.0,82.2,95.8,4.67,0.0,5,36.38
4.6,97.8,90.4,8.75,0.0,3,13.52
2.01,95.1,88.4,5.5,0.0,2,18.43
17.71,94.8,98.7,5.52,0.0,1,8.52
1.15,92.8,87.3,5.14,0.0,2,26.61
15.19,99.2,42.3,9.69,0.0,4,14.59
14.63,94.5,85.1,9.62,14.73,4,0.0
0.0,56.0,27.6,6.53,0.0,5,127.31
3.2,92.7,80.0,6.5,5.16,2,0.0
13.56,95.8,92.6,5.07,0.0,1,22.42
0.0,90.5,88.7,6.02,1.68,5,7.34
13.6,97.4,33.4,4.7,0.0,4,21.72
3.83,95.3,18.4,6.29,7.57,3,0.0
0.0,91.2,20.1,6.83,5.64,5,0.0
12.75,99.8,87.0,4.1,3.65,1,25.99
3.42,98.4,92.0,5.8,13.42,3,0.0
3.3,96.8,86.0,5.61,0.0,3,15.58
0.0,98.7,44.1,4.67,0.0,5,7.67
12.95,93.4,24.7,6.31,7.41,1,0.0
2.71,95.3,29.2,6.25,3.43,2,8.71
15.88,97.5,39.6,5.04,0.0,1,8.04
14.61,97.2,25.5,6.2,0.0,1,2.62
0.0,84.7,17.5,5.73,0.0,5,14.56
0.27,55.2,28.7,4.77,9.5,3,57.32
0.0,86.5,65.7,5.47,0.0,5,17.6
0.0,91.7,82.8,5.17,9.77,5,0.0
0.0,75.4,31.7,6.7,3.14,5,57.81
3.57,96.8,85.9,5.01,7.3,2,0.0
0.12,51.2,71.4,5.29,5.42,1,138.73
1.0,96.4,15.2,5.15,0.0,2,5.63
15.12,91.2,22.6,9.18,0.0,4,7.0
4.42,98.8,20.9,6.12,7.45,3,0.0
11.5,96.5,89.2,5.78,0.0,1,43.82
2.6,91.5,70.3,5.06,9.16,2,0.0
12.06,92.0,61.0,4.22,0.0,1,36.6
0.0,85.3,68.7,5.31,0.0,5,20.51
3.89,95.5,29.5,5.97,6.62,3,0.0
8.81,95.2,90.9,6.58,7.17,4,25.73
14.19,99.6,32.3,9.44,0.0,4,23.58
3.88,95.3,80.3,6.07,16.88,3,0.0
0.0,88.9,79.0,4.63,0.0,5,10.37
15.3,96.8,77.4,9.57,0.0,4,14.46
4.19,95.5,85.2,8.56,0.0,3,13.29
17.88,93.5,95.2,5.75,4.39,1,4.36
4.84,90.6,16.5,6.48,2.29,3,3.59
1.11,91.1,45.7,6.05,0.0,3,37.91
0.0,86.7,40.1,4.63,0.0,5,16.21
0.35,65.9,38.7,5.73,0.0,3,56.45
14.96,95.9,57.8,5.42,9.26,1,0.0
13.99,93.2,18.6,7.0,5.13,1,0.0
0.0,69.2,44.7,5.68,0.0,5,81.51
11.4,98.2,92.2,9.23,0.0,4,55.47
5.44,96.3,31.4,6.85,4.54,3,5.31
0.07,58.6,54.4,8.9,0.0,4,169.3
0.33,54.0,98.5,5.49,0.0,2,46.67
3.46,96.1,79.5,6.12,0.44,2,8.68
0.34,52.4,71.9,4.56,2.91,2,46.59
2.43,93.7,20.6,9.88,0.0,2,4.26
1.99,97.4,63.6,9.75,1.35,2,24.76
1.3,97.2,85.5,6.04,3.09,3,32.96
12.41,98.1,19.9,6.21,0.0,4,17.53
16.86,99.0,55.5,5.51,8.62,1,0.0
2.74,93.7,83.0,6.98,0.34,2,12.21
0.0,95.6,93.9,9.55,0.0,5,14.44
17.59,93.8,63.1,8.71,10.43,4,0.0
13.12,91.2,77.8,5.65,13.1,1,0.0
0.0,88.0,96.3,6.79,0.0,5,14.92
0.27,80.1,41.6,9.68,0.0,4,167.28
0.0,92.1,46.2,9.41,7.66,5,2.19
6.34,95.6,92.8,9.79,0.0,4,106.61
3.36,94.6,68.4,5.58,4.71,3,10.25
0.0,81.8,47.6,4.15,0.47,5,36.33
0.08,59.1,19.1,9.83,0.0,4,169.19
0.16,77.4,73.0,9.49,0.0,3,58.41
13.97,92.5,17.3,8.71,2.35,4,11.33
9.83,90.5,75.5,6.8,8.89,4,21.05
13.11,94.6,95.1,9.14,17.39,4,0.0
16.73,95.5,20.3,6.82,4.49,1,0.0
7.73,91.1,88.4,9.49,0.0,4,92.72
0.0,62.5,78.6,6.67,0.0,5,105.49
3.86,91.1,16.1,4.1,7.59,3,0.0
0.0,91.6,63.9,6.08,0.0,5,9.08
16.71,93.7,34.2,5.67,0.0,1,8.67
4.31,98.3,61.3,9.41,4.43,3,9.18
12.12,96.9,76.8,5.62,0.0,1,37.4
9.52,92.4,50.8,5.53,0.36,4,62.97
0.0,53.5,87.4,6.71,0.0,5,135.85
13.45,91.5,54.4,6.35,0.0,1,24.8
3.23,97.8,64.9,9.65,0.0,2,14.55
1.32,94.7,36.9,8.85,0.8,3,43.56
0.0,67.1,23.8,5.99,4.47,3,60.0
16.63,93.7,23.9,9.44,0.0,4,3.65
1.25,97.2,15.7,8.59,0.0,3,22.49
16.44,93.3,66.6,9.37,2.26,4,5.61
0.0,87.7,62.9,6.69,0.0,5,15.55
0.0,49.8,66.2,9.26,0.0,5,174.76
0.29,84.1,54.1,6.59,9.11,1,93.03
0.0,82.6,25.5,6.13,0.0,5,18.47
2.56,91.9,68.6,5.92,0.0,2,13.27
2.58,94.2,89.4,6.21,0.0,2,13.43
16.11,95.7,30.8,5.56,0.0,1,8.56
0.0,94.0,74.1,4.27,0.0,5,7.27
15.73,99.8,22.0,4.39,5.99,4,0.0
16.97,91.6,68.4,6.97,4.85,4,0.0
0.0,94.8,93.3,5.78,0.0,5,8.78
16.19,92.5,49.8,4.81,6.93,1,0.0
1.76,99.7,44.1,5.06,0.0,2,20.47
0.03,62.4,29.0,6.38,0.0,1,199.7
0.0,89.3,48.6,5.5,7.26,5,0.0
3.57,95.8,39.9,5.89,0.0,2,8.89
17.42,96.2,83.3,4.27,5.12,1,0.0
0.03,68.7,21.0,5.22,18.21,3,0.0
0.21,57.7,64.1,6.47,0.0,1,197.91
0.0,87.4,96.3,5.66,8.24,5,2.91
7.37,98.0,98.2,6.53,0.0,4,85.8
0.39,70.7,87.9,5.18,0.26,1,196.11
0.0,92.2,41.0,5.08,0.0,5,8.08
3.77,98.5,80.4,4.11,0.0,3,9.42
0.0,86.9,82.3,6.95,5.74,5,4.89
0.0,95.0,85.4,5.2,0.0,5,8.2
2.53,92.5,18.0,6.86,14.44,2,0.0
2.74,98.8,45.6,5.51,8.38,2,0.0
3.28,91.9,29.1,9.13,13.95,2,0.0
2.6,97.1,31.9,9.19,0.0,2,18.58
0.33,82.7,65.9,9.33,15.67,3,0.0
10.83,96.6,63.4,6.88,0.0,1,51.55
1.56,100.0,76.1,9.62,13.76,3,0.0
0.28,51.9,44.3,8.65,0.0,4,167.2
0.0,84.6,29.0,6.01,0.56,5,29.33
17.38,97.2,27.1,6.25,0.0,1,0.0
16.9,98.7,42.3,5.81,18.47,4,0.0
14.21,96.9,96.9,6.27,0.0,1,17.14
12.77,95.0,38.0,5.49,0.0,1,30.77
2.9,92.5,57.5,5.64,14.66,2,0.0
1.22,99.8,98.8,6.81,14.7,3,0.0
0.0,85.7,23.3,5.98,17.2,5,0.0
4.74,92.1,99.3,5.94,0.0,3,8.94
2.92,91.7,41.3,4.17,9.03,2,0.0
0.37,82.4,51.7,4.66,0.0,2,46.27
16.45,96.0,38.9,9.83,0.0,4,5.51
3.2,95.2,31.3,6.18,0.0,2,9.18
17.7,91.0,60.2,5.78,0.0,4,0.0
0.0,82.4,81.0,6.19,0.0,5,37.63
0.36,74.8,43.5,6.22,0.0,1,196.37
1.74,99.7,32.7,5.24,0.0,2,20.81
0.05,56.2,49.5,4.31,2.93,3,59.49
4.45,96.0,29.4,5.41,17.09,3,0.0
2.77,96.7,96.7,5.38,5.88,2,0.0
0.35,84.7,84.9,5.82,0.0,1,196.45
9.69,96.8,68.2,6.94,0.0,1,63.07
1.78,94.9,43.9,6.79,3.42,2,18.57
5.18,94.9,85.5,8.86,1.45,3,8.17
5.36,96.9,22.3,5.48,0.0,4,52.46
8.96,94.0,53.4,9.24,5.76,4,30.78
3.63,94.3,32.1,9.19,0.0,2,13.7
16.13,96.5,34.0,6.05,6.08,4,0.0
12.24,92.3,86.2,9.76,0.0,4,46.4
17.26,96.0,71.3,6.4,7.38,1,0.0
6.77,91.9,35.4,6.19,0.0,1,91.48
0.0,92.6,76.5,8.67,2.21,5,10.87
0.22,61.5,65.2,4.45,4.97,4,167.85
0.08,53.2,28.3,8.89,4.11,4,169.21
3.47,98.5,26.6,9.69,10.72,2,0.0
3.33,94.7,43.0,4.12,2.14,3,11.72
0.36,62.1,72.0,9.82,0.0,1,196.4
0.0,91.3,29.4,5.85,0.0,5,8.85
0.0,90.2,99.4,6.01,0.0,5,9.01
16.03,97.9,79.5,5.91,0.0,1,8.91
1.05,98.9,41.0,5.09,0.0,2,27.54
0.0,86.6,43.3,5.05,0.0,5,16.83
1.45,91.8,44.5,8.87,0.0,3,43.0
0.0,70.3,98.3,4.2,0.0,5,75.81
0.0,83.8,53.5,5.04,0.0,5,31.49
1.07,98.4,42.7,6.96,0.0,3,39.24
9.97,92.5,66.2,9.86,0.0,4,70.3
4.07,90.9,52.9,4.64,4.76,3,2.88
4.58,93.8,79.0,9.5,15.39,2,0.0
0.0,87.7,40.5,8.79,0.0,5,20.57
0.0,92.7,34.5,5.6,5.98,5,0.0
18.54,99.6,82.4,6.31,0.0,1,9.31
16.59,95.8,45.3,9.4,0.0,4,4.14
0.0,89.7,35.8,5.8,0.0,5,9.67
4.35,97.9,72.5,6.66,2.95,3,6.71
0.0,95.7,45.7,9.1,0.0,5,13.91
0.0,74.0,68.8,5.69,0.0,5,65.33
3.88,98.7,65.8,8.6,0.0,3,14.7
4.94,91.9,16.6,8.61,0.0,3,6.68
16.0,93.1,59.3,6.54,2.76,4,6.78
3.18,90.9,64.5,4.98,2.1,2,5.88
15.6,99.0,80.5,6.42,16.85,4,0.0
16.8,92.2,37.2,8.94,14.51,4,0.0
0.26,62.6,73.9,6.81,0.0,3,57.43
1.62,98.3,26.5,6.12,18.85,3,0.0
0.04,62.3,48.7,6.61,5.62,1,124.35
0.0,93.2,24.7,5.0,0.0,5,0.0
10.73,97.4,77.9,5.25,0.0,4,50.99
0.0,89.7,97.1,5.62,0.5,5,8.79
0.0,82.6,47.5,6.38,0.39,5,36.6
0.0,94.5,92.8,8.61,0.0,5,13.36
0.36,70.4,92.1,4.33,2.21,1,196.41
0.0,97.6,94.4,5.17,6.52,5,0.0
2.87,93.0,91.4,5.61,4.18,2,5.77
2.65,94.3,44.2,4.64,0.0,2,11.14
5.12,99.4,99.2,9.18,12.02,3,0.0
0.0,62.9,81.2,5.47,7.1,5,37.4
0.0,93.4,95.4,6.89,0.0,5,9.89
3.15,91.4,59.4,8.71,6.17,2,2.55
2.48,97.2,48.6,6.52,0.0,2,14.73
0.0,91.6,99.1,6.91,0.64,5,9.27
3.44,93.6,53.9,5.91,0.0,3,14.5
8.59,99.6,100.0,9.06,0.0,4,84.11
16.09,92.2,66.6,5.21,5.4,4,0.0
14.66,91.5,45.6,4.87,2.33,4,8.89
0.13,79.1,68.9,6.37,0.0,1,198.72
2.93,95.8,54.7,5.93,0.0,2,9.67
2.84,97.2,55.0,6.93,0.91,2,10.63
0.18,72.0,79.5,6.12,8.78,2,46.86
3.52,97.3,29.6,6.4,0.0,2,9.4
1.93,92.5,23.5,4.06,17.41,3,0.0
2.0,99.8,58.3,5.9,0.0,3,28.89
3.05,91.0,44.7,6.58,0.0,2,9.58
2.37,92.8,24.6,5.36,2.0,2,2.54
3.58,99.6,43.5,5.34,0.0,2,8.34
5.85,99.5,87.5,9.39,5.92,3,0.0
0.06,74.4,75.5,5.98,5.32,1,107.74
3.81,90.9,74.9,5.37,0.0,3,10.25
0.0,94.1,32.1,6.84,0.0,5,9.84
4.47,94.1,50.7,6.55,0.0,2,5.29
2.4,96.8,89.1,6.79,3.75,2,12.08
4.22,99.3,60.2,4.75,1.35,3,6.4
4.16,96.9,56.6,8.79,0.0,3,13.55
4.91,99.8,37.9,4.62,2.77,3,4.85
4.5,93.2,51.9,5.92,7.65,3,0.0
0.0,90.3,66.6,4.95,0.0,5,7.95
0.36,79.5,45.9,9.12,6.06,4,117.42
2.57,97.7,65.0,6.68,0.0,2,13.95
0.07,70.9,63.1,5.63,13.46,1,0.0
19.57,98.3,64.6,5.11,0.0,1,4.29
2.89,90.4,26.4,6.64,0.0,2,2.15
3.11,95.9,22.3,5.37,0.0,2,0.0
0.23,53.5,22.8,5.9,0.0,2,47.66
7.71,98.1,44.3,5.98,1.25,1,80.64
0.0,95.0,71.9,6.91,8.45,5,0.0
0.07,61.8,98.3,6.46,0.0,3,59.35
0.15,77.0,41.4,9.37,9.88,4,119.15
8.53,96.7,56.8,9.03,0.0,1,88.2
5.09,97.7,93.0,5.98,0.0,1,108.06
3.49,98.6,70.7,9.33,19.48,3,0.0
10.1,95.5,78.3,9.57,7.77,4,24.74
16.53,94.5,86.9,9.58,8.74,4,0.0
14.76,98.7,48.7,5.88,2.94,1,8.36
12.51,98.7,47.5,6.84,18.05,4,0.0
3.63,94.3,96.9,9.27,0.0,3,18.33
0.02,60.7,19.1,4.41,0.0,2,49.83
19.81,96.1,95.8,5.52,2.92,1,0.0
17.0,96.3,87.9,4.1,0.0,4,0.0
1.22,98.5,95.3,6.85,3.03,3,34.64
11.92,94.5,83.4,5.41,0.45,1,38.76
15.06,93.1,19.9,9.7,2.34,4,5.96
17.19,96.9,58.8,5.97,3.4,1,5.57
15.54,94.2,40.1,6.75,6.28,1,0.0
5.29,93.0,38.4,6.97,9.08,4,39.18
0.0,45.7,38.6,9.6,0.19,5,190.83
16.9,93.5,37.7,5.73,0.0,1,8.73
0.14,83.7,41.0,5.58,0.0,1,198.64
0.0,84.9,87.3,6.45,0.0,5,29.45
3.95,97.5,51.7,9.07,7.06,3,2.55
2.88,91.7,83.1,6.12,0.0,3,20.35
0.0,59.5,54.4,5.6,0.0,5,114.42
12.02,91.4,68.9,4.66,15.65,1,0.0
13.38,98.7,45.3,9.14,0.0,4,32.55
0.0,83.7,74.9,4.16,1.26,5,29.05
11.18,94.9,98.6,5.14,0.0,1,46.32
10.91,90.8,31.7,5.42,8.4,1,16.38
0.18,62.5,41.3,6.61,0.0,2,48.17
17.67,91.2,85.9,6.38,0.0,1,9.38
12.37,94.2,27.1,6.19,0.0,4,17.77
0.21,60.5,82.0,6.99,18.45,1,0.0
0.19,60.0,88.2,8.84,0.0,3,58.06
15.49,99.5,99.0,9.46,3.19,4,10.67
4.53,96.7,28.6,9.19,10.86,2,0.0
13.09,96.9,23.9,5.68,0.0,1,5.55
3.38,97.7,21.8,4.25,4.67,2,0.0
0.0,87.7,81.1,5.14,0.0,5,14.05
0.04,64.9,35.9,9.9,13.67,3,0.0
15.56,96.7,73.2,6.02,3.74,4,5.27
0.06,57.9,32.2,6.94,7.98,1,129.24
1.75,97.6,28.3,5.03,15.71,3,0.0
11.58,99.5,74.8,5.19,11.02,1,0.0
16.48,95.4,73.4,5.44,5.89,1,0.0
0.22,66.1,88.1,5.48,5.3,2,47.78
11.74,99.9,24.6,9.5,0.0,4,25.91
2.84,99.4,97.4,5.1,0.0,3,19.68
12.92,91.5,75.5,5.91,7.46,1,8.9
0.0,83.4,91.5,6.35,0.0,5,34.59
11.49,96.5,89.8,5.54,0.0,1,43.62
0.0,78.3,89.2,6.84,0.0,5,52.39
17.11,96.0,24.4,6.68,6.55,1,0.0
0.25,83.3,85.3,6.69,3.3,4,167.54
1.15,94.0,61.2,5.57,19.42,2,0.0
0.35,76.2,61.5,5.68,0.0,1,196.45
4.06,90.2,23.0,5.88,2.56,3,3.16
10.05,90.4,49.8,5.95,0.0,1,58.42
16.41,96.6,93.5,5.97,0.0,4,5.93
0.0,88.7,82.2,6.18,5.06,5,3.03
0.0,89.1,36.9,4.7,1.11,5,8.91
0.36,61.7,41.3,5.44,2.13,3,56.36
4.69,98.8,60.8,9.86,3.13,3,11.2
0.0,50.4,37.0,6.91,11.67,5,0.0
12.52,90.4,32.8,5.42,0.0,1,33.21
13.53,96.2,16.5,5.46,0.0,1,4.64
1.62,97.1,59.9,5.87,0.0,2,22.65
0.0,68.0,85.5,6.02,4.72,5,79.82
0.08,52.5,66.0,6.65,5.2,4,137.78
2.13,95.4,24.1,8.8,2.64,3,16.02
2.63,94.8,65.0,4.36,0.0,2,11.09
13.36,94.5,99.4,5.42,0.0,1,24.82
15.38,94.8,31.8,9.99,4.6,4,9.65
0.0,92.2,87.9,6.63,0.0,5,9.63
0.32,68.8,91.0,6.2,6.78,1,114.69
15.41,91.2,31.6,6.13,9.18,1,0.0
5.51,95.6,18.1,9.01,16.94,3,0.0
13.05,99.5,40.9,5.79,0.0,4,28.34
3.58,99.7,66.7,6.62,1.5,2,8.12
5.78,94.1,61.9,9.8,0.0,4,112.23
0.0,93.1,47.6,6.69,0.0,5,9.69
3.72,98.4,20.4,6.43,11.68,2,0.0
0.09,50.6,48.9,6.22,0.0,4,169.12
0.11,57.2,51.7,9.84,0.0,4,168.87
10.57,92.5,97.7,8.99,4.7,4,59.3
0.0,95.4,94.9,5.18,0.0,5,8.18
3.31,97.5,43.8,6.0,2.74,2,6.25
5.0,98.6,57.5,9.28,17.59,2,0.0
2.99,90.8,46.1,4.05,0.41,2,6.77
0.0,85.5,63.2,5.1,0.0,5,19.84
0.0,95.0,42.1,9.46,0.0,5,14.33
0.0,92.1,80.7,6.81,0.0,5,9.81
0.0,88.7,85.8,6.05,0.0,5,12.48
0.05,52.8,58.1,6.11,0.0,4,169.51
3.83,91.4,82.2,6.73,2.63,2,7.1
1.7,93.6,20.2,6.87,3.62,3,14.62
16.1,95.4,82.9,5.06,4.41,4,3.65
0.0,45.3,46.8,6.92,0.0,5,163.95
0.19,78.5,18.1,5.06,0.0,3,58.09
3.19,92.3,73.7,4.82,0.0,2,7.82
17.68,95.2,99.6,5.75,4.13,1,4.62
14.02,94.6,88.5,9.96,0.0,4,26.16
4.28,98.1,34.8,6.44,5.98,2,0.0
4.98,91.8,89.7,4.74,0.0,3,7.74
16.35,92.1,95.4,5.58,0.0,1,8.58
7.76,95.4,38.3,8.59,1.25,4,92.44
15.73,97.3,86.7,6.05,3.26,4,5.79
0.33,50.6,89.6,5.29,2.7,1,196.74
3.38,90.4,35.4,6.87,1.34,2,8.53
1.04,98.0,16.7,6.34,4.4,2,4.92
0.0,87.4,39.1,4.53,4.52,5,9.79
0.0,82.8,56.3,6.71,2.55,5,33.64
0.0,64.2,21.4,6.53,0.0,5,49.73
0.0,97.6,57.2,6.92,0.0,5,9.92
16.59,90.4,36.5,8.59,9.68,4,0.0
3.94,91.8,98.4,6.24,2.41,3,7.45
0.02,51.0,95.3,5.65,0.0,4,169.76
2.85,96.8,19.4,6.19,10.94,3,0.0
9.64,96.0,58.5,5.2,0.0,1,61.83
0.09,82.1,29.2,4.16,0.0,4,169.08
0.0,83.9,52.9,8.75,0.0,5,41.38
0.0,46.0,74.6,5.59,0.0,5,160.0
0.18,50.6,90.5,6.69,7.96,2,48.19
16.4,97.5,20.3,6.09,14.14,4,0.0
3.34,98.1,28.2,4.34,0.0,2,7.34
0.0,93.5,69.6,4.27,0.13,5,7.14
3.26,91.9,89.0,8.9,12.63,3,0.0
8.33,99.5,37.2,6.78,0.0,4,76.46
16.84,95.6,86.6,5.13,0.0,1,8.13
3.39,92.2,37.8,5.85,0.0,2,8.85
12.09,93.8,89.7,6.29,13.29,4,0.0
3.78,92.1,41.2,6.63,0.0,2,9.63
1.37,99.7,36.0,6.04,0.0,2,25.37
0.04,56.7,54.4,5.75,0.0,3,59.63
13.39,99.8,83.3,9.08,7.02,4,9.71
19.73,97.3,45.0,4.94,6.58,1,0.0
3.3,90.9,50.0,5.73,5.75,3,3.98
0.17,80.3,52.1,5.5,0.0,2,48.28
2.33,99.7,15.5,9.56,0.0,2,4.43
5.27,99.0,91.7,6.73,0.0,1,107.08
0.02,70.7,53.8,6.64,9.63,2,48.49
3.51,99.2,59.5,9.23,0.0,3,19.74
14.24,96.7,30.8,6.36,0.0,4,16.97
2.12,96.1,21.7,9.47,0.0,2,4.88
14.01,95.1,60.1,9.7,0.0,4,26.01
0.0,94.5,92.3,9.58,0.0,5,14.47
0.0,85.7,93.0,5.43,0.0,5,19.5
12.34,91.8,83.5,8.57,0.97,4,42.76
2.76,95.5,62.7,5.95,4.76,2,6.59
8.98,90.7,79.4,6.77,0.0,4,69.93
5.14,92.3,66.3,6.28,0.0,1,107.84
13.22,91.3,48.0,8.75,0.0,4,34.0
16.01,96.9,41.3,6.91,0.0,4,9.9
3.41,94.5,21.1,9.78,3.79,3,8.54
14.69,94.4,43.1,9.98,14.49,4,0.0
2.82,95.6,97.3,5.02,0.0,2,9.84
0.27,81.4,96.7,6.95,2.48,2,47.33
4.1,97.1,33.2,9.69,0.0,2,9.01
12.83,99.6,35.6,8.64,19.27,4,0.0
0.23,52.8,40.1,9.06,11.31,4,0.0
6.2,92.5,30.4,8.59,14.73,4,0.0
3.02,97.5,65.6,5.15,0.0,2,8.15
14.47,91.8,40.7,5.56,13.46,1,0.0
3.88,95.7,85.6,8.88,8.63,3,2.05
9.24,98.7,62.4,9.6,0.0,1,80.7
2.62,97.0,17.6,5.59,2.46,2,0.0
0.0,62.8,15.4,8.64,11.03,5,0.0
4.12,90.8,44.2,6.46,0.21,3,9.25
0.07,74.7,60.3,4.66,6.9,1,105.85
15.07,92.9,71.2,4.83,1.68,4,6.15
15.05,95.2,23.7,5.08,17.43,1,0.0
14.67,90.3,85.7,6.65,0.0,1,12.99
0.0,89.1,53.4,5.13,0.0,5,10.41
8.88,99.1,16.0,6.73,0.0,1,14.18
0.0,81.6,26.2,5.02,4.59,5,16.48
2.69,91.7,95.0,4.71,9.63,2,0.0
3.59,99.1,82.9,4.06,0.0,3,11.16
0.0,87.2,89.5,5.78,5.67,5,4.18
0.33,70.1,74.2,6.35,3.52,4,166.75
3.78,97.0,51.8,9.65,5.29,3,4.39
0.0,86.9,98.0,5.67,4.37,5,12.42
0.0,89.6,54.6,6.74,0.1,5,10.74
0.0,92.9,49.6,4.33,0.0,5,7.33
0.06,75.6,86.2,9.63,17.71,4,0.0
9.56,92.4,39.3,5.11,0.0,1,62.54
17.62,91.8,95.8,4.43,6.1,1,0.0
2.64,99.6,69.7,4.26,3.2,2,7.65
0.0,86.0,36.7,5.41,0.0,5,18.75
0.0,84.2,75.8,6.7,0.0,5,32.37
3.97,91.9,38.6,6.71,0.0,3,9.96
0.0,88.5,78.7,5.7,0.0,5,12.65
17.47,95.8,87.6,6.07,0.0,1,9.07
4.66,99.1,27.4,4.88,0.0,3,3.94
4.3,90.1,63.5,8.85,9.75,3,0.0
4.6,99.5,68.3,5.45,0.0,2,4.0
2.64,93.2,83.6,6.66,0.0,2,13.25
0.36,62.2,92.6,6.37,9.42,2,46.39
3.55,92.9,52.0,6.08,0.0,2,9.08
12.94,95.2,75.6,9.92,0.0,4,38.55
3.35,96.7,33.1,6.66,0.0,2,9.66
0.0,94.2,56.7,6.72,3.35,5,6.37
6.01,96.7,39.5,5.59,16.27,1,0.0
2.39,92.0,38.8,9.2,5.65,3,10.42
0.37,56.7,67.9,9.8,0.0,4,166.33
4.55,91.9,28.3,6.73,0.31,3,9.43
0.14,71.9,89.5,9.07,0.0,3,58.57
0.09,56.2,67.0,8.88,0.0,4,169.05
0.23,72.0,45.1,6.63,2.63,4,167.68
4.32,94.1,49.7,9.1,0.0,3,13.92
16.81,94.0,75.7,9.15,0.0,4,0.0
5.5,98.5,16.9,9.52,0.0,3,5.04
0.16,67.8,67.3,4.3,0.0,2,48.4
1.63,96.6,74.9,5.75,0.0,2,22.44
3.48,97.3,49.2,5.08,8.52,2,0.0
0.0,85.2,53.4,6.85,0.51,5,21.83
16.62,91.6,23.5,6.18,1.31,4,3.79
0.27,55.6,27.1,5.34,11.13,1,0.0
4.37,96.5,51.3,5.14,0.11,3,8.02
2.93,98.9,96.7,5.75,3.65,2,5.84
17.53,96.7,23.7,5.71,0.0,1,0.0
13.96,96.2,69.8,6.17,6.24,1,5.31
4.62,94.6,67.7,6.29,9.83,2,0.0
0.0,75.8,27.3,4.45,0.0,5,28.87
0.11,55.1,99.3,5.89,13.57,2,0.0
0.0,78.0,49.8,5.44,7.73,5,16.63
0.0,87.6,86.6,5.06,0.0,5,14.36
0.0,87.9,41.2,6.52,0.0,5,15.1
0.0,91.7,99.7,6.48,0.0,5,9.48
8.56,95.6,36.9,5.51,19.06,1,0.0
0.17,55.1,97.8,8.82,0.0,3,58.25
4.61,92.1,83.0,9.88,0.0,3,13.92
0.27,84.1,21.8,6.28,2.56,3,48.85
14.22,95.6,51.9,6.19,3.89,1,13.08
3.06,95.8,92.2,5.22,0.0,2,8.22
5.46,99.4,59.6,8.95,0.0,3,5.42
0.0,90.5,60.7,6.24,8.74,5,0.0
15.47,95.6,59.9,4.62,2.24,4,5.38
3.38,96.8,56.1,6.01,0.0,2,9.01
0.0,89.2,94.1,6.47,0.0,5,11.59
0.0,80.0,31.3,5.94,1.24,5,43.69
16.76,98.0,39.7,4.54,4.36,1,3.19
17.92,92.4,73.5,6.48,3.71,1,5.76
16.01,98.0,35.3,6.94,8.6,4,0.0
0.03,58.1,54.4,4.49,17.19,1,0.0
5.51,97.4,61.0,4.67,0.0,3,4.91
0.13,82.1,81.1,6.11,0.0,2,48.72
13.39,94.2,67.9,6.19,7.66,1,7.04
2.44,91.6,40.0,5.34,0.0,2,13.98
10.36,99.3,57.1,9.11,0.0,4,66.37
15.41,94.0,80.4,6.1,8.87,4,0.0
4.5,90.4,98.6,8.85,0.0,3,13.63
14.07,96.4,82.4,5.58,5.61,1,4.89
5.63,96.0,98.1,8.66,0.0,4,113.69
4.24,91.9,60.4,9.05,0.0,3,13.86
11.31,94.1,40.5,6.35,0.0,1,46.24
17.36,94.6,18.3,6.34,1.24,1,0.0
2.02,93.6,84.3,6.42,3.98,3,25.28
0.0,64.6,38.2,6.46,0.0,5,98.24
14.05,95.9,99.0,6.5,1.29,1,17.67
0.27,71.6,73.3,5.69,3.0,1,197.29
17.72,97.1,71.0,6.64,4.03,1,5.61
3.58,97.1,31.6,6.43,0.0,3,13.62
1.97,96.7,32.9,5.06,0.0,3,28.37
4.61,95.1,24.7,9.35,0.0,3,7.1
12.49,93.2,78.0,5.42,4.76,1,28.75
0.03,61.9,82.9,5.14,0.0,3,59.67
3.59,91.7,70.1,6.13,0.77,2,8.36
9.99,99.9,97.1,9.94,0.0,4,70.12
0.17,59.3,19.5,9.79,6.0,2,38.75
0.0,89.6,47.8,5.77,3.05,5,6.8
0.34,61.0,40.1,5.6,1.8,4,166.63
12.49,90.8,92.6,6.62,0.0,4,34.71
2.6,98.8,94.4,6.08,0.0,2,13.12
3.2,94.2,66.5,6.17,0.0,2,9.17
0.22,81.1,32.7,5.27,0.0,4,167.83
14.1,98.2,49.2,6.87,4.59,1,14.24
13.0,95.3,81.2,6.48,0.2,4,29.26
0.0,85.4,36.1,6.99,0.0,5,21.82
3.02,93.5,29.4,5.84,6.85,3,4.71
3.0,95.6,52.1,4.92,18.01,2,0.0
3.78,91.8,59.8,6.58,0.0,3,11.82
3.26,95.8,78.1,4.31,7.06,2,0.0
0.0,90.1,57.2,6.41,0.0,5,9.41
13.25,90.5,95.6,9.12,3.38,4,30.22
2.65,93.6,99.8,8.85,0.0,2,17.7
0.0,68.4,81.5,5.51,15.27,5,0.0
3.91,94.8,99.6,8.88,7.04,3,2.64
0.0,86.0,34.0,4.63,0.0,5,18.07
0.14,79.0,24.6,9.01,2.46,2,48.55
2.01,92.6,80.0,8.62,0.0,2,24.77
12.38,93.4,96.2,5.8,9.28,1,10.29
0.04,80.2,23.1,6.44,0.0,2,49.6
5.5,97.7,18.6,6.81,3.76,4,50.54
0.0,94.1,72.0,5.48,7.03,5,0.0
15.32,97.1,89.8,5.95,0.0,4,8.95
3.65,98.1,96.8,6.52,0.0,3,13.01
3.11,90.5,79.5,6.65,9.65,2,0.0
0.08,78.2,39.0,8.79,0.0,2,49.16
13.11,94.7,82.1,6.73,0.0,1,28.66
1.66,99.3,32.4,8.7,9.81,2,7.05
4.69,96.4,81.9,6.49,10.7,3,0.0
0.22,58.5,84.7,9.44,0.0,2,47.77
9.2,96.6,69.1,6.33,7.23,1,24.06
16.74,97.8,51.8,6.56,0.0,1,9.56
19.48,91.9,39.0,6.61,7.59,1,0.0
16.32,96.2,71.6,8.52,0.0,4,6.85
0.34,63.7,44.4,5.53,0.0,2,46.56
3.57,93.4,92.1,6.12,0.0,2,9.12
0.0,98.2,92.7,9.2,5.09,5,3.27
0.0,92.0,74.1,6.9,1.06,5,8.83
0.0,88.7,15.0,6.33,0.0,5,2.53
0.0,88.5,21.3,6.31,0.0,5,2.62
2.94,93.1,19.7,4.03,0.0,2,0.0
8.2,91.3,65.6,8.67,0.13,4,87.97
3.76,91.9,70.6,6.76,0.0,3,12.14
3.1,91.5,50.6,4.03,0.0,2,7.03
0.0,48.0,22.5,4.24,0.0,5,75.65
0.36,80.1,81.4,9.06,18.92,2,0.0
4.71,91.2,20.2,6.25,0.0,2,0.0
0.0,94.1,72.4,5.12,0.0,5,8.12
3.14,98.5,66.1,4.48,3.39,2,4.08
3.49,98.1,93.8,6.51,0.0,2,9.51
1.9,96.8,44.6,9.91,13.11,2,0.0
15.57,91.0,76.1,5.47,0.0,1,8.47
5.3,97.5,90.2,9.54,0.0,3,7.02
17.48,98.7,74.8,6.48,0.0,1,9.48
0.0,92.1,93.2,6.77,0.0,5,9.77
0.0,93.3,78.6,9.56,3.77,5,10.11
2.88,93.5,73.1,6.22,0.0,2,10.38
0.0,96.0,31.3,5.85,14.4,5,0.0
3.16,95.9,78.4,5.88,8.86,2,0.0
2.09,96.9,45.0,6.34,0.0,3,28.48
0.35,51.3,75.3,5.65,0.0,3,56.52
0.0,92.7,16.0,4.97,14.79,5,0.0
2.72,96.4,41.0,6.38,9.85,2,0.0
0.26,72.2,34.3,5.65,4.2,1,197.42
2.99,94.3,37.6,5.63,0.0,2,8.74
0.0,85.6,18.1,6.65,0.0,5,4.2
2.7,92.7,86.7,5.79,0.0,2,11.82
0.0,63.6,55.9,5.41,0.0,5,100.12
12.46,96.8,38.9,5.82,0.44,1,33.74
16.91,99.8,45.0,9.05,0.0,4,0.0
15.65,91.2,26.2,9.63,0.0,4,7.26
13.94,91.7,60.1,5.93,0.0,1,19.51
3.75,93.1,27.2,5.02,4.23,3,3.16
3.82,93.7,48.9,9.74,1.29,3,15.29
3.32,93.7,56.4,8.8,18.87,3,0.0
0.1,66.5,56.0,4.15,5.01,2,48.97
2.87,98.4,70.6,9.49,6.24,2,3.46
0.18,74.8,76.3,6.55,0.0,4,168.17
3.38,95.1,90.5,9.76,0.0,3,21.84
16.8,96.5,15.3,6.31,0.0,1,0.0
13.46,96.2,91.3,9.03,0.0,4,31.59
16.12,92.3,37.4,6.26,0.0,4,8.78
12.88,90.2,98.2,6.23,0.0,1,30.41
0.07,63.1,18.0,8.5,0.0,3,59.34
0.0,62.1,72.9,5.55,0.0,5,105.38
0.02,64.1,42.9,8.91,1.74,2,49.78
15.5,97.3,83.9,5.16,1.11,1,7.05
0.18,77.6,51.2,6.8,0.0,4,168.24
2.5,93.0,43.0,9.88,0.0,2,20.52
3.63,92.6,61.5,4.69,0.94,3,10.47
17.0,97.7,16.0,6.9,0.0,1,0.0
5.71,99.0,68.2,8.92,0.0,4,112.88
4.78,97.3,25.3,9.68,9.81,2,0.0
5.05,92.7,39.8,6.65,6.69,1,40.98
8.6,96.9,58.9,4.02,13.82,1,0.0
0.08,74.7,39.9,6.07,4.02,2,49.16
2.4,91.7,15.8,5.79,0.0,3,12.38
3.4,99.6,16.5,5.99,0.0,2,0.0
2.48,95.7,18.1,5.92,0.0,2,2.82
19.0,97.7,30.2,5.24,18.39,1,0.0
0.0,86.0,88.9,6.52,2.04,5,17.93
2.93,92.1,39.4,5.42,0.0,2,9.1
6.63,97.3,89.3,5.53,8.07,1,33.67
0.0,83.8,16.8,6.71,0.0,5,16.81
0.23,84.4,22.2,5.14,0.0,3,49.14
14.45,92.4,55.1,9.38,2.18,4,18.04
3.89,96.8,27.6,6.37,1.15,3,9.31
0.01,50.0,29.4,8.64,1.89,4,169.93
1.47,96.6,51.4,8.88,5.9,2,9.8
5.97,95.8,51.9,6.0,9.07,1,36.09
2.93,90.2,38.4,5.38,0.0,2,9.05
3.03,91.9,55.7,4.4,4.82,2,2.58
0.0,89.7,36.4,5.02,0.88,5,7.9
3.47,96.9,49.7,5.29,0.32,2,7.97
0.0,56.8,15.2,6.57,0.0,5,62.28
0.38,82.9,29.1,4.28,0.0,1,196.24
8.63,97.5,20.3,6.26,0.0,4,36.47
0.0,97.8,16.9,5.09,4.18,5,0.0
0.0,60.2,73.0,6.01,18.21,5,0.0
2.99,92.2,94.2,5.67,0.96,3,17.78
3.66,98.1,79.7,5.12,0.0,3,11.49
1.56,91.7,24.4,8.98,0.0,3,20.93
0.37,52.0,77.3,6.23,0.0,2,46.27
0.07,55.9,44.9,6.44,0.0,2,49.27
16.03,92.6,67.2,9.25,4.96,1,8.39
0.12,69.2,41.7,6.79,3.47,2,48.84
3.1,93.0,18.1,6.39,8.96,2,0.0
0.0,80.7,50.7,6.19,1.74,5,41.06
0.24,51.3,31.8,5.84,2.57,1,197.57
17.05,90.6,40.7,9.14,4.38,1,8.93
0.0,91.9,72.4,6.7,0.0,5,9.7
0.0,82.5,18.3,9.28,0.0,5,23.67
16.33,91.3,18.1,9.59,9.51,4,0.0
2.13,90.7,64.8,5.16,2.49,2,14.36
3.29,96.7,55.2,6.03,0.0,3,16.13
5.73,93.1,47.8,6.8,2.85,1,99.67
3.91,99.3,98.0,5.36,15.84,3,0.0
18.12,100.0,77.0,5.65,0.0,1,8.65
0.0,88.3,81.4,5.18,0.22,5,12.42
0.0,60.4,45.4,6.95,5.1,5,42.51
0.0,94.5,24.9,5.47,3.12,5,0.0
0.0,62.1,64.5,5.33,0.0,5,105.24
2.95,100.0,72.2,5.87,0.0,3,19.36
0.0,88.0,29.8,5.39,0.3,5,13.17
1.91,93.3,41.6,5.15,0.0,2,19.07
17.92,90.4,50.4,6.45,0.0,1,9.45
14.83,96.9,68.4,8.53,0.0,4,15.19
5.55,93.1,32.9,4.67,16.86,4,0.0
4.62,94.5,54.5,4.76,2.95,3,4.81
16.94,95.3,52.3,6.12,0.0,1,9.12
11.94,93.0,80.3,9.85,9.39,4,15.66
0.35,82.6,40.8,5.36,1.05,1,196.49
3.19,97.5,61.1,9.28,0.0,2,14.13
4.17,94.4,33.3,8.53,0.0,3,13.26
12.15,91.6,75.7,5.34,14.02,1,0.0
14.18,95.3,35.0,5.46,16.64,4,0.0
3.33,93.0,42.0,5.8,0.0,2,8.8
3.31,91.4,20.4,5.13,0.0,2,0.0
2.95,97.3,69.1,9.65,4.47,3,21.53
3.67,92.6,97.0,5.19,0.0,2,8.19
3.94,96.4,91.6,6.09,0.0,2,9.09
0.2,76.4,56.3,6.15,0.0,3,58.04
0.0,74.4,79.3,5.99,0.0,5,64.54
0.31,64.1,78.3,5.86,8.7,2,46.94
3.34,94.4,87.7,6.79,0.0,3,16.43
0.1,81.0,88.1,6.14,0.0,1,198.96
0.34,67.7,53.0,6.13,0.86,3,56.63
3.19,95.9,85.8,6.38,0.0,2,9.38
0.0,94.1,48.1,6.44,7.64,5,0.0
2.84,99.8,30.4,5.01,0.0,2,9.66
2.51,92.1,62.0,6.52,0.0,2,14.43
0.4,71.7,36.9,6.95,0.0,4,166.05
10.73,90.6,17.3,4.75,8.56,1,3.35
0.0,50.0,56.4,5.99,16.83,5,0.0
1.28,98.6,25.8,6.11,3.04,2,4.65
3.0,92.0,39.3,9.96,0.0,2,14.91
15.76,97.4,92.2,6.3,0.0,1,9.3
1.41,91.3,83.5,6.12,0.0,2,25.02
0.11,57.6,51.3,9.49,19.81,3,0.0
3.72,96.4,44.9,9.77,0.11,3,17.74
3.7,90.8,94.5,8.95,0.0,3,17.19
1.63,97.0,33.3,9.75,0.0,3,41.88
14.36,92.0,59.0,4.78,3.14,1,11.03
0.0,91.7,32.0,6.53,1.95,5,7.58
3.48,98.8,56.5,8.57,2.67,2,10.23
0.25,50.3,20.1,5.71,16.89,2,0.0
0.0,85.6,28.5,6.47,0.0,5,20.89
16.07,98.3,57.5,5.84,0.17,1,8.67
4.1,92.9,82.3,6.83,2.51,3,7.31
3.19,93.7,28.5,6.88,4.18,2,5.7
3.13,90.1,77.6,5.64,0.0,2,8.64
12.5,90.2,35.8,4.51,9.7,4,9.11
1.0,98.1,34.6,8.81,7.74,2,11.05
3.63,90.4,63.8,6.68,0.0,3,13.38
3.66,98.4,25.7,9.81,5.0,2,0.0
2.84,90.5,23.6,5.94,12.36,3,0.0
16.94,96.1,91.5,9.41,0.0,4,0.0
1.71,93.4,51.0,4.98,3.6,2,17.28
6.05,99.1,63.7,5.75,2.94,4,95.35
0.37,57.8,30.7,5.12,0.0,1,196.28
0.1,65.8,65.1,4.21,8.58,4,116.78
10.18,94.6,52.7,5.83,0.0,1,57.0
2.33,91.2,57.1,6.03,4.91,2,10.83
3.36,99.6,47.7,5.01,0.0,2,8.01
0.36,65.8,28.0,6.65,0.0,2,46.37
0.17,84.4,78.7,9.77,0.0,4,168.26
0.04,76.9,54.3,6.26,0.0,1,199.65
1.18,91.4,43.5,5.62,0.0,2,26.83
15.66,90.7,59.1,5.53,0.0,1,8.53
5.49,97.9,91.0,5.17,0.0,3,5.12
2.97,98.4,56.5,6.92,5.79,2,0.0
0.21,78.0,21.1,6.56,3.85,3,57.87
15.98,92.6,41.1,8.81,0.0,4,10.23
7.5,90.6,49.9,6.77,0.0,1,84.74
0.0,73.4,31.2,6.58,8.6,5,23.0
13.03,96.4,16.2,4.03,6.62,1,0.0
15.06,91.9,34.8,9.36,18.56,4,0.0
6.59,97.2,64.2,9.39,2.55,4,104.11
0.02,82.7,65.4,9.32,5.46,3,47.1
0.0,83.0,16.7,5.11,0.0,5,17.05
0.0,86.3,94.6,5.05,0.0,5,17.56
9.66,90.9,97.6,5.65,18.47,1,0.0
4.04,97.9,17.2,6.95,0.0,2,0.0
3.94,92.0,39.7,6.46,0.0,3,10.08
4.42,99.6,73.6,9.53,4.63,3,9.08
3.53,99.5,68.3,6.01,0.0,3,13.67
0.05,55.9,39.8,9.58,0.0,3,59.5
13.34,93.3,70.8,6.32,0.0,4,25.9
0.0,87.9,17.7,9.08,0.0,5,4.03
0.13,52.9,60.1,5.56,4.29,3,58.74
14.35,94.5,99.3,5.41,2.32,1,12.54
0.0,92.9,27.2,5.2,0.4,5,0.0
13.55,92.0,53.8,4.82,0.0,1,22.27
3.74,93.8,82.2,5.54,0.0,3,11.14
4.26,93.7,67.0,5.5,0.0,3,8.5
16.78,92.9,27.4,5.85,17.81,4,0.0
0.0,62.4,60.4,6.34,0.0,5,105.48
0.16,77.7,44.4,5.42,6.89,2,39.82
2.53,95.9,87.0,6.72,0.25,3,24.17
2.78,95.7,96.6,5.55,0.0,2,10.75
0.0,88.8,54.3,9.43,1.48,5,16.1
0.0,74.7,50.3,4.09,0.0,5,61.02
0.0,88.0,23.3,5.09,0.0,5,2.67
0.0,78.2,23.6,5.94,0.0,5,25.72
9.95,98.9,34.3,9.14,3.43,4,68.13
2.26,98.6,97.3,4.02,2.15,2,12.23
14.74,93.8,98.4,5.18,9.28,1,0.0
0.0,64.0,55.6,6.97,0.0,5,100.89
5.01,96.8,26.3,9.57,2.34,4,63.33
3.45,95.4,27.8,9.09,0.0,3,20.24
0.38,74.7,56.8,8.76,4.47,4,166.19
5.28,95.7,44.4,5.6,8.72,3,0.0
0.0,75.2,45.3,5.44,0.0,5,61.13
4.77,98.4,52.2,6.52,0.0,3,9.52
0.0,50.9,44.9,6.44,1.63,5,142.15
0.0,86.9,27.1,6.61,6.41,5,0.0
0.16,65.2,83.7,5.53,0.0,3,58.42
0.25,73.8,42.6,6.81,0.0,2,47.45
3.95,95.6,31.3,5.06,0.0,3,8.56
0.0,90.7,59.3,9.46,0.0,5,14.33
0.0,88.4,69.2,6.97,2.66,5,11.58
0.23,59.3,66.1,8.69,0.0,4,167.67
0.0,72.5,33.7,6.48,0.93,5,70.18
12.92,98.5,40.1,5.51,0.0,1,29.33
16.0,92.7,18.8,9.61,0.0,4,7.25
3.63,94.7,82.1,5.97,18.97,3,0.0
0.11,54.9,68.8,9.26,0.0,4,168.93
0.0,71.0,43.1,6.06,17.16,5,0.0
0.31,83.2,52.0,4.01,0.0,4,166.88
0.1,53.9,91.2,5.5,8.66,2,49.0
12.17,94.1,40.5,6.51,0.12,1,37.66
2.03,93.2,57.2,6.52,9.54,3,7.87
1.55,95.9,60.1,6.97,0.0,2,24.45
0.0,75.1,63.3,8.94,10.49,3,0.0
3.9,92.2,60.8,4.62,2.09,3,6.58
0.03,81.0,36.7,8.76,0.8,3,59.74
3.4,93.5,55.0,6.91,0.0,2,9.91
3.04,90.4,48.5,6.65,0.46,2,9.19
14.28,96.3,59.3,6.27,0.0,1,16.44
0.12,67.7,95.1,5.8,0.0,2,48.84
14.68,98.6,80.6,4.64,0.0,4,10.88
11.97,93.9,65.3,5.5,0.0,1,38.8
1.82,91.8,50.3,6.35,0.45,3,30.72
0.29,74.3,66.7,6.4,0.0,2,47.15
0.14,64.6,54.0,4.81,0.0,1,198.57
4.44,100.0,43.0,9.71,3.52,3,10.57
4.26,92.2,87.3,5.32,10.8,3,0.0
4.24,91.3,89.5,9.79,0.0,3,14.71
0.23,65.2,46.2,5.41,1.74,4,167.71
0.04,76.6,54.6,5.58,0.46,4,169.62
5.23,99.8,49.4,4.91,4.98,3,2.93
5.6,91.5,56.0,6.34,19.7,3,0.0
2.32,95.5,64.8,5.77,3.55,3,22.03
0.0,92.7,63.6,6.74,0.25,5,9.48
11.26,99.0,95.7,4.42,0.0,4,44.8
1.99,93.1,77.9,5.32,0.56,2,17.89
0.2,82.5,74.2,5.66,0.0,1,197.97
4.75,91.8,83.5,8.7,18.72,3,0.0
13.67,97.8,56.5,6.96,3.53,1,19.73
17.7,96.1,87.0,6.16,0.0,1,9.16
1.47,95.2,65.4,6.97,13.48,3,0.0
0.0,93.7,29.7,6.03,3.34,5,5.69
3.69,96.3,53.9,9.17,0.0,3,17.5
17.8,99.4,64.3,5.41,0.0,1,8.41
8.05,99.9,45.8,9.85,0.0,4,89.5
16.3,93.3,40.9,6.08,0.0,1,9.08
0.34,57.2,95.8,4.03,8.52,3,56.57
15.63,91.1,90.6,9.81,0.0,4,13.69
2.74,96.8,81.9,4.42,0.0,2,9.98
4.82,96.1,74.4,6.03,0.0,3,9.03
3.06,96.3,41.9,6.6,4.07,2,5.52
17.09,96.6,93.2,6.16,0.0,1,9.16
14.4,92.8,60.4,9.74,16.29,1,0.0
0.15,66.8,30.9,6.48,2.29,1,198.55
5.85,97.1,43.8,9.3,0.0,1,119.33
3.14,98.4,50.7,5.2,4.96,2,3.24
0.36,52.6,23.0,4.65,0.0,2,46.35
11.29,99.7,92.9,6.16,0.0,1,46.27
17.77,93.3,66.1,5.61,0.0,1,8.61
0.0,62.6,18.5,5.88,0.0,5,52.04
0.0,92.0,80.3,5.65,0.0,5,8.65
13.87,98.4,15.7,6.93,4.59,1,3.33
3.0,97.1,16.6,6.57,0.89,2,0.0
4.04,98.2,31.7,4.58,0.0,2,7.58
3.54,91.0,76.1,9.44,9.0,3,3.68
0.36,64.4,64.6,5.32,0.0,3,56.44
0.12,78.8,94.3,5.3,0.0,3,58.76
15.07,93.6,51.1,6.25,2.07,1,7.18
15.77,98.8,23.1,5.57,0.0,4,4.29
16.32,96.5,47.4,5.21,3.75,4,4.46
2.61,90.5,34.2,9.28,7.33,2,4.08
15.87,96.1,28.8,8.57,4.36,4,8.28
16.36,94.7,54.7,5.71,0.0,4,6.41
0.0,48.4,73.0,6.49,3.78,5,147.97
5.12,94.6,67.1,6.57,0.0,3,8.79
3.18,90.8,80.2,5.08,9.0,2,0.0
0.21,63.6,35.2,9.34,7.55,2,47.89
5.31,91.9,52.4,9.09,0.0,3,6.87
0.03,59.7,26.1,6.28,0.0,3,59.75
0.0,94.8,29.0,6.67,0.0,5,9.67
7.83,91.7,66.0,5.24,0.0,4,79.97
0.09,74.4,38.5,6.79,5.92,1,107.92
0.0,84.4,36.1,4.65,10.52,5,0.0
4.78,99.2,84.6,8.79,4.77,3,8.07
0.0,90.8,73.7,6.85,3.92,5,5.93
0.02,66.8,70.3,6.08,0.0,1,199.82
0.31,63.5,35.3,6.95,6.63,1,122.38
17.59,97.2,21.2,6.02,0.0,1,0.0
6.96,91.8,44.2,6.68,4.67,1,85.43
0.0,92.3,66.5,4.25,0.0,5,7.25
17.45,99.0,35.6,5.87,9.31,1,0.0
0.3,68.5,23.2,4.27,7.76,3,28.21
3.29,99.4,62.9,6.02,0.0,3,16.1
10.79,95.2,27.7,9.35,0.0,4,62.14
13.21,93.3,15.3,9.41,12.85,4,0.0
0.0,89.7,40.4,5.09,9.97,5,0.0
3.85,96.3,84.0,4.04,13.0,2,0.0
3.5,97.2,41.6,8.6,5.87,2,2.64
0.36,83.4,57.9,6.87,0.0,1,196.42
4.49,91.1,76.8,5.05,0.0,2,5.09
1.34,96.5,74.9,9.1,2.81,3,41.25
15.81,91.4,38.1,5.54,7.45,4,0.0
17.95,93.1,34.6,6.6,0.46,1,9.14
0.09,72.9,98.6,5.21,0.0,1,199.09
4.0,93.1,98.9,4.68,0.0,3,7.68
3.24,95.6,96.0,5.71,0.0,2,8.71
2.28,99.2,41.4,4.9,9.47,2,2.27
9.2,99.2,55.2,5.66,0.0,4,66.68
14.8,98.4,90.8,9.7,10.09,4,0.0
0.0,87.1,99.7,4.64,9.77,5,2.21
0.32,65.9,30.6,5.37,0.0,2,46.78
10.06,94.3,80.2,4.22,4.4,4,52.24
13.89,98.3,77.2,8.79,8.41,4,6.64
13.52,97.5,40.5,8.72,17.36,4,0.0
0.25,70.5,67.5,4.92,0.0,3,57.49
8.74,96.7,79.8,5.04,0.0,1,70.61
3.88,90.7,31.1,5.83,0.0,3,10.03
0.0,64.3,72.1,5.27,2.71,5,94.24
15.11,90.9,91.7,4.87,0.0,1,7.87
0.0,89.9,77.1,5.56,0.0,5,8.79
0.37,69.3,87.1,9.58,8.24,3,56.29
0.0,91.2,15.8,6.97,0.0,5,0.0
1.61,93.4,53.0,4.48,0.0,2,21.42
5.32,100.0,98.9,4.37,0.0,4,104.21
0.31,64.0,85.7,6.42,0.0,3,56.89
2.72,90.2,39.8,9.7,4.62,2,12.52
2.04,94.9,96.8,6.53,3.77,2,15.37
0.0,86.5,51.0,5.51,0.37,5,17.2
4.25,99.0,26.0,4.26,0.0,3,3.63
0.0,65.9,15.9,6.03,6.59,5,16.93
4.14,95.6,94.3,5.6,0.0,3,8.6
15.01,97.7,39.5,9.56,0.0,4,14.44
14.55,99.8,85.0,6.35,1.76,1,12.1
16.39,94.6,23.0,8.82,6.91,4,0.0
12.87,94.1,25.3,6.52,19.15,4,0.0
2.34,90.6,66.0,9.74,0.0,3,33.72
6.82,94.6,99.3,9.24,2.97,4,101.83
0.19,79.9,33.9,9.79,2.03,4,168.06
2.16,93.6,38.6,6.76,17.06,2,0.0
2.61,95.0,42.5,9.17,2.51,2,15.62
0.18,50.2,57.0,9.11,6.51,2,48.23
0.0,85.7,96.3,9.57,6.1,5,8.13
0.03,50.9,18.4,6.03,0.0,4,169.71
14.53,96.7,92.5,4.09,0.0,4,11.77
2.74,91.2,18.8,5.93,1.85,2,0.0
1.56,91.9,96.1,5.1,0.0,2,22.46
0.36,67.1,21.3,9.94,0.0,4,166.37
3.27,94.2,90.5,6.01,0.0,3,16.3
16.2,96.7,18.1,5.17,1.58,4,3.3
2.83,93.1,42.2,9.74,0.0,2,16.56
15.61,91.6,84.5,9.6,0.0,4,13.87
0.0,86.8,77.2,5.21,0.0,5,16.61
12.92,93.2,28.6,6.25,0.0,1,30.09
12.37,96.6,43.8,9.85,3.6,4,40.87
0.02,74.2,53.2,6.15,0.0,1,199.77
19.92,95.6,21.7,5.99,6.25,1,0.0
3.3,90.9,96.0,5.68,0.0,2,8.68
5.81,96.7,28.1,5.63,0.0,1,100.49
1.4,97.6,74.1,6.95,0.0,2,25.97
17.82,91.7,24.5,5.55,0.0,1,0.0
4.86,95.4,40.6,6.67,16.9,2,0.0
0.0,85.9,27.4,6.13,0.0,5,3.93
13.06,96.4,73.9,8.86,14.47,4,0.0
2.63,91.0,35.8,9.35,0.0,3,29.94
0.0,85.1,52.2,6.87,0.0,5,22.56
0.0,89.3,23.5,5.8,0.78,5,0.0
3.87,92.4,71.7,9.29,0.0,3,15.65
1.21,95.0,84.1,5.78,0.0,3,36.73
0.0,86.0,94.3,5.76,0.0,5,19.14
4.61,98.6,56.7,8.87,18.61,2,0.0
0.0,88.7,60.4,4.2,18.62,5,0.0
0.0,94.6,71.7,5.3,0.68,5,7.62
3.31,93.4,17.5,5.9,0.0,3,7.88
0.14,51.6,24.4,5.61,4.85,1,173.29
1.3,91.6,56.6,5.75,4.47,2,21.31
0.0,98.4,94.6,6.93,0.0,5,9.93
1.48,99.9,35.4,9.63,0.0,2,32.06
3.29,98.2,84.0,8.52,2.03,3,19.1
3.44,90.4,30.0,6.68,0.0,2,9.68
3.59,95.8,43.9,6.88,0.0,3,13.96
0.21,56.8,97.0,5.28,0.0,4,167.94
4.33,91.6,90.6,4.5,0.0,3,7.5
0.0,86.6,54.4,5.96,0.0,5,17.75
5.79,96.8,68.6,5.83,5.98,3,0.0
3.93,95.6,42.6,8.9,3.77,3,10.13
0.11,73.7,72.3,6.03,3.64,2,48.94
2.33,91.4,63.9,4.33,9.9,2,0.0
12.98,92.4,78.2,5.53,0.0,1,28.7
1.53,90.1,39.1,5.26,0.0,3,33.0
1.53,91.6,62.8,9.73,0.0,3,43.03
0.0,51.5,57.8,4.59,13.1,5,0.0
2.02,99.8,40.1,4.78,2.05,2,15.57
3.54,96.2,73.6,9.3,4.32,3,14.44
5.94,94.3,23.2,9.06,2.39,1,23.07
0.15,52.0,16.0,5.68,1.14,3,58.55
3.73,96.7,27.5,5.54,0.0,2,0.0
15.73,98.6,55.5,4.62,3.64,1,3.98
2.83,97.9,43.1,9.65,0.0,2,16.51
15.39,96.9,27.2,8.72,0.0,4,6.74
0.28,81.1,96.9,5.45,2.8,3,57.23
1.49,90.7,91.3,5.13,0.0,2,23.26
1.59,97.8,52.5,9.47,0.0,3,42.08
11.73,94.5,17.6,4.45,7.33,1,2.63
0.0,94.9,87.6,6.1,0.0,5,9.1
0.21,62.3,53.0,5.92,0.0,2,47.85
11.96,94.9,51.6,6.16,0.0,1,39.55
10.22,92.0,15.7,5.82,1.03,1,11.11
1.81,91.7,73.7,8.85,0.0,3,38.83
7.82,97.7,46.5,4.23,3.2,1,75.82
13.13,91.9,74.7,6.54,0.0,4,28.22
0.0,85.4,72.3,6.17,0.0,5,21.25
3.62,96.9,92.8,5.69,8.94,3,0.0
4.75,95.7,21.8,5.91,0.9,3,4.0
0.0,71.9,15.7,6.74,6.29,5,13.12
16.21,91.0,75.6,8.79,2.81,4,7.95
3.49,91.4,37.0,6.52,12.59,2,0.0
0.0,58.0,58.9,6.75,7.9,5,44.27
2.7,94.5,19.5,5.53,0.0,2,2.3
0.12,73.8,99.6,6.18,0.0,3,58.82
2.7,99.9,66.7,5.87,0.0,2,11.88
14.83,97.8,44.6,6.6,1.13,1,10.17
3.14,98.5,51.8,9.39,3.4,3,20.21
3.93,94.5,85.5,9.22,1.34,3,13.32
6.61,100.0,92.4,6.82,0.0,1,93.74
0.0,93.5,24.4,6.63,0.54,5,0.0
2.13,97.6,24.2,5.49,0.0,2,3.43
5.84,96.8,44.1,4.4,0.0,1,99.05
0.0,85.2,55.1,4.36,0.0,5,19.92
3.75,94.2,41.1,6.59,0.0,3,12.11
3.76,92.6,50.3,9.67,0.0,2,12.35
15.83,96.4,38.3,6.75,1.46,1,8.3
3.45,93.2,58.6,9.21,3.26,2,10.29
0.0,91.5,30.5,6.06,5.1,5,0.0
14.59,90.9,80.2,6.46,0.0,1,13.57
1.12,93.9,72.2,4.22,0.0,3,36.04
15.13,93.4,26.2,8.72,1.49,4,5.88
3.66,96.1,92.9,6.55,1.38,2,8.17
2.89,95.6,90.4,9.27,0.0,2,15.39
3.28,92.1,17.7,6.07,0.0,3,8.14
4.26,95.5,90.2,6.54,5.92,3,0.0
4.0,97.3,40.3,5.51,0.0,3,8.51
14.5,91.1,26.9,6.43,1.24,1,2.64
2.89,95.7,57.5,5.45,0.0,2,9.54
15.09,98.0,38.4,5.34,0.0,4,8.34
0.05,79.7,79.0,5.21,0.0,3,59.47
2.42,91.1,58.5,9.34,2.06,3,29.97
15.02,99.8,36.4,5.52,4.3,4,4.22
0.0,79.6,44.1,6.67,0.0,5,47.8
0.0,82.1,95.4,9.98,6.75,5,16.05
12.18,91.6,65.9,9.01,5.47,4,15.97
16.47,94.8,63.8,4.56,0.0,4,5.34
0.0,81.9,22.9,6.02,0.32,5,19.43
14.76,90.7,60.1,8.99,0.0,4,16.6
0.0,88.1,41.7,5.62,0.0,5,13.47
8.35,99.4,99.9,9.55,0.0,4,86.48
12.49,98.7,71.1,8.86,0.0,4,42.46
6.43,94.5,66.3,6.62,0.0,1,95.32
0.0,81.3,91.9,6.6,2.91,5,38.19
2.88,93.4,78.6,9.68,1.28,3,25.96
1.83,98.3,73.2,6.29,0.9,2,20.08
3.86,97.8,75.9,6.28,12.72,2,0.0
4.16,91.1,36.4,9.67,0.0,3,14.57
0.32,66.2,80.8,9.27,3.61,2,46.81
14.6,97.0,51.5,9.45,0.0,4,18.95
1.89,90.8,85.8,9.98,0.0,2,27.65
15.39,97.5,18.5,5.86,0.0,4,4.43
0.39,60.1,83.5,4.76,0.0,3,56.14
0.13,80.9,28.4,5.97,0.0,1,198.74
0.0,61.0,85.4,9.66,0.0,5,131.77
5.75,98.2,66.8,9.9,0.0,3,2.51
2.96,94.7,49.2,5.88,0.0,2,9.26
4.33,97.2,89.9,9.14,3.29,3,10.18
0.14,61.7,63.6,5.86,6.64,4,124.2
15.37,93.7,64.9,9.27,3.65,4,9.9
11.1,95.6,52.1,4.58,4.9,4,41.68
0.0,84.2,69.1,4.65,0.0,5,29.53
5.98,90.0,43.5,5.97,5.27,4,37.56
0.0,94.9,33.6,6.38,9.1,5,0.0
16.15,94.4,24.3,9.27,0.0,4,7.05
2.97,96.6,82.5,5.83,14.22,2,0.0
0.0,88.9,16.9,6.86,0.88,5,2.39
0.15,56.5,37.2,6.83,1.38,1,198.5
3.22,93.2,32.3,9.21,6.47,2,2.64
0.0,74.1,61.9,5.54,0.0,5,65.0
0.0,89.2,83.9,4.76,0.0,5,9.92
2.94,93.7,52.6,5.12,0.0,2,8.68
0.0,86.5,97.3,6.92,0.0,5,19.0
0.0,87.8,77.3,5.3,0.0,5,14.0
13.32,92.1,73.1,5.07,0.0,4,24.92
0.33,60.2,36.3,6.06,3.4,3,56.73
1.32,99.2,39.2,9.42,18.86,3,0.0
13.58,94.3,28.1,5.67,0.0,1,22.83
0.0,93.5,56.8,5.43,0.0,5,8.43
0.15,50.2,32.8,6.2,0.0,2,48.54
0.05,70.2,88.4,6.83,0.0,4,169.47
0.1,52.0,93.7,9.42,0.0,3,59.02
15.27,96.2,15.8,5.14,0.0,1,0.0
4.61,97.4,17.1,6.39,4.92,2,0.0
3.5,94.8,19.2,5.4,0.0,3,6.7
3.28,92.2,75.6,5.26,19.18,2,0.0
0.0,87.1,49.9,6.34,1.75,5,15.25
17.96,93.0,57.4,5.98,2.19,1,6.79
2.46,98.9,91.2,6.2,19.66,2,0.0
0.0,95.1,86.2,5.14,0.0,5,8.14
3.09,92.7,48.9,5.35,9.13,2,0.0
0.0,60.3,72.3,5.74,0.0,5,111.64
11.97,93.9,87.9,6.94,3.93,1,36.33
5.49,96.9,69.3,9.19,0.0,3,5.07
0.0,78.5,22.2,6.72,4.34,5,23.0
0.0,88.7,96.2,6.64,9.56,5,0.0
16.26,99.4,33.4,9.59,0.0,4,7.38
1.57,98.2,65.4,6.01,0.0,3,33.33
3.28,91.6,96.0,5.65,0.0,2,8.65
3.53,91.7,78.4,6.35,9.73,3,0.0
1.39,95.6,80.2,9.42,15.1,3,0.0
3.23,93.3,73.6,4.12,1.98,3,12.85
17.0,99.8,52.1,4.27,0.0,1,7.27
15.07,91.6,49.3,5.14,6.33,4,0.0
0.06,63.0,59.9,9.91,0.0,4,169.35
17.26,92.3,21.1,6.78,0.0,1,0.0
0.32,55.4,84.0,5.79,0.0,2,46.79
1.57,97.6,34.6,6.16,0.19,2,23.25
17.13,94.6,81.6,6.42,15.17,4,0.0
0.0,87.7,77.7,4.29,0.0,5,13.15
0.22,80.5,61.2,6.74,0.0,1,197.81
1.82,96.1,51.9,5.89,4.12,3,26.55
15.2,99.7,59.3,6.45,0.0,1,9.45
15.52,92.6,46.4,6.22,0.0,1,9.22
16.17,92.3,54.1,8.66,0.63,4,8.25
0.0,54.3,74.6,6.49,0.0,5,133.03
12.04,95.2,82.9,5.98,13.98,4,0.0
17.44,97.6,83.9,6.32,0.0,1,9.32
1.84,90.8,63.1,8.75,0.0,2,26.82
0.0,87.1,86.4,8.57,9.44,5,4.4
2.79,92.4,79.3,6.36,0.0,3,21.48
14.42,92.7,98.6,5.99,0.0,4,14.74
15.78,90.4,58.9,5.72,0.0,1,8.72
15.77,90.1,37.1,6.25,4.09,1,5.15
3.55,99.6,71.2,4.02,0.0,2,7.02
0.3,71.3,32.3,5.05,3.79,1,196.96
0.0,90.5,29.7,6.94,0.0,5,9.94
0.36,69.7,25.1,9.11,0.0,4,166.39
1.48,95.1,80.0,6.84,6.82,3,11.27
4.52,90.5,57.8,4.04,0.0,3,7.04
1.12,91.1,53.2,6.88,0.0,2,28.68
4.53,97.7,86.5,9.14,8.13,3,0.0
0.1,50.6,22.9,9.6,8.24,3,47.75
12.98,96.2,56.1,5.42,0.0,1,28.6
0.0,90.7,32.4,5.61,0.0,5,8.61
3.32,92.4,94.8,9.56,0.0,3,22.32
3.61,99.7,65.7,8.94,9.89,3,2.74
4.02,93.6,40.0,6.77,12.17,2,0.0
3.32,93.5,69.1,9.43,0.0,2,14.3
0.0,95.3,31.1,6.48,2.62,5,6.86
0.0,84.6,92.2,5.62,16.47,5,0.0
6.49,95.2,92.0,8.84,13.05,4,0.0
0.24,62.9,71.1,6.56,18.87,2,0.0
5.81,95.2,60.4,8.59,0.0,4,111.91
0.0,85.2,80.3,6.93,2.08,5,20.25
0.0,79.4,56.5,5.25,0.0,5,46.62
0.0,85.8,72.7,9.15,2.87,5,23.29
11.35,93.5,72.7,5.71,0.0,1,45.2
0.37,72.2,94.7,6.74,0.0,2,46.33
0.0,89.5,75.2,5.51,0.0,5,9.71
2.57,95.6,29.9,4.03,0.0,2,11.35
0.0,96.5,25.6,6.66,0.0,5,0.0
14.95,96.1,45.4,5.47,0.0,1,8.95
4.49,91.3,15.7,4.72,0.0,2,0.0
0.29,65.0,89.0,6.68,1.41,1,197.08
1.73,94.8,79.5,9.73,15.95,2,0.0
15.88,92.9,89.3,5.07,0.0,4,8.07
0.0,75.1,93.3,6.56,16.62,5,0.0
3.95,94.7,57.1,9.33,6.15,3,3.08
0.0,91.9,31.5,5.65,3.41,5,5.23
4.15,99.3,85.7,5.05,0.81,2,7.24
0.09,67.4,16.1,5.87,3.82,1,147.5
0.37,76.6,74.0,6.72,2.45,1,196.25
4.89,94.7,26.7,8.94,3.02,3,5.13
0.0,69.4,29.2,6.99,0.0,5,82.67
0.0,90.0,91.9,8.82,13.71,5,0.0
3.67,94.0,88.1,6.03,9.37,3,0.0
4.77,94.1,73.0,5.41,0.0,2,2.26
0.38,64.0,90.2,9.11,0.0,3,56.25
16.47,95.6,29.2,5.82,3.72,4,5.1
1.31,98.9,73.4,8.62,0.0,3,44.32
12.72,90.7,15.0,5.8,8.64,1,0.0
4.26,92.3,22.4,5.27,4.53,3,0.0
0.31,66.6,37.1,6.89,0.0,1,196.86
15.88,94.0,33.0,4.71,3.04,1,4.67
0.0,91.8,33.4,6.76,10.58,5,0.0
7.71,98.6,73.8,4.97,0.0,4,80.84
16.6,94.3,55.0,6.75,0.0,4,3.99
0.09,59.1,87.7,5.8,4.53,1,199.09
2.73,99.3,22.3,6.9,0.0,2,2.51
13.22,97.0,43.9,5.03,2.05,1,23.8
12.58,97.2,20.1,6.37,0.0,1,6.72
0.02,60.8,86.4,6.43,0.2,4,169.79
1.53,90.6,25.8,6.67,7.68,2,0.0
6.73,98.7,21.8,5.38,0.0,1,18.21
13.09,92.4,22.2,5.0,3.8,4,11.65
0.0,92.1,80.2,5.06,0.0,5,8.06
0.28,81.6,73.5,9.27,9.73,2,40.29
10.23,94.4,82.5,5.43,0.0,1,56.12
16.77,100.0,34.4,5.67,12.65,1,0.0
14.61,98.3,68.8,5.0,0.0,4,11.95
17.98,92.6,86.3,5.04,0.0,1,8.04
12.57,92.8,87.6,6.77,3.88,4,30.22
4.98,96.6,83.5,9.29,0.0,3,10.24
4.92,92.5,33.6,6.4,7.04,2,0.0
1.83,96.2,77.2,8.87,4.75,2,21.67
1.38,100.0,47.8,6.31,0.0,2,25.53
5.72,93.0,44.4,8.73,0.0,3,2.81
4.71,91.3,20.2,5.92,1.45,2,0.0
0.0,94.4,94.7,4.67,0.0,5,7.67
0.0,88.6,82.1,6.57,0.0,5,13.33
4.02,94.7,86.9,5.22,0.0,2,8.22
2.14,94.6,26.4,5.83,0.32,2,3.42
5.67,95.7,80.6,8.59,2.39,3,3.26
0.0,84.6,89.5,5.62,2.72,5,26.09
14.14,96.0,55.1,5.54,13.94,1,0.0
0.0,91.9,26.1,6.22,0.0,5,0.0
0.0,86.2,41.7,5.01,3.89,5,13.91
4.58,91.0,70.6,9.59,4.61,3,9.18
0.0,92.0,94.0,6.8,0.0,5,9.8
16.86,99.7,86.7,6.63,0.0,4,0.0
3.34,98.6,33.1,8.96,2.9,3,17.99
0.0,88.4,41.2,9.1,0.0,5,18.73
12.02,94.8,74.7,4.76,0.0,1,37.51
0.0,73.4,93.9,6.01,2.76,5,64.1
0.0,92.7,31.8,6.19,0.0,5,9.19
8.11,90.6,91.2,6.81,0.0,4,78.74
14.12,97.4,93.8,4.42,0.0,4,16.21
0.0,54.0,45.9,6.54,0.0,5,134.03
12.68,92.7,94.7,9.91,0.0,4,41.5
14.11,90.1,70.4,8.72,18.42,4,0.0
2.49,93.2,88.9,6.98,9.85,2,2.09
0.0,95.5,37.7,5.54,0.0,5,8.54
16.45,96.2,46.2,9.13,3.41,4,5.48
3.57,97.5,85.6,6.62,0.0,3,13.91
3.56,94.0,88.9,6.32,1.65,2,7.67
0.0,87.0,50.6,9.59,5.18,5,6.95
5.88,98.5,46.4,6.5,0.7,3,0.0
4.61,92.3,74.9,8.74,0.0,2,3.86
15.8,97.2,65.0,5.02,5.38,4,0.0
0.16,64.2,75.1,6.58,14.19,4,0.0
0.0,76.4,82.6,9.35,0.0,5,71.33
0.32,53.9,37.0,5.9,2.44,1,196.79
0.02,61.3,38.1,5.99,0.0,3,59.79
4.5,94.4,18.8,6.54,19.38,3,0.0
17.46,97.8,50.2,9.38,3.77,4,0.0
15.05,91.4,47.9,9.0,0.0,4,13.8
19.01,92.1,93.7,5.77,0.19,1,8.59
1.54,93.1,92.4,6.96,6.5,2,7.24
4.75,93.3,58.9,6.48,0.0,3,9.48
0.32,79.0,35.5,5.77,5.59,4,101.22
3.52,93.3,94.3,6.27,0.0,3,14.05
0.0,58.7,38.3,6.61,0.0,5,118.17
0.0,63.1,85.9,5.68,15.28,5,0.0
12.05,99.2,87.0,9.44,0.0,4,48.22
0.0,60.8,43.6,6.65,0.0,2,50.0
9.29,92.5,17.2,5.94,7.12,1,4.71
4.19,90.3,89.4,6.39,0.0,3,9.39
0.0,50.4,85.1,4.97,0.0,5,144.35
3.23,95.6,57.2,9.43,4.31,3,18.24
2.24,94.3,17.9,4.71,0.0,2,3.05
2.47,98.3,96.2,6.39,2.69,2,11.96
17.98,98.4,97.5,6.26,4.28,1,4.98
2.76,96.5,31.8,6.09,0.0,2,11.44
17.82,94.6,98.7,4.39,6.1,4,0.0
0.13,64.6,54.4,5.73,0.0,1,198.68
0.0,93.1,43.1,5.29,3.05,5,5.24
2.46,99.0,59.0,9.89,1.62,3,30.72
15.95,90.0,23.5,8.53,0.0,4,6.63
17.43,98.6,61.9,5.03,3.28,4,0.0
3.27,95.8,65.0,9.48,11.56,3,0.0
9.94,91.5,54.0,6.32,3.05,1,56.83
0.0,71.9,84.6,5.62,0.0,5,72.27
4.2,96.4,28.9,5.15,14.9,2,0.0
0.0,86.2,51.6,5.12,0.0,5,18.11
14.37,98.7,28.5,6.38,0.0,4,15.71
0.38,81.9,24.6,9.43,0.0,4,146.87
2.64,99.6,37.1,6.32,0.19,2,12.75
11.1,98.5,19.0,6.32,8.63,4,7.94
18.16,92.2,46.6,6.34,3.83,1,5.51
16.19,95.2,85.3,6.1,5.96,1,0.0
0.1,62.2,61.0,5.41,0.0,1,198.99
1.07,92.5,23.8,6.18,0.75,2,5.54
16.21,90.1,92.8,5.67,0.0,4,7.86
0.0,81.2,34.6,8.57,0.0,3,59.96
0.21,81.6,83.3,6.67,0.0,2,47.92
5.03,97.6,83.6,6.67,0.0,3,9.67
2.49,90.3,16.1,6.42,3.01,2,2.31
11.11,93.9,67.4,9.0,0.0,4,58.54
15.12,99.5,44.6,5.64,2.9,1,5.75
0.0,90.9,75.5,6.21,7.79,5,0.0
0.27,69.0,37.3,6.67,16.07,3,0.0
19.37,93.3,46.4,5.17,2.63,1,5.54
3.44,96.2,54.3,5.62,3.21,3,10.97
17.98,97.2,40.0,6.59,8.75,1,0.0
3.49,94.8,72.3,6.61,0.0,2,9.61
4.79,98.4,75.9,9.76,0.0,3,12.05
0.0,58.1,38.1,6.63,0.0,5,120.5
15.85,90.1,78.7,8.92,0.0,4,11.47
3.16,90.5,56.7,5.48,8.82,2,0.0
14.26,99.3,74.7,6.41,3.86,1,12.91
0.0,91.2,58.9,6.34,4.12,5,5.23
16.49,93.6,62.8,6.05,0.0,1,9.05
0.0,87.4,88.9,5.48,0.0,5,15.34
4.78,93.6,35.7,6.79,0.0,3,9.79
3.13,96.3,97.1,5.68,5.16,2,0.0
0.0,59.9,66.7,5.14,11.44,5,0.0
1.89,99.1,36.2,9.85,0.0,3,39.03
0.1,76.3,35.4,6.09,0.0,1,199.03
3.33,93.4,55.8,8.86,0.0,3,21.36
0.0,85.3,21.3,5.94,2.81,5,3.67
0.14,79.8,66.4,9.47,0.0,2,48.63
4.76,99.3,95.8,5.91,0.0,3,8.91
0.0,89.6,61.2,5.18,5.24,5,0.0
7.87,90.3,56.0,6.16,0.0,1,80.5
15.7,95.8,65.2,5.85,0.0,1,8.85
4.71,95.2,28.2,5.3,0.0,3,8.3
0.0,87.0,50.3,6.92,5.48,5,4.89
7.54,99.9,82.5,4.58,0.0,4,82.22
0.0,89.5,70.4,5.68,0.0,5,10.1
5.58,97.7,83.7,5.85,6.69,4,38.53
18.26,97.8,40.2,5.97,0.0,1,8.97
16.49,93.3,18.5,9.96,0.0,4,5.12
0.0,95.4,56.8,6.43,0.0,5,9.43
2.47,99.3,42.9,5.99,15.52,2,0.0
0.0,87.2,43.0,9.43,0.0,5,22.69
13.59,93.6,34.2,9.73,0.0,4,30.85
0.0,95.1,63.2,6.33,6.51,5,0.0
0.0,83.2,38.3,6.63,0.0,5,35.64
17.48,90.8,97.2,5.04,0.11,1,7.93
7.18,97.0,21.9,5.83,3.61,4,41.7
4.13,91.4,31.2,9.72,0.0,3,14.63
0.0,86.4,66.6,5.2,0.0,5,17.56
0.0,91.5,72.8,5.09,0.0,5,8.09
18.85,98.0,35.0,4.23,10.11,1,0.0
2.68,93.5,95.7,9.48,0.0,3,29.5
14.18,93.6,55.8,10.0,7.54,4,6.28
12.99,97.3,17.2,5.29,9.93,4,3.7
5.59,92.5,55.1,6.53,0.0,3,4.05
12.4,97.9,79.5,9.77,0.0,4,44.61
15.23,96.6,89.9,6.99,0.0,4,9.99
1.25,97.8,39.2,5.6,0.0,2,26.08
2.67,90.3,90.3,5.32,0.0,2,11.61
13.77,90.1,66.6,6.32,0.0,1,21.58
0.0,86.6,61.6,4.44,0.0,5,16.21
16.29,90.6,48.4,6.07,4.18,1,4.89
0.0,94.4,79.4,6.88,4.55,5,5.34
3.95,91.1,24.7,5.17,2.66,3,3.01
9.28,91.3,20.4,6.48,3.39,1,12.65
12.15,99.5,88.0,9.89,0.0,4,47.56
3.13,91.0,95.5,5.7,0.17,2,8.52
0.0,91.6,49.4,5.96,0.0,5,8.96
4.69,97.8,43.5,6.34,3.66,3,5.68
19.0,93.6,30.4,6.66,0.28,1,9.37
4.82,96.1,43.4,5.47,0.0,3,8.47
8.59,96.0,35.2,6.63,8.74,1,25.98
13.71,98.2,41.8,6.57,0.0,1,22.46
0.0,77.5,38.8,6.36,19.35,5,0.0
4.13,96.8,24.7,6.51,0.0,2,0.0
4.06,90.8,35.8,9.23,0.0,3,14.07
0.38,78.3,66.9,5.09,0.0,2,46.16
0.0,90.3,51.7,4.43,4.14,5,3.29
8.14,93.3,88.5,5.31,0.0,4,76.91
0.0,85.1,67.8,5.9,15.81,5,0.0
0.0,82.4,39.3,4.48,6.32,5,10.87
0.17,52.0,79.9,6.6,2.81,3,58.34
0.0,83.9,19.4,6.16,0.0,5,16.22
4.38,99.3,45.3,6.47,0.0,2,6.23
15.77,95.3,36.0,5.91,8.31,1,0.0
3.64,94.3,17.6,9.4,0.0,3,9.21
0.0,85.6,58.5,6.36,1.02,5,19.83
3.03,96.3,24.4,5.25,0.0,2,0.0
2.5,98.5,48.3,6.15,6.05,2,3.26
3.79,90.2,79.6,9.82,2.04,3,14.79
10.7,90.6,41.9,6.41,0.0,1,52.4
19.98,92.0,36.3,6.01,12.42,1,0.0
0.0,47.5,33.1,6.15,0.0,5,155.63
1.64,91.1,81.9,6.47,4.68,2,18.36
0.26,62.1,20.3,5.02,3.94,2,47.43
4.67,92.3,30.8,5.62,1.63,2,3.25
16.53,98.4,21.5,6.98,0.0,1,0.0
15.27,94.3,76.9,8.71,9.92,4,0.0
10.84,93.2,54.3,4.58,0.0,1,49.15
2.91,92.7,63.2,5.98,0.0,2,9.88
14.45,99.7,90.7,9.66,0.0,4,20.87
0.35,79.7,81.0,5.85,0.0,1,196.54
12.75,97.4,19.8,8.89,0.0,4,19.78
0.01,75.3,83.1,9.74,1.87,4,169.89
2.74,91.0,91.8,5.08,0.0,2,10.65
15.97,95.1,82.9,8.73,6.11,4,2.59
3.57,98.8,16.0,6.42,0.0,2,0.0
14.38,99.6,54.1,5.1,1.01,1,13.25
0.0,73.1,63.6,6.17,3.38,2,50.0
5.64,97.7,50.6,6.73,0.0,3,3.55
14.17,90.9,29.8,6.56,4.43,4,13.4
3.53,96.0,69.2,9.24,7.83,2,2.02
1.41,95.1,57.5,6.65,5.41,2,8.07
3.37,98.4,15.7,4.1,16.3,2,0.0
0.11,66.3,21.9,9.39,0.0,4,168.92
14.86,96.9,37.0,5.64,4.6,1,5.44
16.16,96.9,43.2,5.02,0.0,1,8.02
0.0,81.4,78.2,9.38,0.0,5,52.1
15.26,99.0,86.7,6.86,0.0,1,9.86
2.81,94.1,37.1,9.26,9.03,2,2.34
7.65,94.5,40.7,6.59,1.95,4,81.17
0.0,90.7,97.5,5.62,2.08,5,6.54
15.52,97.6,21.0,4.43,0.0,1,0.0
4.66,98.0,19.8,9.95,4.92,3,4.61
0.33,53.9,34.9,6.97,0.0,2,46.75
0.0,83.8,25.5,6.82,0.0,5,16.85
18.0,96.1,85.4,6.33,0.0,1,9.33
0.0,89.7,76.8,5.68,0.0,5,9.33
0.0,46.8,82.8,6.78,2.13,5,156.05
0.0,89.5,92.3,5.87,19.28,5,0.0
2.71,98.5,68.6,6.88,2.86,2,9.92
12.24,98.8,86.3,5.39,0.0,1,36.03
15.08,95.9,49.4,6.76,0.0,1,9.76
3.97,93.4,76.2,8.78,0.0,3,13.85
14.97,95.8,94.9,9.28,0.0,4,14.43
9.34,97.3,45.2,5.49,4.76,1,60.35
0.14,76.2,46.6,8.78,2.57,4,168.55
0.4,51.0,32.2,8.57,0.0,4,166.02
5.84,91.4,96.7,5.5,0.0,1,100.08
4.1,92.9,42.2,6.27,0.0,2,8.95
15.63,98.9,90.2,5.13,9.37,4,0.0
0.0,86.7,78.9,5.85,0.17,5,17.21
0.21,60.5,48.6,9.2,0.0,3,57.87
3.46,98.6,90.5,4.87,8.98,2,0.0
3.51,95.4,16.6,9.36,0.0,3,9.93
3.17,95.3,66.2,6.61,4.08,3,13.85
3.07,98.1,64.1,9.88,0.0,2,14.81
16.78,95.9,74.6,5.65,1.05,1,7.6
0.0,73.6,34.4,9.82,10.72,5,0.0
12.34,98.0,15.8,5.19,16.54,1,0.0
0.28,77.3,38.7,5.43,0.0,1,197.24
10.17,99.0,62.5,5.04,0.0,4,56.31
3.48,99.3,32.4,6.0,1.15,3,13.09
0.0,94.6,16.7,6.2,0.0,5,0.0
14.38,97.4,42.3,6.41,10.32,1,0.0
3.79,93.6,79.2,4.02,0.0,3,9.1
17.45,97.0,47.9,9.26,0.0,4,0.0
3.35,94.4,59.4,5.31,1.96,3,12.81
16.97,91.4,74.4,8.87,6.94,4,0.0
0.0,91.5,60.2,5.61,11.16,5,0.0
2.87,93.2,91.1,5.39,0.0,3,19.71
0.0,90.4,81.3,5.65,1.66,5,6.99
3.29,94.1,81.8,8.82,0.0,3,21.79
13.77,92.6,51.6,6.92,7.4,1,5.91
16.05,98.6,31.3,5.7,0.0,1,8.7
3.93,95.6,50.5,6.25,0.0,2,9.25
6.01,99.7,70.4,6.96,0.0,1,99.88
1.53,90.9,54.9,9.91,0.0,3,43.3
0.0,47.5,37.9,6.14,0.0,5,155.5
0.2,61.4,41.3,6.86,18.36,2,0.0
7.09,97.3,92.0,6.08,0.0,4,88.14
15.93,97.4,78.1,5.71,0.0,4,8.71
1.21,97.8,46.2,9.14,2.86,2,31.26
0.33,64.7,96.9,6.05,3.13,3,56.67
0.0,85.6,48.7,6.83,4.51,5,16.65
1.22,92.3,30.9,9.98,7.68,3,15.21
0.0,91.1,48.7,6.26,0.0,5,9.26
14.76,97.7,34.8,5.42,4.83,4,5.98
0.0,93.5,47.5,5.26,0.0,5,8.26
0.19,65.7,52.3,8.8,3.67,2,48.1
0.0,74.4,43.5,5.93,1.05,5,62.98
3.66,92.8,80.5,5.52,0.0,3,11.9
2.41,96.3,55.8,9.51,15.96,2,0.0
3.28,93.9,62.8,5.94,0.0,3,16.17
3.38,90.8,77.4,9.88,13.87,3,0.0
0.0,88.6,55.1,5.5,0.8,5,11.22
2.27,93.5,17.3,6.49,5.41,2,0.0
15.13,97.3,81.3,6.24,0.0,1,9.24
6.36,93.2,40.1,6.53,7.52,4,35.39
0.0,77.4,16.0,5.75,0.0,5,26.96
2.33,97.5,59.2,9.87,0.11,2,22.33
3.46,94.4,61.1,6.22,0.0,3,14.62
15.07,93.7,48.4,6.03,0.0,1,9.03
0.0,87.1,65.1,6.14,0.0,5,16.79
17.88,93.9,90.5,6.23,5.25,1,0.0
11.06,94.9,77.9,5.54,0.0,1,47.9
3.28,93.2,28.8,6.01,0.92,2,8.08
0.27,66.8,74.3,8.64,0.0,3,57.29
19.46,92.0,19.6,6.52,2.9,1,0.0
17.37,93.5,74.8,6.25,9.28,1,0.0
6.4,93.3,68.6,8.81,0.0,4,106.01
4.38,98.4,27.3,6.59,0.0,2,0.0
0.25,61.7,45.0,5.48,3.16,1,197.47
0.01,64.8,25.7,9.41,4.46,4,169.89
17.17,98.9,36.6,8.54,5.0,4,0.0
0.0,83.9,99.4,5.46,0.0,5,31.69
13.66,96.6,38.0,4.79,4.66,1,16.51
0.0,87.6,18.1,9.75,6.18,5,0.0
2.7,91.5,67.4,4.65,0.0,2,10.67
16.03,95.5,49.6,6.62,0.0,1,9.62
12.52,95.0,21.0,5.23,0.0,4,16.54
0.0,93.9,23.9,4.37,3.53,5,0.0
0.0,89.1,54.1,5.74,3.34,5,7.7
1.41,90.0,49.8,8.78,8.65,3,13.33
0.0,87.0,49.6,5.85,0.0,5,16.78
16.32,98.7,89.5,5.11,0.0,4,6.85
0.0,87.8,62.6,5.85,0.0,5,14.47
3.29,91.6,39.4,5.32,0.0,2,8.32
12.12,95.4,40.3,6.31,1.88,1,36.23
16.88,90.5,84.3,9.74,0.0,4,0.0
13.45,91.5,79.7,6.26,0.0,1,24.71
0.0,75.5,69.6,4.85,16.46,5,0.0
15.7,96.5,36.1,6.73,2.52,4,7.21
4.27,92.8,31.9,6.53,0.0,3,9.53
0.01,83.6,40.3,5.39,16.19,3,0.0
0.0,90.6,72.3,6.29,0.0,5,9.29
0.1,61.8,71.0,8.67,2.38,4,168.96
16.55,91.8,38.6,9.78,4.94,4,4.48
5.21,93.8,81.2,8.98,0.0,3,7.93
17.44,90.0,75.6,6.19,9.14,1,0.0
12.68,98.1,21.6,5.17,8.07,1,0.0
13.79,90.1,79.8,8.77,4.1,4,22.73
4.18,94.4,80.6,6.06,0.0,2,8.24
0.07,83.4,79.8,6.05,1.43,3,59.27
1.99,96.1,97.0,6.66,0.0,3,29.72
4.95,98.7,36.2,5.56,0.0,2,0.0
3.15,97.2,56.6,6.1,3.03,2,6.07
13.83,95.3,97.7,9.88,0.0,4,28.25
0.0,91.5,95.3,5.16,4.9,5,3.26
0.32,68.2,41.0,4.04,0.0,3,56.76
0.0,52.9,34.5,4.61,17.4,5,0.0
12.98,99.5,70.5,5.57,1.38,4,27.37
0.0,57.8,26.8,5.92,0.0,5,60.28
0.0,92.5,86.4,5.78,0.0,5,8.78
19.57,91.3,99.4,6.71,0.0,1,4.26
13.67,93.2,19.6,5.77,0.0,1,4.41
0.29,53.0,91.4,8.59,0.0,3,57.11
16.34,93.1,36.6,5.7,0.0,4,6.57
1.1,93.4,18.4,9.7,0.0,3,23.98
0.0,50.5,54.2,6.41,5.71,5,55.33
3.23,98.5,73.3,5.66,0.0,2,8.66
0.0,73.7,84.8,6.54,5.37,5,24.22
3.35,93.5,57.6,4.52,2.67,3,11.32
4.49,98.6,89.0,4.03,13.89,3,0.0
0.34,84.1,71.4,5.55,0.0,2,46.57
2.91,98.1,24.5,6.27,0.0,2,2.02
0.0,90.2,22.1,5.68,0.0,5,0.0
1.03,98.6,56.8,6.05,0.0,2,28.74
0.32,79.8,95.4,6.91,0.0,4,166.76
0.0,84.0,89.0,6.02,0.0,5,32.17
3.03,90.6,87.0,4.11,4.48,2,2.62
0.0,89.0,83.7,5.28,1.35,5,9.51
0.19,78.1,48.9,5.14,0.0,2,48.15
0.0,88.6,90.2,6.08,8.11,5,0.0
2.53,92.9,80.5,5.13,0.0,2,12.78
14.93,96.7,88.9,4.93,0.0,1,8.63
0.0,57.4,84.3,6.62,2.1,5,120.0
3.43,92.7,97.3,5.91,0.0,2,8.91
15.13,91.0,89.7,6.66,0.0,4,9.66
0.0,69.3,84.1,5.58,8.7,5,27.87
4.4,95.7,85.1,8.9,0.0,3,13.69
1.16,91.0,90.5,6.16,0.0,3,37.57
3.3,94.3,30.8,5.94,0.0,3,15.92
1.57,98.3,75.9,9.26,8.22,2,8.42
14.26,94.1,21.4,5.78,0.0,1,3.23
14.55,96.8,65.5,9.63,0.0,4,19.69
1.04,99.2,69.6,4.94,0.0,3,37.57
15.91,91.6,79.5,5.58,8.52,1,0.0
0.33,81.3,76.5,9.37,7.41,2,42.21
15.68,90.7,41.3,6.25,0.0,1,9.25
1.54,91.0,24.0,6.11,5.19,2,0.0
15.64,91.1,80.1,5.32,0.0,1,8.32
0.15,62.4,16.6,4.41,0.0,2,48.49
0.05,50.5,72.2,5.83,3.5,2,49.52
0.0,86.3,55.0,6.63,0.0,5,19.28
4.53,96.9,21.8,9.01,0.0,3,6.91
3.92,96.8,33.4,9.27,0.0,3,15.0
0.0,84.5,86.1,5.17,0.0,5,29.33
0.13,72.0,61.4,8.85,10.96,1,0.0
5.39,95.2,84.9,8.6,9.86,3,0.0
4.07,96.2,79.6,9.09,3.79,2,9.29
3.72,90.4,30.5,6.38,0.0,3,12.2
0.0,92.9,62.2,6.73,0.0,5,9.73
0.36,64.5,89.8,9.73,1.36,2,46.4
10.31,95.1,83.1,5.63,0.0,4,55.51
0.04,77.8,42.4,8.79,3.87,4,169.59
2.61,92.9,85.3,9.61,0.0,3,30.55
16.37,90.6,37.6,6.61,12.01,1,0.0
0.05,63.1,35.7,8.61,1.59,2,49.46
0.22,52.4,80.1,5.71,19.77,1,0.0
3.57,90.1,19.4,8.67,0.0,3,9.19
0.12,57.9,26.9,9.19,0.0,3,58.85
1.63,99.6,37.6,5.23,0.47,3,31.44
0.0,93.3,26.8,5.29,7.64,5,0.0
0.17,65.9,78.0,9.55,0.0,3,58.28
14.41,94.0,90.5,9.03,0.0,4,20.62
0.0,86.6,91.0,6.14,17.09,5,0.0
14.68,96.3,93.0,5.03,0.0,4,11.22
14.73,94.0,40.6,5.69,0.0,1,11.39
0.0,91.0,83.0,5.4,0.0,5,8.4
4.65,95.1,59.4,5.11,0.0,2,3.51
0.19,58.3,37.6,9.3,7.94,4,149.33
0.0,73.4,21.6,6.15,7.06,5,11.79
1.12,98.8,76.4,4.73,0.0,2,26.48
0.37,59.3,35.3,5.88,0.0,3,56.3
15.49,91.4,41.5,6.22,0.5,1,8.72
0.09,62.9,99.2,8.78,3.56,2,49.15
8.35,91.6,58.8,6.13,19.03,4,0.0
0.0,85.1,77.2,9.7,0.0,5,29.39
2.58,91.1,91.2,4.26,7.36,2,0.0
4.4,96.0,90.5,5.2,0.0,3,8.2
0.01,76.4,80.4,4.95,0.0,2,49.89
0.0,62.7,21.3,5.96,6.06,5,19.18
2.73,98.7,38.5,9.77,9.82,3,7.2
14.63,98.2,74.7,5.12,0.0,1,11.86
2.19,91.8,21.6,6.21,0.0,3,13.66
2.4,95.9,86.1,9.13,0.0,2,20.89
0.15,63.3,66.8,5.24,6.28,2,48.47
0.12,65.0,62.4,9.63,0.0,3,58.82
0.0,88.8,46.5,5.86,0.0,5,12.09
3.52,98.9,61.1,9.56,6.28,2,2.89
0.16,68.3,57.0,5.96,2.98,4,168.38
4.78,99.7,27.0,6.01,5.63,3,0.0
4.44,97.5,18.4,6.26,5.5,3,0.0
7.28,97.3,64.6,5.6,4.12,4,81.71
0.0,72.9,83.0,4.38,0.0,5,67.23
6.29,94.9,73.8,9.43,0.0,4,107.12
3.28,96.2,62.8,8.68,11.08,2,0.0
4.26,94.5,43.8,4.87,0.0,2,7.44
8.76,99.4,19.9,5.14,0.0,1,14.1
0.0,88.7,99.4,6.41,0.0,5,12.74
3.95,90.0,20.5,6.01,8.26,3,0.0
0.0,94.2,52.2,6.2,8.48,5,0.0
4.18,98.0,36.8,9.97,0.0,3,14.91
11.43,92.1,50.9,4.08,0.0,1,42.75
0.22,81.0,60.3,8.98,14.78,3,0.0
0.37,71.2,48.9,6.54,10.0,2,46.26
16.69,92.0,86.4,6.29,0.0,4,3.1
0.33,80.5,29.7,9.75,9.01,3,48.73
3.45,90.2,33.2,4.0,1.2,2,5.8
0.01,67.9,42.6,4.53,0.0,2,49.9
0.12,82.4,94.6,4.04,4.34,1,198.83
0.32,56.1,26.6,8.57,0.0,3,56.8
2.54,98.4,48.2,5.16,0.91,2,11.86
3.6,98.7,38.1,6.5,3.65,3,9.8
14.23,96.0,32.3,4.25,0.0,4,14.97
0.0,52.4,93.2,5.92,0.0,5,138.75
0.0,86.4,92.8,4.93,3.87,5,13.51
1.82,91.9,96.3,5.13,6.82,3,9.25
6.18,93.9,99.5,5.06,0.0,1,96.31
0.12,80.9,97.3,9.58,0.0,2,48.8
0.26,55.8,70.8,5.59,0.0,1,197.45
2.2,94.0,82.5,8.81,6.21,2,6.24
3.54,90.4,66.9,9.94,6.6,3,5.02
8.76,95.6,55.2,6.88,5.57,1,26.7
12.46,91.1,68.0,6.47,10.64,1,0.0
11.52,91.6,16.5,5.5,0.0,1,8.66
3.33,95.8,77.0,9.67,0.51,3,21.68
1.38,94.8,71.8,5.39,0.19,2,24.45
6.95,96.5,71.8,6.14,2.25,1,87.36
4.13,92.5,27.8,9.22,0.0,3,14.06
13.03,90.8,57.2,5.74,14.88,1,0.0
0.0,56.7,70.1,6.85,8.58,5,45.68
2.87,96.4,32.7,6.79,2.66,3,18.4
0.0,89.8,28.0,5.52,1.55,5,7.46
3.43,99.8,92.5,9.71,0.0,3,21.23
15.63,99.2,33.3,6.94,0.0,1,9.94
0.0,94.7,24.7,6.43,9.19,5,0.0
1.83,99.3,70.5,8.53,7.39,3,11.87
0.0,86.0,38.8,5.93,0.0,5,19.38
0.22,75.5,39.7,9.57,4.28,4,167.78
4.18,99.6,91.4,5.89,1.97,3,6.92
0.0,89.0,90.6,5.16,0.0,5,10.75
15.85,98.4,32.8,9.33,0.0,1,14.17
0.0,86.0,55.2,5.11,0.0,5,18.58
14.78,93.6,62.7,4.34,6.57,4,0.0
0.0,69.9,52.8,5.06,1.88,5,75.9
0.22,58.6,82.8,9.62,5.48,4,150.61
0.0,92.7,29.9,6.1,4.89,5,4.21
15.34,98.6,16.6,9.13,0.4,1,2.7
0.39,81.4,52.2,9.02,5.85,4,114.54
16.05,98.6,62.7,5.07,6.28,4,0.0
14.46,94.4,33.6,8.86,3.53,4,15.77
0.32,69.5,72.7,10.0,0.0,3,56.83
16.47,97.4,71.8,8.82,0.0,4,5.34
4.72,94.6,70.9,5.57,0.0,2,2.84
7.81,97.0,88.4,6.09,16.25,1,0.0
2.54,98.3,56.5,5.25,0.0,2,12.85
1.01,99.4,51.1,9.44,8.0,3,15.78
14.56,98.2,31.3,8.55,0.0,4,18.34
1.87,90.0,53.7,9.71,8.01,3,11.97
13.51,94.6,98.4,5.15,0.0,1,23.05
14.29,99.3,26.4,5.46,0.0,1,3.12
17.82,93.5,40.4,4.48,3.75,1,3.74
4.94,94.7,22.6,4.78,0.0,3,3.89
0.0,95.5,38.8,5.06,0.0,5,8.06
1.69,91.0,20.9,6.9,0.0,3,16.48
2.16,98.2,80.1,9.56,2.32,3,32.93
10.83,97.9,49.8,5.33,10.99,4,0.0
15.79,93.7,87.8,6.83,0.0,4,9.83
0.0,86.3,24.8,4.85,9.46,5,0.0
5.53,91.7,30.4,9.42,5.33,3,3.26
2.91,97.2,96.3,4.58,0.0,2,8.46
4.2,90.8,24.7,9.38,0.0,2,2.85
15.22,93.0,46.3,6.04,0.0,1,9.04
0.0,94.1,74.2,6.83,0.0,5,9.83
0.3,65.6,35.1,9.56,19.87,4,0.0
5.69,92.4,77.0,5.35,19.93,1,0.0
0.0,93.8,56.3,9.33,17.05,5,0.0
0.36,59.3,22.1,5.86,0.0,1,163.6
9.92,93.1,38.9,8.97,6.98,4,25.67
0.09,65.4,41.4,5.67,0.0,4,169.14
1.01,95.1,86.6,9.35,14.21,3,0.0
15.08,97.3,41.3,9.28,0.15,4,13.95
3.25,96.9,91.4,6.28,3.64,2,5.64
0.07,66.5,68.7,9.39,0.0,4,169.3
16.23,98.4,43.5,6.51,3.53,1,5.98
3.83,93.2,32.3,4.08,0.0,3,8.83
15.31,95.4,71.6,6.7,0.0,4,9.7
5.9,90.1,65.2,6.72,0.0,3,0.0
0.0,67.7,39.7,6.93,0.0,5,88.31
0.24,54.2,15.3,4.1,2.34,4,167.64
1.83,90.9,23.0,9.81,0.0,3,19.82
0.0,85.5,26.0,6.84,8.22,5,0.0
0.0,87.9,32.0,5.09,0.0,5,13.65
0.4,65.6,99.8,6.48,0.87,3,56.03
12.66,99.8,47.7,6.63,15.41,4,0.0
0.15,74.4,97.1,9.51,1.19,3,58.51
0.0,45.8,28.3,4.29,0.0,5,158.94
12.76,98.9,83.6,5.8,6.67,1,9.79
2.46,95.0,76.4,8.99,0.0,2,20.0
0.0,90.1,56.9,6.76,0.64,5,9.11
0.0,85.7,78.0,6.45,13.73,5,0.0
2.44,90.6,22.9,4.5,4.66,2,0.0
1.07,96.9,16.5,6.41,12.67,2,0.0
3.67,96.6,98.8,4.43,0.0,3,10.7
12.01,90.3,48.1,6.7,3.65,1,35.95
2.75,98.6,20.6,6.24,0.0,2,2.34
8.86,91.3,18.7,5.65,0.0,1,14.01
3.43,99.2,67.1,9.11,5.99,3,5.45
10.03,92.3,19.1,4.67,0.0,1,11.48
0.0,76.5,54.6,6.43,0.0,5,57.87
0.0,86.8,82.4,6.12,5.18,5,4.86
0.0,65.2,18.6,6.56,1.46,5,47.13
5.11,98.1,33.5,5.94,0.0,1,107.86
0.05,57.3,88.9,4.43,0.0,3,59.52
0.29,71.5,24.0,4.99,7.49,1,55.04
15.74,99.4,64.1,5.34,0.0,1,8.34
0.19,81.6,83.5,4.88,0.0,2,48.13
5.47,94.8,90.6,6.64,0.0,3,5.29
0.0,85.2,77.1,6.13,6.79,5,5.88
0.0,58.2,46.8,5.96,0.0,5,119.15
16.64,90.7,54.0,5.21,8.81,4,0.0
3.95,96.9,23.5,4.08,8.42,3,0.0
15.95,92.5,58.0,6.13,0.0,1,9.13
0.14,57.6,98.7,5.25,9.06,1,128.09
3.66,97.4,36.6,8.51,0.0,3,17.17
0.0,97.0,84.2,6.38,11.39,5,0.0
15.31,96.9,17.0,8.71,13.97,4,0.0
0.0,86.9,24.6,8.86,0.0,5,4.6
7.48,99.2,96.3,9.43,1.73,4,95.24
3.18,94.3,31.1,4.32,7.88,3,3.06
3.28,93.7,87.8,5.09,1.7,3,13.58
0.0,87.9,60.3,8.63,2.0,5,17.47
16.61,92.2,89.3,9.13,0.0,4,3.89
9.17,96.8,89.9,9.53,9.35,4,28.3
0.05,73.6,38.7,8.93,7.14,3,59.48
5.58,99.9,39.6,5.34,3.49,1,99.1
8.72,91.7,51.6,5.81,3.46,1,68.14
0.0,87.1,20.4,5.02,4.55,5,2.22
17.87,93.8,84.1,9.56,0.0,4,0.0
0.36,84.8,82.4,5.44,4.63,1,196.37
16.04,99.8,62.2,4.87,0.0,4,7.87
0.0,79.2,86.8,5.19,12.01,5,0.0
4.04,91.8,47.8,6.48,0.0,2,9.48
2.52,92.0,43.5,5.23,0.0,2,12.98
11.15,94.9,58.7,9.25,3.88,4,53.91
5.16,99.5,80.6,6.43,0.0,3,8.37
4.29,96.0,99.4,5.73,0.0,3,8.73
0.0,86.1,28.4,9.67,0.0,5,26.23
3.42,98.7,23.6,4.79,0.0,2,0.0
14.12,92.8,84.3,6.8,2.74,4,15.91
2.63,96.0,46.4,5.09,4.48,2,7.26
0.0,89.6,39.0,6.36,0.0,5,10.45
0.0,86.9,99.5,5.55,6.96,5,3.89
16.42,96.4,31.2,8.76,0.0,4,5.77
2.73,97.6,20.4,5.34,0.0,2,2.2
2.05,96.5,71.3,9.19,0.0,3,36.48
4.2,90.7,54.1,5.63,0.0,2,8.05
14.02,93.1,25.7,6.34,0.0,1,3.83
2.74,98.4,88.5,8.59,10.39,3,0.0
0.0,56.5,35.5,5.35,4.7,5,118.1
10.84,96.2,64.1,6.01,0.0,1,50.65
14.62,100.0,67.8,5.21,0.0,1,11.99
0.0,85.7,91.1,5.06,3.06,5,16.07
0.0,52.4,90.7,5.48,0.0,5,138.18
0.2,72.1,29.9,5.36,5.53,1,110.41
0.0,91.3,68.4,4.28,7.62,5,0.0
0.0,93.6,30.0,4.6,0.0,5,7.6
3.64,96.3,70.6,9.53,0.0,3,18.57
8.98,99.5,48.6,9.65,0.0,4,80.23
0.0,96.2,78.7,4.48,8.13,5,0.0
1.18,90.0,44.6,6.78,0.0,3,37.96
0.17,73.3,44.4,4.31,6.97,3,50.28
16.04,95.5,25.9,9.87,5.31,1,0.0
1.88,98.1,32.9,6.38,2.46,2,18.07
13.37,93.3,30.5,9.53,0.0,4,33.17
13.81,97.3,34.2,5.23,1.48,1,18.67
1.37,98.2,49.5,8.96,4.02,3,39.36
3.05,96.7,28.3,6.65,6.45,3,5.09
3.92,91.9,69.8,4.12,0.0,3,7.9
0.0,86.1,70.4,6.12,1.71,5,17.56
2.0,90.3,53.1,9.91,0.81,2,25.47
16.35,97.6,90.9,5.47,9.68,1,0.0
3.53,93.1,86.1,9.11,2.36,3,16.63
4.12,94.6,90.6,6.02,5.52,3,0.0
14.24,95.2,58.5,6.65,2.25,4,14.98
3.34,90.6,15.1,6.12,0.0,2,0.0
0.0,91.6,94.1,6.84,3.48,5,6.36
1.3,97.3,94.1,5.2,1.7,3,33.49
4.78,93.1,26.2,5.08,15.86,3,0.0
16.69,91.0,47.9,9.72,0.0,4,3.12
0.04,70.9,25.5,4.06,6.89,3,26.75
17.26,94.8,35.6,6.02,0.0,1,9.02
0.0,92.8,64.7,8.66,0.0,5,13.41
12.6,98.3,45.6,5.02,0.0,4,32.05
12.9,95.1,17.0,8.66,0.0,1,7.52
0.04,78.3,50.5,6.11,0.0,1,199.56
0.0,85.9,98.3,6.78,9.09,5,4.52
4.59,98.9,68.6,4.67,16.68,3,0.0
16.68,93.8,45.3,5.93,0.0,1,8.93
2.02,91.0,17.1,5.28,9.95,2,0.0
1.95,93.3,57.3,9.78,5.49,2,8.2
0.37,54.1,90.5,5.19,6.41,3,56.32
3.0,95.0,93.0,6.39,0.0,2,9.4
3.3,95.5,56.1,5.62,2.88,2,5.74
3.4,99.9,17.9,7.0,1.2,2,0.0
0.0,90.2,52.5,5.09,0.81,5,7.28
12.55,97.1,69.1,5.54,0.0,1,33.08
3.63,96.3,68.8,5.68,8.4,3,0.0
15.1,96.4,32.6,5.13,3.13,1,5.0
0.0,93.2,50.6,5.66,17.34,5,0.0
5.34,96.1,43.1,9.35,0.0,3,6.62
1.99,90.7,41.6,6.43,0.0,2,19.56
4.73,98.0,45.7,9.05,0.0,3,12.7
0.0,94.0,44.2,4.66,12.45,5,0.0
0.12,53.7,74.2,8.84,2.92,3,58.82
15.53,94.6,74.9,4.01,2.31,1,4.7
5.11,96.9,52.7,6.11,0.0,1,107.97
0.0,87.8,46.6,6.66,4.6,5,10.73
0.25,60.2,100.0,5.23,0.0,2,47.51
4.92,93.9,86.6,6.76,0.0,2,0.0
0.0,54.5,73.1,6.12,16.2,5,0.0
13.12,97.6,49.4,6.6,8.5,1,7.95
1.93,95.6,23.4,9.16,8.97,3,5.49
13.93,98.4,24.0,6.59,0.0,1,4.05
1.23,91.2,66.6,6.88,0.0,3,37.55
3.78,98.1,70.7,5.69,0.96,2,7.73
4.03,97.3,34.6,9.09,0.0,3,13.9
0.0,74.2,33.9,5.66,0.0,5,64.75
9.84,97.2,71.9,6.19,0.0,4,60.77
5.45,92.8,28.1,5.04,17.51,4,0.0
0.0,82.0,73.3,6.16,14.18,5,0.0
5.24,92.8,32.2,6.04,1.04,4,105.6
3.13,99.4,36.5,6.19,0.0,2,9.19
13.07,94.5,73.5,9.72,1.47,1,35.15
3.47,91.9,22.0,9.09,4.81,3,7.23
15.92,92.2,99.6,5.69,0.0,4,8.69
15.85,100.0,74.1,9.55,0.0,4,11.49
17.07,92.4,45.4,6.53,0.0,1,9.53
13.37,95.7,86.9,6.12,0.0,1,25.4
0.29,72.7,97.0,6.86,0.0,1,197.15
15.81,99.9,75.3,9.2,16.9,4,0.0
4.98,96.6,66.7,5.33,1.06,2,0.0
5.08,94.8,59.4,6.76,0.92,3,8.84
0.0,85.4,46.5,5.48,0.0,5,20.44
5.52,92.8,62.0,8.87,16.2,3,0.0
3.61,93.2,81.3,4.38,0.28,3,11.0
2.43,92.6,99.4,9.85,6.62,2,5.48
0.39,63.4,24.0,6.38,2.35,2,46.11
3.58,94.7,81.6,5.28,1.0,2,7.28
4.63,92.2,79.2,5.54,0.0,3,8.54
16.49,93.6,37.5,9.61,7.72,4,2.25
5.24,94.7,30.8,4.37,4.31,1,100.64
0.32,76.4,48.9,5.1,0.0,4,166.85
12.31,99.1,31.3,9.09,3.85,4,40.4
0.25,55.8,86.7,6.59,0.0,2,47.51
4.03,97.4,48.5,5.04,0.0,2,8.04
0.0,72.5,37.7,5.96,4.83,5,64.45
0.21,76.0,86.5,5.27,8.12,1,103.74
5.42,95.2,59.3,5.73,1.59,4,102.94
0.0,90.1,42.7,6.25,0.0,5,9.25
0.0,96.4,59.9,5.1,0.0,5,8.1
9.86,96.7,25.0,8.9,0.0,4,36.41
0.4,56.6,81.8,9.36,0.0,4,166.01
13.47,94.2,70.6,6.81,0.0,4,25.15
16.28,92.4,49.2,6.63,0.0,4,7.17
4.6,95.7,59.5,5.5,9.62,2,0.0
14.06,91.7,46.2,9.8,0.0,4,25.57
0.0,87.9,20.6,9.0,12.58,5,0.0
1.03,97.1,99.4,6.59,7.03,2,8.92
14.88,93.1,88.2,9.2,0.83,4,14.5
0.22,52.9,87.3,8.65,3.3,4,167.78
7.02,99.5,20.2,9.53,0.0,4,53.1
0.0,80.6,62.9,6.39,0.0,5,43.97
0.0,94.1,90.8,5.29,0.0,5,8.29
4.53,90.2,45.2,9.91,6.84,3,2.79
2.96,95.5,30.1,4.72,3.68,2,4.46
14.07,91.0,59.2,6.25,0.0,1,18.51
0.2,77.7,62.7,4.69,7.91,1,101.31
16.22,93.5,82.5,5.75,4.32,1,4.42
9.26,91.1,58.2,5.09,0.0,4,65.49
12.75,91.0,37.9,9.96,0.0,4,40.73
8.7,98.4,99.6,5.29,0.0,1,71.28
2.13,91.0,98.2,6.15,1.78,2,16.05
3.36,96.8,45.1,9.39,0.0,3,21.59
0.3,61.0,87.6,6.92,14.71,4,0.0
16.04,96.5,80.8,8.71,2.07,4,9.58
2.42,92.3,30.7,6.09,0.0,2,14.94
14.9,98.0,66.2,6.82,5.87,1,0.0
3.5,90.8,53.4,4.76,0.61,3,12.13
3.19,92.7,41.7,5.98,0.13,2,8.85
3.02,99.1,89.7,4.79,3.39,2,4.4
0.0,96.7,35.9,5.41,0.0,5,8.41
17.49,98.1,48.8,6.5,0.37,1,9.13
4.47,93.8,17.6,5.93,0.0,2,0.0
2.23,93.3,85.4,9.11,0.13,3,34.09
0.12,64.7,94.7,5.2,0.0,3,58.78
9.92,92.6,78.9,6.39,3.56,1,56.67
4.11,92.3,60.7,4.36,14.54,3,0.0
3.27,91.0,48.3,8.97,0.0,2,13.77
15.8,99.4,97.9,9.01,3.59,4,9.68
0.0,86.4,71.7,5.07,3.79,5,13.64
11.29,98.2,38.4,4.57,0.0,1,44.63
5.76,92.4,77.4,9.41,10.25,3,0.0
0.0,56.8,96.0,6.7,9.62,5,44.96
17.93,96.1,46.2,9.8,0.0,4,0.0
0.0,87.4,53.3,6.33,1.76,5,14.4
0.05,82.3,98.4,4.34,0.0,4,169.51
15.65,94.2,79.4,9.05,0.0,4,13.52
3.0,97.6,57.2,6.51,6.3,2,0.0
0.0,47.4,24.5,6.01,0.0,5,77.87
1.3,98.4,36.2,6.49,0.0,3,36.44
5.53,96.5,79.4,6.19,0.0,3,4.72
15.66,90.6,89.9,4.9,2.49,4,5.41
0.0,87.6,62.9,5.0,0.0,5,14.15
0.0,93.6,32.7,6.41,0.0,5,9.41
13.33,93.9,74.3,5.76,13.29,4,0.0
1.35,93.1,35.5,4.67,0.0,2,24.17
0.05,65.5,73.3,9.69,0.0,4,169.45
0.0,86.8,46.0,4.45,3.53,5,12.23
0.23,72.4,65.5,6.23,0.0,4,167.72
0.0,98.3,63.9,9.52,0.0,5,14.39
5.45,93.7,45.8,6.92,0.0,1,105.39
16.63,90.5,27.7,9.31,0.0,4,3.73
0.0,81.2,42.1,6.03,0.0,5,41.39
3.38,93.0,46.6,9.2,3.94,3,16.63
0.0,97.2,62.3,5.51,0.0,5,8.51
1.04,92.9,58.7,5.49,0.0,2,28.06
13.7,95.5,84.9,6.43,7.74,1,5.87
0.01,56.3,36.9,4.78,0.0,3,59.92
15.07,96.6,15.4,4.05,1.95,1,0.0
4.02,93.9,73.2,4.84,0.0,3,7.84
2.6,90.4,27.9,6.93,0.0,3,23.93
4.78,91.1,99.6,6.48,0.0,3,9.48
0.0,88.2,93.1,5.17,2.57,5,10.28
15.21,98.3,55.9,8.72,0.0,4,13.47
11.01,94.6,52.4,9.02,0.0,4,59.68
0.25,66.4,28.9,5.66,4.39,4,167.48
16.53,98.3,65.3,5.77,4.61,4,4.16
3.79,99.6,32.8,5.28,0.0,3,10.34
2.61,94.2,16.1,6.13,0.0,2,2.6
5.1,90.5,48.7,4.47,0.0,3,7.47
0.35,70.3,27.9,9.94,0.0,1,196.51
3.61,97.1,54.1,6.0,0.0,2,9.0
2.21,94.2,66.7,6.87,0.29,2,17.45
3.58,94.0,41.4,5.58,11.69,3,0.0
2.47,92.1,25.7,8.61,0.0,2,3.89
3.93,93.5,75.1,9.55,4.87,3,9.59
0.0,89.4,67.4,6.09,3.32,5,7.34
0.0,83.3,93.4,6.31,0.16,5,34.47
0.36,59.1,47.1,5.59,1.0,2,46.39
16.33,95.6,85.6,9.19,13.25,4,0.0
0.08,64.1,50.0,5.36,3.39,1,199.22
0.0,85.9,87.7,5.36,0.22,5,18.83
0.0,47.8,20.5,5.34,0.0,5,76.81
0.0,94.0,66.7,5.55,0.0,5,8.55
3.21,94.7,91.7,9.4,1.89,2,12.09
0.34,51.0,64.1,4.54,0.0,3,56.61
14.59,91.4,80.4,9.38,0.0,4,19.0
1.31,92.3,83.5,8.7,8.27,3,13.96
3.51,99.6,28.0,5.38,0.0,3,13.27
0.25,51.9,78.5,6.25,2.29,4,167.48
0.0,88.9,30.0,5.53,3.29,5,8.16
15.78,92.6,38.0,8.99,9.61,4,0.0
16.86,92.2,37.6,6.28,0.0,1,9.28
0.0,80.4,23.1,5.13,8.59,5,6.37
0.22,70.2,37.0,6.13,2.54,2,47.83
0.0,92.2,75.6,4.51,0.0,5,7.51
1.78,93.9,99.7,5.45,0.8,2,19.88
0.0,94.2,75.1,6.93,0.0,5,9.93
0.0,51.5,32.4,5.88,2.27,1,199.98
4.16,98.0,56.9,5.2,0.0,2,8.2
0.18,55.6,88.0,9.2,0.0,4,168.2
3.24,93.6,61.5,9.49,15.88,2,0.0
15.02,90.1,27.0,5.17,2.26,1,0.0
0.0,59.0,34.5,6.0,9.0,5,41.97
0.2,79.9,63.0,5.72,0.0,2,47.97
4.1,95.2,88.0,6.57,15.08,3,0.0
0.39,82.4,32.8,5.75,0.0,2,46.09
0.0,91.9,95.2,5.32,0.0,5,8.32
4.53,91.6,99.1,9.63,7.3,3,2.45
0.24,74.2,23.7,5.27,7.25,2,22.16
2.06,91.1,82.5,6.16,0.0,2,18.6
0.0,89.7,21.9,9.74,0.74,5,2.94
0.0,89.1,26.7,6.41,0.0,5,2.36
14.12,95.3,32.1,9.88,0.0,4,24.97
19.75,90.6,39.7,5.57,0.0,1,2.49
11.25,96.6,71.6,9.5,6.18,4,20.16
3.69,91.9,96.3,5.88,4.19,3,7.76
2.47,92.9,77.8,5.36,4.74,2,8.87
0.0,87.6,92.0,6.87,0.0,5,16.1
4.7,98.0,78.6,9.27,4.3,2,2.97
11.75,99.0,91.6,5.87,1.29,4,40.08
0.0,93.0,19.5,7.0,0.0,5,0.0
16.78,94.7,61.3,9.04,0.0,4,2.21
5.85,99.7,62.1,5.1,6.94,1,37.07
0.0,93.7,46.1,6.58,0.0,5,9.58
0.39,54.6,38.0,6.23,7.18,2,46.14
0.0,89.3,88.0,6.68,8.56,5,0.0
0.06,73.8,41.0,8.75,2.62,4,169.37
14.99,97.1,53.9,5.78,0.0,1,8.88
2.52,95.5,81.6,6.29,10.49,2,0.0
0.0,95.5,41.7,6.36,4.52,5,4.84
14.13,98.0,69.1,9.38,2.26,4,21.65
15.08,99.6,25.8,6.71,6.11,4,0.0
12.06,90.5,37.6,8.86,0.0,4,47.41
16.28,97.6,68.8,6.79,6.97,1,0.0
12.48,98.7,75.6,5.75,3.57,1,30.36
1.23,94.8,86.3,9.27,1.0,2,33.31
9.55,95.4,95.2,6.31,3.59,1,60.27
3.54,90.4,60.3,4.27,0.0,2,7.27
0.35,62.4,57.5,8.93,3.07,4,166.48
0.0,97.0,16.7,8.65,3.92,5,0.0
0.1,81.6,86.0,5.79,0.0,4,168.99
1.21,95.1,28.9,5.48,10.16,2,0.0
16.19,92.9,60.1,6.33,1.22,4,8.11
13.41,90.4,89.7,9.86,0.0,4,33.07
4.26,96.8,95.3,6.3,5.39,3,0.0
15.65,91.9,33.2,6.05,1.82,4,7.23
0.07,50.7,21.9,4.04,8.7,1,68.49
0.0,66.0,64.7,5.69,13.72,5,0.0
8.21,99.7,51.1,8.52,5.58,4,33.97
17.82,98.4,18.1,6.19,2.11,1,0.0
0.39,58.5,29.6,5.9,0.0,2,46.08
16.39,92.4,17.0,5.57,0.0,1,0.0
16.02,92.9,53.4,9.36,0.0,4,9.76
4.16,95.5,93.8,4.55,0.0,3,7.55
0.0,90.1,23.3,6.11,0.0,5,0.0
3.26,98.3,77.4,5.12,1.36,2,6.76
3.51,94.9,27.9,5.94,0.0,2,8.94
2.78,98.4,50.7,9.29,0.0,3,28.17
14.27,96.4,54.4,5.7,8.33,4,3.08
0.0,89.7,93.4,9.1,2.69,5,11.75
0.0,90.4,16.0,5.85,0.0,5,0.0
11.5,95.8,26.5,6.42,0.0,4,22.2
0.0,74.7,22.3,6.85,7.17,5,11.01
6.35,91.6,80.4,8.5,10.07,4,0.0
0.0,88.9,33.0,9.07,0.0,5,17.14
0.0,89.8,90.0,4.4,0.0,5,8.0
3.83,92.5,75.1,4.91,0.0,3,9.57
1.92,93.3,18.0,8.53,0.0,2,5.13
15.94,97.8,82.2,6.07,0.0,4,9.07
2.21,97.6,27.0,6.33,0.0,2,3.44
0.18,57.8,43.2,5.23,4.63,2,48.21
1.2,99.3,91.8,4.04,0.0,2,24.99
15.57,92.8,66.4,5.58,0.0,4,8.58
3.03,95.2,65.5,5.55,5.22,2,0.0
2.55,99.8,79.8,5.31,0.0,2,12.79
0.0,94.5,34.1,6.5,2.48,5,7.02
0.32,74.4,44.7,6.41,0.0,1,196.77
15.6,97.5,88.0,5.02,0.0,4,8.02
1.33,92.2,85.5,6.16,0.0,3,35.83
0.0,90.1,61.3,6.55,0.0,5,9.55
1.98,91.0,72.3,4.2,1.18,3,26.19
1.96,99.3,61.3,8.55,0.0,3,36.72
15.55,91.7,70.8,5.0,7.14,4,0.0
1.12,96.1,22.8,6.07,0.0,2,5.57
11.26,90.4,15.9,5.74,0.0,1,9.23
0.27,51.4,67.6,5.94,9.2,3,57.28
3.56,90.2,31.6,9.83,0.0,3,19.79
0.0,92.6,33.6,4.59,0.0,5,7.59
16.5,92.7,45.3,5.38,0.0,4,5.0
3.46,98.2,71.5,5.79,0.0,2,8.79
0.0,91.1,47.2,5.57,4.61,5,3.96
1.72,96.1,44.0,9.99,1.41,2,28.04
14.15,92.5,41.5,5.64,4.82,4,12.31
3.3,91.1,97.4,5.5,0.0,2,8.5
15.94,93.0,41.7,6.5,0.0,4,9.5
0.14,69.5,69.6,5.2,4.25,2,48.65
4.64,95.6,85.4,4.29,5.61,3,0.0
3.06,99.5,52.7,6.57,0.73,2,8.84
15.29,94.7,88.7,4.12,3.41,4,3.71
5.94,98.5,73.9,6.74,0.5,1,99.8
13.66,97.2,87.5,9.28,6.78,4,8.67
3.52,92.0,42.5,5.71,0.0,2,8.71
1.32,91.4,36.5,5.37,0.0,2,25.19
3.81,96.9,70.1,9.52,0.0,2,11.87
15.5,96.4,96.7,5.03,0.31,1,7.72
14.63,97.8,61.2,5.07,0.0,1,11.74
0.38,78.9,84.6,6.75,0.0,1,196.15
14.77,90.7,95.9,5.55,1.28,1,9.56
7.8,92.2,41.3,5.21,0.0,1,80.22
0.39,80.6,54.0,5.32,0.0,1,196.12
14.09,90.6,15.1,6.52,0.0,1,3.72
0.0,94.9,29.1,6.15,0.0,5,9.15
4.9,91.5,87.5,6.42,0.0,3,9.42
2.53,91.7,96.5,5.96,4.26,3,19.43
0.0,91.4,96.5,5.66,17.24,5,0.0
0.0,47.9,88.2,8.95,1.47,5,179.43
0.0,97.5,33.3,6.95,3.58,5,6.38
0.02,55.4,46.6,8.55,0.0,4,169.83
3.28,99.4,91.3,5.57,0.0,3,15.78
8.89,98.4,46.0,5.45,1.01,1,68.53
16.29,97.9,43.3,5.35,0.0,4,7.05
0.28,68.7,58.6,5.53,5.52,2,47.19
16.77,100.0,23.0,5.39,0.0,4,2.3
18.61,91.0,43.2,5.4,0.0,1,8.4
1.11,97.6,42.1,9.06,0.0,3,47.06
4.18,93.1,34.3,6.09,0.0,3,9.09
0.0,91.4,22.0,6.96,9.32,5,0.0
1.88,90.6,85.8,9.73,0.0,3,38.98
15.1,98.9,58.5,5.48,0.84,4,7.64
0.01,61.2,59.5,5.68,7.68,1,124.28
4.06,94.1,86.0,9.6,0.0,3,14.49
16.17,91.6,28.5,5.03,17.84,4,0.0
11.37,95.4,39.9,4.39,0.0,1,43.65
0.0,81.5,87.0,6.64,3.24,5,37.2
17.53,99.0,77.1,9.68,0.0,4,0.0
12.61,99.9,66.7,6.72,0.0,1,33.61
0.14,81.1,45.5,6.59,0.22,2,48.64
4.18,97.5,51.1,6.52,2.68,3,6.84
3.12,99.3,50.4,5.86,0.0,2,8.86
3.26,90.2,95.7,6.09,9.03,3,2.97
1.02,90.1,85.9,9.25,0.0,2,36.85
6.95,91.5,59.9,4.52,0.0,4,88.04
16.06,93.0,48.5,8.71,0.0,4,9.43
0.36,80.6,25.4,5.52,0.0,3,55.89
0.37,76.8,18.8,5.44,0.0,2,46.28
18.02,94.1,44.4,4.97,0.0,1,7.97
4.58,95.9,55.4,9.84,0.0,3,14.19
0.23,80.3,73.3,6.58,0.0,4,167.68
0.39,66.4,89.7,6.16,1.73,3,56.05
0.37,79.7,55.3,5.73,2.07,3,56.34
7.62,90.2,37.8,6.75,1.98,4,81.58
3.39,97.7,40.8,5.55,0.0,3,14.63
15.29,90.4,45.2,5.27,4.7,4,3.57
12.26,97.1,94.2,5.4,4.15,1,31.64
1.17,93.2,20.0,6.86,0.0,2,5.63
2.05,92.6,54.8,6.94,0.0,2,19.42
4.12,99.6,67.8,4.34,3.07,3,4.27
4.81,95.1,60.2,5.93,0.0,3,8.93
16.47,98.9,78.1,5.71,0.0,1,8.71
0.0,85.7,89.9,5.53,13.24,5,0.0
12.24,94.1,87.2,8.81,0.0,4,45.34
4.35,98.0,35.4,9.95,3.62,3,10.73
3.41,92.8,93.8,5.87,0.0,2,8.87
16.41,96.4,81.9,5.81,0.0,4,5.95
15.02,91.2,34.4,6.5,0.0,1,9.5
15.79,94.8,48.3,9.62,4.1,4,9.8
2.0,92.8,42.6,9.65,8.61,2,6.45
0.0,48.6,53.9,5.09,0.0,5,150.55
15.34,92.9,70.8,5.32,0.0,1,8.32
0.02,74.6,48.0,4.49,8.23,2,42.73
5.96,97.4,73.1,8.58,0.0,4,110.39
0.17,82.0,16.9,4.33,0.0,1,124.17
3.16,93.4,50.2,5.52,0.0,2,8.52
3.24,94.6,84.3,5.73,0.0,2,8.73
6.88,90.7,47.9,5.44,0.0,1,89.63
1.35,98.6,64.4,9.51,2.94,2,29.94
15.47,91.5,72.2,9.87,16.21,4,0.0
0.0,94.0,40.6,5.75,6.18,5,0.0
14.58,90.4,58.4,8.53,0.0,4,18.1
9.07,97.2,48.3,9.75,4.76,4,77.44
13.68,94.9,50.2,6.5,0.0,1,22.7
13.83,95.1,53.5,5.25,0.0,4,19.9
2.99,98.1,79.9,6.83,0.0,2,9.92
0.0,87.3,43.8,5.47,0.0,5,15.57
5.85,99.8,40.6,4.43,2.21,4,96.74
0.35,79.5,95.3,5.08,10.92,2,0.0
3.96,98.4,84.4,5.69,0.0,3,9.05
0.09,52.6,22.2,5.53,0.0,2,49.13
2.85,94.9,52.0,4.59,0.0,2,9.06
2.74,96.8,62.9,8.55,0.0,2,16.25
3.97,92.2,92.8,5.79,15.3,2,0.0
1.51,92.5,43.1,5.26,6.99,2,6.45
12.16,97.8,27.3,6.32,0.0,4,18.85
4.43,91.8,85.8,5.98,0.0,2,5.7
12.8,93.6,66.5,9.94,0.0,4,40.22
8.99,97.4,95.0,5.24,0.0,1,68.38
0.0,84.0,91.9,5.89,6.19,5,9.58
18.44,97.3,19.4,4.35,19.96,1,0.0
0.0,85.8,99.9,6.01,10.58,5,0.0
15.06,98.1,85.8,9.55,0.0,4,14.43
0.0,86.1,76.6,6.76,0.49,5,19.46
0.0,87.6,95.9,6.46,0.0,5,15.64
0.14,61.7,40.1,5.21,4.89,4,168.63
16.0,92.5,31.6,8.63,0.0,4,10.04
0.12,75.9,36.2,5.5,0.0,2,48.81
3.92,95.5,45.3,9.48,0.0,3,15.26
0.35,82.2,77.1,6.76,0.0,2,46.49
0.13,66.4,57.3,6.41,0.0,1,198.7
3.42,91.3,45.4,6.88,1.57,2,8.3
14.26,96.5,16.6,5.71,1.08,1,3.01
2.77,97.9,32.9,6.57,15.47,2,0.0
4.56,90.1,62.8,6.68,0.0,3,9.68
0.26,76.3,35.5,9.5,0.0,4,167.43
0.25,79.2,21.4,5.79,0.0,2,47.53
0.0,63.0,90.0,5.8,0.0,1,199.97
2.46,96.0,77.1,6.61,0.86,2,14.17
12.75,92.1,43.0,5.59,3.32,4,27.73
0.0,94.8,52.8,6.57,0.0,5,9.57
19.28,94.0,74.0,5.33,12.36,1,0.0
4.61,90.9,71.1,5.29,0.0,3,8.29
0.0,87.4,30.2,5.61,19.73,5,0.0
1.84,91.6,23.6,4.4,0.0,2,3.8
8.23,98.0,67.5,6.3,0.53,1,76.47
3.15,92.9,71.2,9.46,0.25,2,14.04
3.42,100.0,28.1,5.73,0.0,3,14.56
16.26,91.0,52.7,8.98,4.36,4,7.39
1.28,92.6,79.4,6.29,8.72,2,7.1
0.0,75.6,18.4,4.83,0.0,5,29.35
3.98,99.6,29.9,5.28,7.54,3,0.0
4.73,99.3,30.7,6.55,0.0,3,9.55
2.73,90.8,43.7,4.24,5.28,2,0.0
2.46,95.2,50.3,5.8,0.37,2,13.81
8.25,90.8,85.5,6.31,2.73,1,74.03
0.0,58.6,62.5,6.78,0.0,5,118.92
0.06,76.9,30.5,8.95,0.0,4,169.39
1.08,90.1,85.3,6.03,0.0,2,28.27
3.25,90.4,34.0,5.94,1.87,3,14.59
4.77,99.3,54.8,4.05,4.06,3,2.99
10.02,91.0,66.1,6.47,3.18,1,56.14
13.9,94.5,46.9,9.12,0.0,1,26.56
0.05,72.7,72.8,5.04,0.0,2,49.5
1.25,95.3,31.8,5.28,2.81,2,23.0
0.0,91.1,91.1,6.71,19.33,5,0.0
0.12,53.7,47.6,8.5,13.01,2,0.0
0.0,93.6,76.7,5.11,0.0,5,8.11
0.0,88.4,98.8,4.23,9.24,5,0.0
0.07,66.1,71.1,6.74,0.0,4,169.31
4.16,97.3,15.4,8.54,0.0,3,6.63
0.0,88.7,71.6,4.29,1.26,5,9.49
0.32,69.9,44.9,9.47,3.1,2,46.8
0.23,78.6,91.0,6.96,0.0,3,57.74
0.0,97.4,41.4,9.39,0.0,5,14.25
8.38,97.0,45.8,4.9,6.37,1,27.09
14.19,95.5,60.2,9.44,19.05,4,0.0
2.28,98.9,44.8,6.78,4.67,2,12.33
0.0,90.4,27.3,5.15,2.53,5,0.0
17.83,93.3,95.5,5.6,0.0,1,8.6
0.1,61.9,92.4,4.77,0.0,4,168.97
16.01,94.8,40.1,6.3,0.0,4,9.3
0.32,51.3,98.7,9.82,1.6,4,166.76
12.24,92.2,69.7,4.77,9.98,4,10.15
16.49,97.3,41.6,6.77,0.0,1,9.77
8.94,94.8,73.1,6.47,0.0,4,70.07
3.03,96.8,86.8,9.25,2.54,2,11.17
2.8,94.5,84.3,5.36,0.0,2,10.37
0.0,89.7,60.2,4.94,0.0,5,8.75
4.57,90.5,68.0,9.37,0.0,2,4.27
2.68,99.6,86.7,5.2,0.0,2,11.44
2.66,94.6,64.0,6.02,0.0,2,12.37
3.41,95.4,20.4,5.07,0.47,3,6.77
3.75,90.4,43.2,8.73,0.0,3,16.35
0.35,78.0,33.9,9.05,3.23,3,56.52
0.0,90.9,43.4,4.25,13.75,5,0.0
3.73,96.6,71.7,5.86,19.68,2,0.0
1.03,94.7,59.5,9.12,3.91,2,32.08
0.0,60.5,79.5,9.32,6.44,3,59.96
0.0,47.6,54.4,5.01,0.0,5,153.67
17.7,91.0,69.4,6.61,8.69,1,0.0
0.0,86.1,33.0,5.37,0.0,5,18.59
0.0,61.2,20.2,5.83,0.0,5,54.41
0.0,70.0,49.9,5.07,0.0,5,77.97
2.93,94.9,83.4,6.93,0.0,2,10.68
13.23,99.5,30.2,8.52,0.0,4,33.62
14.14,95.5,98.2,9.63,4.36,4,19.45
2.33,92.9,72.6,5.73,0.0,2,15.41
17.27,96.6,39.0,6.29,0.0,1,9.29
0.0,87.9,74.6,6.15,0.94,5,13.68
3.52,99.3,91.9,9.04,0.0,2,13.84
3.07,92.5,24.9,6.62,0.0,2,0.0
4.47,97.5,34.1,5.52,0.0,2,5.34
4.8,92.7,60.0,6.2,13.41,3,0.0
7.94,92.9,58.6,6.3,0.0,1,79.94
13.51,94.5,48.0,6.2,0.0,1,24.05
0.14,79.2,43.0,6.45,0.0,4,168.64
2.98,94.6,91.1,9.23,0.0,3,25.82
4.65,93.2,25.7,6.62,18.77,3,0.0
5.52,90.3,83.2,5.91,0.0,1,103.74
6.19,96.6,49.2,5.66,0.0,1,96.77
2.34,97.4,72.2,6.46,7.17,2,3.57
1.35,96.5,96.8,5.96,0.0,2,25.46
0.38,70.7,15.8,9.7,13.93,3,0.0
0.0,89.8,35.1,8.86,3.57,5,10.11
14.23,95.3,45.7,9.94,9.52,4,5.11
0.25,69.1,72.1,8.6,0.0,3,57.46
0.21,79.6,98.4,5.14,1.63,1,197.94
16.32,100.0,24.9,8.73,10.93,4,0.0
0.0,98.9,42.1,6.48,0.53,5,8.95
16.81,93.4,18.8,6.38,0.0,1,0.0
16.52,96.2,16.7,9.93,0.0,4,4.82
0.09,63.2,83.3,9.77,0.0,3,59.12
0.0,91.0,37.8,5.53,10.3,5,0.0
16.88,93.4,96.3,6.54,8.72,1,0.0
11.29,92.7,79.6,6.84,14.52,4,0.0
0.0,69.0,78.2,6.97,0.0,5,84.09
6.18,91.6,84.9,5.33,18.02,1,0.0
3.95,98.1,51.1,5.64,3.72,2,4.91
3.55,95.0,45.3,4.91,8.1,2,0.0
2.84,96.7,17.4,5.4,0.0,3,10.0
0.0,89.0,52.7,6.31,0.0,5,11.91
0.4,61.9,98.5,9.49,8.69,4,143.42
5.83,96.8,61.4,9.66,17.57,3,0.0
3.54,96.3,40.2,9.2,0.86,3,18.3
5.71,92.5,72.2,5.37,0.0,1,101.25
5.88,91.1,83.3,5.78,9.48,4,36.19
1.08,99.4,71.1,6.72,7.38,3,12.6
0.0,60.0,45.0,9.66,0.0,5,135.68
17.88,90.8,18.6,6.88,0.0,1,0.0
0.0,86.6,17.1,6.32,1.75,5,3.29
0.0,88.6,82.7,6.53,0.87,5,12.27
3.82,94.0,53.4,4.83,0.0,3,9.65
0.08,84.9,64.3,5.43,0.0,3,59.19
16.72,93.4,40.1,4.29,1.73,4,2.8
0.0,81.6,86.5,9.54,2.0,5,48.51
0.0,88.8,60.9,6.1,0.0,5,12.15
0.37,64.6,99.4,6.64,0.0,3,56.32
17.19,95.4,99.8,5.14,1.48,1,6.65
0.0,85.9,89.3,6.25,0.0,5,19.92
15.2,94.0,97.1,5.89,2.77,1,6.12
1.81,95.1,81.4,5.8,11.32,2,0.0
0.26,82.8,94.8,5.44,0.0,1,197.36
0.0,63.2,74.8,4.16,4.79,5,93.61
0.22,66.0,91.0,4.95,3.05,4,167.79
8.03,99.5,95.4,4.8,0.0,4,77.46
3.13,99.3,57.5,6.54,0.0,2,9.54
5.79,90.9,24.6,6.55,6.17,3,0.0
2.37,98.7,24.0,5.9,0.0,2,3.04
11.98,97.0,71.2,9.95,0.0,4,49.57
0.0,91.1,63.7,6.41,12.06,5,0.0
2.55,93.0,79.7,8.74,2.61,2,15.67
8.49,97.1,16.3,5.93,0.0,4,37.01
1.35,92.4,31.7,6.96,0.0,2,26.49
1.33,98.3,32.4,9.4,2.41,3,42.15
14.19,98.0,38.5,6.45,0.0,1,17.59
12.31,96.1,46.3,9.22,7.28,4,14.64
2.61,99.4,27.3,6.21,18.91,2,0.0
0.22,52.1,80.4,5.89,0.0,3,57.81
16.92,99.3,74.0,5.68,0.53,1,8.16
3.95,95.7,98.9,9.07,8.87,3,0.0
16.81,94.5,39.6,6.28,0.0,4,0.0
0.0,71.3,30.5,4.17,0.0,5,72.64
14.78,91.9,43.9,8.82,9.14,4,2.23
13.88,94.9,42.9,4.83,0.51,4,18.5
13.26,97.4,41.5,6.68,2.87,1,24.17
0.24,82.2,96.9,9.02,0.0,3,57.65
0.0,91.4,69.5,9.42,5.0,5,8.53
4.02,95.7,99.5,5.33,0.0,2,8.33
0.1,80.5,53.3,9.42,0.0,1,199.05
2.49,91.5,44.4,5.75,8.56,2,2.13
4.67,99.7,29.5,8.73,17.97,3,0.0
16.39,94.4,34.1,9.27,9.98,4,0.0
15.91,97.6,15.0,5.03,8.87,1,0.0
11.59,94.4,67.1,5.31,0.0,1,42.44
1.25,99.7,68.3,6.07,0.0,2,26.59
0.0,83.1,56.9,6.84,0.0,5,35.99
0.3,70.9,47.0,5.29,1.18,3,56.97
13.13,98.7,52.4,6.67,0.0,1,28.39
0.0,91.4,63.0,5.79,7.62,5,0.0
12.84,99.8,93.0,5.98,0.0,1,30.62
3.2,96.4,98.4,8.52,0.0,2,13.24
4.47,99.1,20.3,5.28,1.54,3,3.37
0.0,93.5,42.6,5.79,1.89,5,6.9
5.84,91.8,29.3,9.22,0.57,3,0.0
5.78,98.9,89.3,6.17,7.92,1,37.36
15.12,90.4,49.6,5.06,7.66,1,0.0
0.0,87.3,71.3,6.28,1.92,5,14.4
0.0,97.2,97.3,5.66,8.26,5,0.0
3.61,99.8,53.4,4.86,0.0,2,7.86
10.16,97.1,22.4,6.8,2.47,1,11.14
2.22,92.0,74.4,6.89,0.0,3,27.69
12.69,93.7,96.9,6.72,0.0,1,32.83
2.36,90.4,46.6,8.79,2.18,3,29.9
4.64,99.9,39.0,4.76,13.72,2,0.0
17.58,91.3,43.7,4.27,5.46,1,0.0
15.75,91.4,69.1,5.93,0.0,1,8.93
0.0,88.5,30.7,6.6,6.38,5,2.8
2.51,96.2,75.2,9.46,0.0,2,19.93
9.89,98.2,84.8,9.26,0.0,4,71.06
16.14,92.6,98.1,4.91,1.14,4,6.77
0.0,80.9,29.6,5.85,0.0,5,42.2
15.31,99.2,92.7,9.18,0.0,4,14.01
0.34,55.7,29.7,4.9,0.0,4,166.59
0.14,61.8,48.4,5.56,8.56,4,122.95
0.3,77.2,15.3,5.77,2.21,4,131.86
18.32,90.2,47.3,6.03,0.0,1,9.03
0.08,51.4,26.8,5.31,4.16,1,173.91
17.04,98.4,50.7,6.76,0.0,1,9.76
17.25,91.7,55.5,6.55,4.91,1,4.65
0.23,52.3,55.2,9.94,3.09,4,167.71
12.27,92.0,68.3,6.07,0.0,1,36.36
0.0,64.0,63.6,6.89,6.91,5,36.74
5.91,98.7,53.6,6.19,6.79,1,37.31
9.8,92.7,82.0,6.08,0.0,4,61.04
0.0,59.8,26.5,6.79,0.0,5,57.41
11.64,94.5,88.0,6.39,3.99,1,39.06
18.0,95.0,15.2,5.38,5.35,4,0.0
5.56,92.2,56.6,6.15,5.54,1,39.19
9.61,93.2,24.9,5.66,0.0,4,31.3
2.35,98.5,20.9,8.97,12.14,3,0.0
16.87,94.0,59.2,4.78,0.0,4,0.0
0.12,78.6,27.0,5.53,0.0,1,130.84
0.0,84.9,54.6,6.74,9.42,5,7.04
0.0,89.0,78.9,8.67,6.9,5,3.41
4.2,95.8,83.5,9.09,0.0,2,7.96
3.23,90.5,77.6,6.13,0.0,2,9.13
16.17,99.4,68.7,9.46,0.0,4,8.32
14.57,92.6,23.5,6.95,9.99,4,0.0
15.31,98.2,83.7,6.94,17.52,1,0.0
1.63,91.2,29.6,8.66,11.93,2,0.0
2.63,96.7,80.3,6.08,0.0,3,22.77
0.07,58.2,91.4,6.24,0.0,4,169.3
4.42,99.4,98.5,5.14,2.03,3,6.11
0.0,91.1,87.2,5.76,0.63,5,8.13
4.07,93.2,61.9,6.7,1.36,2,8.34
12.64,99.3,75.6,5.03,0.0,1,31.6
0.0,90.2,27.2,6.23,0.0,5,0.0
9.09,95.3,38.4,4.55,8.09,1,23.43
0.0,89.6,53.2,6.24,0.0,5,10.18
0.0,91.5,41.9,5.78,0.0,5,8.78
1.97,94.4,95.5,5.42,0.0,2,18.75
13.88,99.5,96.3,6.23,0.66,1,19.8
0.0,81.0,66.3,6.52,14.86,5,0.0
0.1,56.1,41.9,5.23,0.0,1,199.0
0.38,76.9,92.3,5.79,1.63,4,166.18
0.2,73.7,75.4,5.15,0.0,1,198.01
0.16,73.0,67.4,4.1,0.0,3,58.45
12.11,94.3,69.1,8.92,0.0,4,46.93
0.19,58.1,47.3,6.61,0.0,1,198.11
4.42,95.1,24.4,6.72,2.66,3,3.53
12.62,96.0,23.8,5.14,0.0,4,15.96
2.29,99.8,48.0,5.66,8.31,3,7.0
0.26,59.0,36.3,6.63,0.0,4,167.39
5.59,95.7,91.1,9.25,8.68,4,44.93
0.19,72.1,85.7,6.87,4.1,3,58.14
4.04,96.6,51.5,6.15,0.0,3,9.15
3.25,94.4,60.4,5.09,9.85,2,0.0
3.27,91.2,93.8,6.05,0.0,2,9.05
0.0,68.9,38.7,6.14,0.0,5,83.26
3.55,94.4,49.8,5.94,0.0,3,13.41
0.38,69.0,36.0,6.57,1.78,1,196.2
8.1,95.9,65.2,4.71,0.0,4,76.68
0.0,93.2,66.0,8.72,0.26,5,13.18
3.58,94.1,64.6,6.43,0.0,2,9.43
16.36,98.0,29.2,4.16,8.54,1,0.0
0.0,57.1,21.8,5.08,0.65,5,60.49
3.54,99.9,49.4,6.49,4.93,3,9.18
0.0,65.7,28.2,5.45,5.47,5,34.47
0.02,78.2,40.3,5.19,8.39,2,38.25
15.77,95.1,72.3,6.16,12.65,4,0.0
15.85,99.9,83.3,5.82,11.72,1,0.0
3.16,93.0,38.9,6.53,0.0,2,9.53
14.88,93.1,67.2,4.97,3.34,4,5.79
4.52,97.1,16.0,5.99,1.8,3,3.6
0.0,86.8,48.3,5.62,0.0,5,17.01
12.45,90.4,70.8,9.09,0.0,4,43.21
3.12,90.9,92.5,5.74,0.0,2,8.74
16.56,91.6,49.7,5.2,0.0,4,4.36
7.24,97.9,96.8,6.38,8.61,1,31.34
16.32,92.5,52.9,4.34,0.0,1,7.34
2.99,96.4,59.3,5.86,7.07,2,0.0
12.38,92.4,96.0,8.81,0.62,4,42.98
0.01,66.8,39.8,9.55,7.03,3,59.88
4.56,91.3,74.3,6.14,8.46,3,0.0
0.0,87.8,59.0,5.45,3.67,5,10.38
12.82,96.1,90.9,6.7,0.0,4,31.45
16.41,99.8,53.9,9.7,4.61,4,5.94
3.6,98.4,37.2,6.44,0.0,2,9.44
0.33,78.6,98.2,6.22,0.0,1,196.66
0.0,94.2,83.4,5.24,0.0,5,8.24
0.0,53.3,53.5,5.78,10.27,5,0.0
0.0,94.0,98.6,6.45,0.0,5,9.45
1.81,94.4,28.9,5.41,18.77,2,0.0
0.34,76.7,82.2,4.0,0.0,3,56.57
14.13,90.4,70.4,6.01,0.0,1,17.69
0.08,58.2,59.1,5.02,0.0,1,199.21
16.96,90.6,40.2,4.62,0.0,4,0.0
0.27,74.2,17.2,6.43,0.0,2,47.31
8.41,93.4,90.7,5.1,0.0,1,74.02
13.97,95.0,53.2,5.65,0.0,1,18.92
1.34,90.6,45.6,5.61,15.45,2,0.0
0.0,90.7,47.5,4.14,0.0,5,7.14
0.0,85.1,51.7,6.89,0.0,5,22.63
3.7,96.4,52.2,5.11,0.0,3,11.09
0.29,66.7,38.4,8.73,1.83,2,47.12
0.0,90.6,93.6,5.82,0.0,5,8.82
0.35,62.9,49.7,8.74,0.0,4,166.49
0.0,96.6,40.0,6.18,0.0,5,9.18
0.0,75.5,69.3,5.39,0.0,5,59.99
16.91,94.6,64.6,4.74,11.43,4,0.0
3.12,90.5,50.5,5.93,0.0,2,8.93
3.35,95.2,85.7,5.43,0.0,2,8.43
1.22,99.8,73.7,6.69,17.73,2,0.0
0.0,93.2,79.2,6.9,9.38,5,0.0
1.52,94.1,97.1,9.01,0.0,3,42.29
4.17,95.8,59.6,6.84,0.0,3,9.84
12.4,98.7,80.8,6.21,19.42,4,0.0
14.49,92.8,32.9,6.5,1.7,1,12.91
0.0,78.8,23.8,5.04,7.03,5,7.82
4.34,91.5,19.5,5.57,0.0,3,4.28
5.23,95.1,82.1,4.16,0.0,1,104.83
3.55,90.1,76.9,6.76,0.0,2,9.76
15.53,95.0,91.8,8.91,0.0,4,13.7
4.44,97.3,62.6,9.2,1.34,2,5.62
0.0,88.3,39.0,5.34,0.0,5,12.78
8.75,99.9,65.5,9.49,0.68,1,85.5
3.04,91.9,63.0,6.47,0.0,3,19.09
1.99,96.4,92.5,6.35,0.0,3,29.48
0.0,87.5,52.6,6.15,0.0,5,15.57
2.74,98.2,82.8,5.56,0.0,2,11.11
0.17,75.3,23.1,6.36,2.09,2,48.35
12.83,96.9,84.9,5.37,0.0,1,30.04
12.9,99.3,76.4,5.89,12.31,1,0.0
0.0,81.4,39.3,5.45,0.0,5,39.91
0.0,57.8,74.2,6.49,15.09,5,0.0
3.57,91.5,87.4,6.4,0.0,3,13.74
0.06,83.9,37.2,6.27,0.68,2,49.44
17.9,98.7,86.2,5.19,7.58,4,0.0
0.0,89.7,79.3,5.27,3.91,5,5.11
0.0,83.4,39.5,5.0,9.1,5,8.37
1.74,98.1,35.4,5.91,0.0,2,21.52
4.36,96.2,41.3,6.52,1.95,2,6.37
15.52,97.4,98.4,6.48,3.31,1,6.18
15.04,95.1,63.4,5.02,3.76,1,4.26
0.0,85.1,19.6,5.73,4.56,5,3.38
3.31,93.4,98.1,6.2,0.0,2,9.2
0.0,89.8,34.0,5.62,7.85,5,0.0
4.26,98.8,23.9,6.93,7.73,2,0.0
9.57,96.1,75.4,8.74,0.74,4,74.34
16.46,97.4,71.2,9.45,7.89,4,2.1
0.0,93.7,82.9,5.71,18.19,5,0.0
6.49,90.8,87.9,4.33,5.69,4,34.7
2.76,90.7,15.1,4.77,9.23,2,0.0
1.17,95.5,91.3,9.55,0.49,2,34.91
0.0,74.4,64.2,9.95,0.0,5,80.12
0.0,84.4,17.9,6.51,0.0,5,15.63
0.03,80.8,92.3,6.14,16.17,1,0.0
19.31,91.3,39.0,5.06,0.0,1,6.91
1.23,95.2,42.5,5.98,0.0,3,36.68
0.24,74.4,96.9,5.33,0.0,1,197.55
8.57,92.7,63.6,9.62,1.45,4,84.34
4.45,90.6,76.3,5.07,3.15,3,4.92
0.0,92.8,99.0,6.88,0.77,5,9.11
3.26,97.8,78.5,9.1,3.37,2,10.04
0.28,52.4,56.4,4.89,0.33,4,167.16
0.1,58.9,31.0,9.56,0.0,4,168.98
16.07,95.2,77.4,6.13,6.5,1,0.0
2.7,96.1,60.7,6.34,0.0,2,12.35
5.08,90.1,33.5,8.87,8.94,4,47.0
0.0,78.7,39.6,6.66,7.23,5,16.61
0.0,90.2,37.1,8.7,8.49,5,0.0
0.23,63.3,49.9,5.21,1.59,2,47.73
0.0,89.1,52.8,6.61,0.0,5,11.87
5.78,94.2,75.2,6.41,15.57,3,0.0
18.26,90.1,58.1,4.55,0.0,1,7.55
0.0,93.7,96.1,5.26,0.0,5,8.26
13.54,91.3,57.8,9.22,1.76,4,28.86
0.0,91.8,69.8,5.34,8.65,5,0.0
13.29,97.2,66.3,9.42,0.0,4,33.97
0.0,54.6,38.9,6.72,0.0,5,132.28
12.16,90.1,93.7,5.52,0.0,1,36.94
0.0,97.7,75.7,5.49,0.0,5,8.49
16.9,91.9,61.3,6.61,0.0,1,9.61
1.77,91.9,51.4,6.02,0.0,2,21.3
15.93,93.1,40.0,8.72,16.72,4,0.0
0.0,84.5,78.9,5.11,0.0,5,29.01
3.32,93.3,50.9,9.75,0.0,3,22.44
4.65,94.6,17.1,5.32,1.58,3,3.37
0.02,68.1,86.4,9.27,9.98,3,59.78
5.47,90.4,31.2,9.85,1.16,3,5.32
0.0,94.2,21.9,5.01,0.0,5,0.0
19.09,99.6,97.7,6.99,10.99,1,0.0
15.32,99.8,72.9,4.18,7.0,4,0.0
0.02,63.2,22.4,5.75,0.0,2,49.8
4.69,91.7,29.6,5.53,11.7,3,0.0
2.77,95.7,84.1,4.55,6.71,3,5.27
19.5,91.5,58.3,4.4,0.0,1,5.0
15.06,93.6,21.3,8.77,0.0,4,6.77
0.0,97.9,90.6,5.03,0.0,5,8.03
17.58,99.9,40.5,5.57,0.78,1,7.79
0.0,86.3,82.5,4.11,12.8,5,0.0
15.43,99.2,25.6,5.95,9.47,1,0.0
12.81,95.1,16.4,5.02,16.96,1,0.0
6.53,94.1,71.8,9.51,0.0,4,104.74
3.37,99.6,98.8,5.92,0.91,3,14.34
3.56,99.5,44.8,9.03,8.55,3,3.61
14.82,95.6,50.1,6.42,0.21,4,11.03
13.91,94.0,76.4,6.63,0.0,1,20.51
0.06,60.4,62.6,5.08,5.7,1,126.0
4.78,99.3,55.1,9.7,0.0,3,12.22
15.89,94.6,95.0,5.02,0.0,1,8.02
3.95,99.3,89.2,8.83,0.0,3,14.18
19.74,95.9,87.1,5.77,0.0,1,2.58
15.92,92.3,79.6,8.73,6.48,4,2.42
12.24,95.7,90.1,5.14,3.51,4,32.21
2.59,90.1,82.2,8.54,0.11,3,29.41
15.25,91.4,81.3,9.12,5.98,4,2.82
10.52,92.2,57.8,9.8,0.0,4,64.77
1.24,90.5,61.8,8.78,0.0,2,33.83
11.28,90.1,27.6,6.4,0.0,1,46.65
0.0,68.1,72.3,5.12,0.0,5,84.47
5.14,91.9,94.1,5.89,0.0,3,8.61
2.64,96.5,78.6,4.16,17.53,2,0.0
11.5,99.9,58.0,5.3,0.0,1,43.3
16.23,94.4,76.1,6.01,0.0,1,9.01
0.39,68.1,27.4,8.62,0.0,3,56.11
2.67,95.8,17.5,6.67,3.6,2,0.0
1.04,96.1,39.6,9.58,5.38,3,16.91
16.7,91.7,92.0,4.12,0.0,1,7.12
1.63,90.1,95.4,5.14,0.0,2,21.81
17.95,91.4,48.7,5.93,7.92,1,0.0
15.06,96.8,59.3,6.46,0.0,4,9.46
14.81,90.7,95.2,6.33,9.09,4,0.0
13.44,91.4,68.1,6.34,15.17,1,0.0
15.19,94.1,99.0,6.01,9.37,4,0.0
3.82,98.5,63.4,5.43,0.0,3,10.2
1.14,95.7,79.7,6.35,0.0,2,27.95
0.05,82.8,77.2,6.75,4.76,2,49.48
14.46,97.9,90.7,5.0,0.0,1,13.38
2.82,94.2,64.8,5.02,0.0,3,19.85
4.64,99.0,70.1,5.03,4.16,3,3.87
12.53,98.4,31.5,6.85,0.0,1,34.52
16.26,99.6,39.3,6.3,2.45,4,6.85
12.98,96.5,32.9,6.81,0.0,4,30.0
13.8,95.3,30.2,9.67,0.48,4,27.77
10.75,95.9,27.1,5.87,1.58,1,9.95
0.02,53.9,54.8,6.55,0.0,3,59.83
0.0,78.6,29.6,5.35,0.0,5,49.54
16.5,93.5,93.1,8.53,0.0,4,4.97
2.81,97.3,32.2,6.07,0.0,2,10.97
0.0,52.8,46.2,6.29,8.58,5,50.68
2.86,97.3,74.3,5.14,0.0,2,9.5
2.21,97.7,24.2,9.11,1.7,2,4.22
3.47,94.0,85.1,5.59,15.06,2,0.0
6.27,98.0,15.5,6.98,0.63,1,19.33
3.28,95.3,37.8,6.11,0.0,2,9.11
0.22,82.4,63.3,6.38,0.93,3,57.82
12.77,94.3,35.6,5.14,0.0,1,30.46
11.99,96.6,66.4,9.34,9.98,4,14.91
2.66,95.6,29.5,6.01,0.0,3,22.41
0.13,63.1,62.0,6.52,0.0,3,58.65
0.0,51.9,89.6,6.81,18.19,5,0.0
3.04,97.3,89.5,9.6,0.0,3,25.5
4.38,97.8,21.2,9.91,0.83,3,6.94
10.5,99.7,91.5,4.31,8.96,1,17.36
4.46,92.0,51.0,5.42,0.0,3,8.42
0.16,55.6,98.1,8.91,2.93,2,48.37
16.14,91.0,82.8,9.73,0.0,4,8.6
0.0,96.8,32.5,9.31,0.0,5,14.15
12.8,96.1,59.4,4.73,0.0,1,29.69
0.0,69.1,26.8,5.67,0.0,5,40.96
15.59,90.9,73.7,5.49,0.0,4,8.49
0.0,85.0,80.6,5.82,2.68,5,25.05
2.42,96.8,93.9,6.07,5.02,3,7.94
0.0,82.1,37.9,9.1,0.0,5,48.76
11.42,98.7,25.2,5.18,0.0,1,8.79
0.31,50.7,75.8,8.53,0.0,2,46.89
2.87,98.9,15.7,9.93,1.49,2,2.94
6.38,90.6,31.6,8.91,0.0,4,106.23
4.55,94.8,81.3,9.23,17.17,3,0.0
0.0,86.6,83.8,8.6,3.65,5,19.3
4.85,98.8,62.2,6.98,3.92,3,6.06
3.45,96.8,24.0,8.84,7.16,2,0.0
5.15,98.9,70.8,9.63,0.0,3,8.5
3.98,94.3,27.7,8.98,0.0,3,13.97
2.84,90.5,55.2,5.41,0.0,3,19.99
0.28,80.2,58.8,5.84,0.0,3,57.19
14.22,93.5,57.6,6.13,0.0,4,16.97
1.39,97.2,27.0,5.8,0.0,3,17.46
13.54,94.0,49.8,6.91,16.34,4,0.0
16.43,90.5,54.1,5.18,1.02,4,5.68
2.78,94.4,94.7,5.86,16.76,2,0.0
13.62,93.5,58.0,8.98,14.35,4,0.0
0.0,90.4,60.2,5.88,0.0,5,8.88
0.0,81.0,44.4,6.86,4.93,5,36.97
0.35,80.7,98.7,8.52,1.42,3,56.48
4.22,98.4,37.2,4.08,5.3,2,0.0
0.0,96.3,29.3,9.26,0.0,5,14.1
3.27,92.9,23.1,5.06,18.42,2,0.0
1.09,92.6,29.3,6.97,0.0,2,29.02
0.0,83.4,90.5,5.77,5.54,5,10.58
0.01,68.2,18.1,5.93,0.0,3,59.92
2.88,95.9,22.9,8.82,0.0,3,13.21
0.0,86.4,32.6,4.38,0.0,5,16.72
1.71,95.4,39.6,5.69,0.0,3,31.54
0.0,68.5,44.3,6.74,0.0,5,85.26
0.19,80.0,64.8,5.34,4.59,4,168.07
0.35,51.3,40.5,9.87,0.0,2,46.53
15.56,94.3,75.1,8.98,3.98,4,9.21
18.66,92.7,81.8,5.44,5.35,1,0.0
17.23,90.8,65.5,5.18,1.87,1,6.32
0.07,51.0,56.6,5.08,0.0,4,169.29
2.83,94.4,41.3,9.14,0.0,2,15.94
11.66,99.4,58.3,4.63,6.02,4,13.99
0.12,61.9,24.7,6.64,6.41,1,62.22
14.06,95.7,44.5,5.92,0.0,1,18.28
17.05,93.7,97.2,6.68,15.47,1,0.0
0.0,89.7,43.1,5.37,4.1,5,4.98
0.12,80.6,60.3,5.12,1.67,2,48.84
2.45,92.8,91.1,6.83,3.85,2,11.49
2.8,99.5,44.7,9.71,0.0,3,28.37
0.04,75.4,27.9,5.15,12.09,1,0.0
15.16,93.0,47.7,6.66,13.18,1,0.0
0.08,55.3,68.1,5.95,0.0,4,169.18
15.38,94.8,84.5,5.74,0.0,1,8.74
15.09,92.3,15.3,9.18,0.55,4,6.69
0.0,87.8,75.6,5.9,0.0,5,14.73
2.34,96.5,96.3,4.29,9.17,2,0.0
6.57,92.6,93.9,9.1,0.0,4,104.3
3.45,90.4,71.9,5.04,0.0,2,8.04
0.18,61.0,36.3,6.67,0.0,1,198.24
1.51,97.3,74.8,8.52,0.0,2,30.34
16.63,95.2,92.6,4.67,0.0,4,3.7
0.24,60.0,42.6,4.98,0.0,1,197.64
1.77,98.9,24.4,5.53,0.0,2,4.17
3.98,93.5,41.2,8.94,0.0,3,13.98
15.27,94.2,87.7,9.28,1.19,4,12.75
0.0,88.3,91.7,5.39,0.0,5,12.94
0.0,87.7,81.1,4.7,4.0,5,9.71
4.8,95.8,57.2,6.78,4.7,3,5.08
0.0,96.7,42.8,5.83,5.05,5,0.0
0.0,87.3,59.2,6.95,0.0,5,17.1
3.04,97.8,45.3,6.81,15.18,2,0.0
2.3,92.8,98.9,4.76,1.69,2,13.08
2.98,99.2,42.9,5.81,3.88,2,5.12
3.11,96.2,22.4,5.9,0.0,2,0.0
13.55,95.5,70.1,6.95,0.0,1,24.46
0.0,87.1,28.9,5.04,18.32,5,0.0
0.2,56.6,35.2,9.72,4.71,4,168.03
0.35,83.3,87.4,5.73,0.0,3,56.51
19.15,98.0,80.5,5.69,2.95,1,5.74
15.65,92.6,54.9,6.01,7.34,4,0.0
16.16,90.4,19.2,5.33,0.0,1,0.0
0.29,51.0,78.7,5.04,0.0,1,197.09
0.29,80.6,92.0,5.39,0.0,1,197.07
2.34,91.9,20.5,6.34,3.46,3,11.22
14.42,95.4,25.0,8.6,0.0,4,10.02
0.33,83.5,49.2,6.62,0.0,3,56.7
17.98,96.5,45.5,6.59,0.0,1,9.59
3.5,91.6,19.2,9.09,0.0,3,9.83
3.93,94.3,74.9,9.58,0.0,3,15.25
15.06,95.0,34.0,9.29,3.92,4,9.62
3.18,97.0,76.3,5.54,7.47,2,0.0
3.1,98.1,52.5,5.1,0.0,2,8.1
3.25,99.5,58.3,5.7,2.13,2,6.58
0.12,56.0,97.6,5.74,0.0,2,48.77
0.0,95.7,86.0,8.89,2.49,5,10.8
2.8,96.5,92.2,5.83,0.0,2,10.79
3.23,96.6,91.7,8.82,0.0,3,22.48
14.62,95.9,95.0,6.29,0.0,4,13.12
0.0,94.1,18.9,6.6,5.15,5,0.0
0.36,78.0,95.4,6.87,0.0,1,196.42
3.09,95.1,29.5,6.89,0.0,2,9.89
3.82,93.9,44.0,5.79,0.99,2,7.8
2.25,98.6,30.3,4.07,12.84,3,0.0
3.21,98.9,89.6,8.51,0.0,3,22.28
5.56,94.3,27.7,4.4,0.0,3,4.42
0.0,88.4,28.4,6.97,0.0,5,14.01
0.0,85.8,30.8,6.36,4.61,5,15.64
17.69,96.4,42.3,6.11,0.0,1,9.11
0.0,85.8,68.0,5.67,0.0,5,19.47
0.26,67.7,55.2,9.76,0.0,4,167.35
14.16,96.1,87.2,9.82,0.0,4,24.41
1.68,94.5,55.8,8.7,0.0,2,28.61
13.17,90.5,89.7,8.85,0.0,4,34.72
0.0,92.9,44.1,5.81,7.97,5,0.0
19.0,91.6,20.9,6.76,12.06,1,0.0
16.79,94.9,80.8,6.8,3.32,4,2.07
2.72,98.8,26.6,9.49,5.77,2,0.0
3.36,90.2,19.5,9.18,0.0,2,2.8
17.08,97.9,38.3,5.13,6.89,1,0.0
3.3,99.0,86.7,4.48,0.0,3,14.46
0.0,84.0,76.7,6.01,0.0,5,31.99
2.67,96.3,59.5,9.63,3.08,3,26.26
3.87,90.5,79.7,6.03,0.0,2,9.03
0.01,80.5,91.3,5.36,9.53,2,34.63
0.01,57.7,17.9,5.26,0.0,1,165.83
16.1,94.3,68.7,9.08,1.0,4,8.97
1.53,99.2,49.5,5.99,5.66,2,7.23
10.93,96.5,25.6,8.83,6.4,4,10.62
2.34,98.3,25.6,5.65,7.47,2,0.0
19.67,96.6,79.4,4.01,0.0,1,3.28
0.0,78.0,80.5,9.44,13.22,5,0.0
15.73,95.7,44.3,6.06,0.0,4,9.06
16.59,90.8,82.2,9.26,0.0,4,4.09
0.25,52.6,90.0,6.89,1.15,3,57.5
0.0,87.5,37.5,8.56,6.69,5,5.21
0.0,90.1,31.9,6.81,0.0,5,9.81
1.95,90.4,78.8,4.59,0.0,3,28.08
7.37,97.9,27.2,6.81,0.0,4,43.06
16.95,93.8,98.2,6.06,4.89,1,4.17
11.84,92.3,81.0,4.71,4.98,4,34.29
13.85,90.9,22.4,5.91,0.0,4,10.18
12.51,96.2,69.9,5.61,0.0,1,33.53
3.45,94.8,17.7,4.92,0.0,3,6.71
0.0,91.5,43.0,5.02,1.02,5,7.0
5.24,94.8,90.2,9.57,0.0,3,7.59
12.38,94.4,80.5,5.8,7.32,1,11.07
12.62,95.2,85.3,4.83,4.44,1,27.24
13.23,95.7,32.6,5.75,0.0,1,26.49
0.0,90.7,62.8,6.39,0.0,5,9.39
0.01,80.8,84.8,6.61,9.91,1,97.11
0.0,53.1,53.7,6.72,6.76,5,51.36
0.05,73.6,92.2,8.93,0.0,3,59.47
0.0,66.4,64.4,6.16,11.17,5,0.0
0.05,82.6,23.7,6.38,6.27,2,16.96
14.98,90.1,86.8,9.25,11.91,4,0.0
0.21,53.5,36.6,5.21,0.0,3,57.94
3.62,91.7,40.8,5.09,0.0,3,11.91
0.0,82.2,74.5,5.55,0.0,5,37.38
5.98,90.3,50.6,6.26,0.0,1,99.48
16.19,96.9,59.9,9.83,4.35,4,8.11
0.0,94.1,16.4,6.64,2.26,5,0.0
5.85,91.6,88.9,5.78,4.63,3,0.0
12.41,90.7,68.7,6.6,2.41,1,33.11
2.3,99.6,68.3,5.09,0.0,3,25.08
1.94,96.6,50.3,5.59,0.0,2,19.17
2.92,97.8,70.4,6.2,1.66,2,8.38
17.56,98.4,16.3,8.86,15.45,4,0.0
13.1,98.6,47.7,5.3,0.0,1,27.29
13.73,90.3,72.6,6.68,19.98,1,0.0
15.26,92.6,27.5,5.63,0.0,1,0.0
5.15,97.6,87.7,6.35,1.2,1,106.61
6.73,97.3,48.5,4.16,3.4,1,86.43
5.74,98.1,26.1,5.26,0.0,1,20.18
0.19,66.8,64.4,5.34,9.36,3,58.09
15.23,94.2,88.2,6.23,0.0,1,9.23
16.39,97.3,70.9,5.28,7.76,4,0.0
19.6,90.2,28.8,5.97,10.35,1,0.0
0.0,90.2,86.9,4.45,6.73,5,0.0
3.21,96.0,68.3,9.27,4.05,2,9.45
0.0,90.8,30.2,6.82,7.06,5,0.0
12.88,97.3,85.6,9.14,8.53,4,11.41
1.02,99.6,98.5,5.02,0.0,2,27.82
0.0,88.0,37.7,4.66,0.0,5,12.88
3.04,95.6,89.9,5.22,0.0,2,8.22
17.36,91.1,75.2,5.74,0.0,1,8.74
7.94,98.0,23.0,5.01,0.0,1,15.71
2.01,94.1,59.0,5.24,9.16,3,7.61
14.15,94.8,56.4,5.39,3.77,1,13.13
6.63,97.7,36.0,5.65,0.0,4,92.34
14.63,93.7,96.8,5.38,7.42,1,0.0
9.39,90.8,58.1,5.37,1.37,1,63.1
13.48,97.7,80.3,8.69,0.0,4,30.89
4.36,95.6,61.2,9.03,0.0,3,13.84
0.01,58.7,19.8,6.99,0.0,2,49.87
2.37,92.4,62.5,4.08,0.0,2,13.43
0.0,91.4,15.1,4.49,11.95,5,0.0
0.07,82.4,49.9,5.54,4.97,1,199.27
6.93,91.6,15.5,8.56,16.97,4,0.0
3.44,94.6,80.8,5.17,7.89,3,2.35
6.38,94.1,25.1,4.45,0.0,4,46.85
19.34,97.0,42.7,4.31,14.29,1,0.0
0.26,73.1,26.6,6.45,0.0,4,140.61
2.78,94.4,83.3,5.38,4.75,2,5.79
16.77,97.1,35.2,4.59,9.25,4,0.0
4.35,95.1,35.3,9.76,0.0,3,14.68
13.13,96.5,30.3,9.46,0.0,4,35.88
0.27,52.3,34.2,5.41,0.0,1,197.26
10.46,96.3,56.3,5.19,5.51,1,19.25
0.0,87.2,57.8,6.54,14.47,5,0.0
0.37,72.1,17.8,6.39,12.2,1,0.0
0.35,76.7,19.0,8.57,5.86,4,60.79
4.35,97.3,24.0,8.79,15.61,3,0.0
0.07,84.1,20.9,5.68,0.0,2,43.64
4.27,94.2,47.4,9.77,0.0,3,14.68
0.0,96.7,76.3,6.22,4.95,5,4.27
0.33,58.3,77.5,5.34,0.0,2,46.72
2.96,99.7,21.2,9.88,10.45,3,0.0
4.62,92.9,16.8,9.25,18.1,3,0.0
14.06,96.1,27.4,9.91,0.0,4,12.82
10.76,96.0,24.8,9.61,19.46,4,0.0
0.24,50.5,25.4,6.01,0.0,2,47.65
0.0,88.3,54.7,6.74,4.82,5,9.3
0.0,68.6,90.3,6.1,0.0,5,84.09
17.24,93.3,41.9,5.62,2.86,1,5.77
0.0,90.5,98.2,8.99,0.49,5,13.22
2.65,91.3,89.8,6.31,0.0,2,12.81
14.03,91.7,21.1,6.48,0.0,1,3.85
0.38,84.7,17.5,8.73,18.5,4,0.0
15.86,96.8,75.3,6.65,0.0,1,9.65
1.22,95.0,62.8,9.66,17.69,3,0.0
0.0,92.2,18.8,5.2,3.59,5,0.0
0.0,90.4,78.4,4.79,6.64,5,0.0
3.27,96.5,18.4,5.8,14.68,3,0.0
0.0,87.7,45.2,4.06,3.27,5,9.74
12.84,95.1,20.6,5.48,0.0,1,6.02
16.73,90.4,77.0,5.63,0.0,1,8.63
2.93,93.0,46.2,6.63,0.0,2,10.35
0.0,93.6,94.7,6.16,0.0,5,9.16
5.23,90.9,40.7,9.2,7.59,3,2.12
0.21,79.8,21.7,6.63,2.04,1,128.13
16.14,90.3,46.6,8.74,0.0,4,8.6
12.22,91.0,57.0,5.69,0.0,1,36.49
5.46,99.7,24.7,5.55,0.0,1,20.79
14.91,92.4,46.8,5.74,9.72,1,0.0
0.0,73.9,46.7,5.46,1.52,5,63.43
0.0,90.7,71.6,6.3,0.31,5,9.0
16.95,98.0,64.4,8.92,1.48,4,0.0
4.44,94.6,47.0,5.02,0.0,2,5.61
6.03,91.7,44.0,5.86,0.0,1,98.54
16.56,91.5,80.7,6.91,0.0,1,9.91
0.14,68.6,55.2,5.44,0.0,2,48.56
15.88,94.6,57.8,8.97,6.2,4,2.65
10.55,90.8,33.1,6.33,0.0,4,53.81
0.12,58.2,20.8,6.01,15.05,1,0.0
3.25,99.1,21.1,4.93,0.0,2,0.0
0.0,90.6,87.8,6.19,4.5,5,4.69
14.42,94.2,78.7,5.49,0.0,4,14.25
12.35,92.2,44.3,4.98,0.0,4,34.45
0.0,93.4,39.1,4.05,0.0,5,7.05
0.38,78.1,73.4,4.01,0.0,2,46.19
4.27,94.2,82.8,5.93,0.0,3,8.93
16.34,91.4,33.8,9.9,17.28,4,0.0
1.86,100.0,79.9,9.77,0.0,2,27.82
0.0,89.3,39.5,6.17,0.0,5,10.99
0.35,70.0,35.5,4.36,3.72,4,166.49
3.11,92.4,54.0,5.37,0.0,3,17.29
3.59,98.9,74.8,5.02,16.66,2,0.0
3.29,91.1,51.6,6.63,0.0,2,9.63
0.0,93.9,79.4,5.45,0.0,5,8.45
0.0,86.0,87.8,5.19,2.99,5,15.68
3.45,92.9,27.6,6.42,3.64,2,5.78
9.74,90.7,25.3,6.06,0.0,1,12.33
7.37,92.2,40.9,9.31,8.96,1,36.63
17.33,99.6,99.2,5.36,15.0,4,0.0
2.56,95.5,93.9,6.55,0.76,2,13.18
0.39,84.6,20.3,6.71,0.0,1,121.44
3.5,96.9,83.6,6.41,0.0,2,9.41
13.24,95.7,79.7,5.01,0.0,4,25.61
16.7,90.5,26.8,6.79,0.0,4,3.03
0.0,51.2,32.7,4.05,0.0,5,140.17
0.0,57.8,83.6,4.81,13.59,4,0.0
5.48,100.0,25.2,5.1,12.69,3,0.0
0.0,81.7,42.2,5.86,10.95,4,0.0
0.0,91.6,53.0,6.95,0.0,5,9.95
2.7,99.7,38.9,5.33,0.0,3,21.34
3.5,98.6,64.2,9.85,6.86,3,5.05
5.49,94.5,49.4,6.38,0.0,3,5.09
0.25,83.9,60.3,5.35,10.09,1,0.0
16.38,98.3,55.9,9.0,0.0,4,6.16
1.83,99.2,29.4,5.81,0.0,2,20.52
0.01,84.3,20.9,5.0,0.0,1,120.72
0.3,76.5,92.0,5.86,4.26,1,196.98
0.0,85.8,15.9,5.82,0.0,5,3.97
16.8,94.5,51.3,9.36,0.0,4,2.03
0.0,94.9,80.2,8.66,1.61,5,11.57
0.0,75.5,34.3,5.3,4.81,5,53.62
0.0,86.8,46.1,6.29,12.68,5,0.0
15.43,98.7,21.8,8.67,0.0,4,6.71
0.0,87.9,62.9,6.75,0.0,5,15.08
0.0,90.5,71.8,5.58,0.0,5,8.58
0.16,80.6,20.3,6.84,0.0,1,128.27
2.46,97.0,65.6,5.71,0.0,2,14.14
0.0,95.4,21.9,6.76,0.0,5,0.0
0.25,53.5,69.7,6.94,1.66,2,47.48
0.0,86.3,61.2,6.35,0.0,5,18.87
4.15,98.6,44.6,5.54,0.0,3,8.54
0.04,52.9,93.1,6.28,1.02,3,59.56
3.1,94.7,86.9,6.22,8.22,2,0.0
15.85,91.3,59.7,8.84,0.0,4,11.55
0.2,73.8,85.2,6.04,0.68,1,198.04
3.54,91.8,80.7,6.38,7.92,3,2.41
11.96,91.2,89.6,6.0,5.68,1,13.5
0.0,85.4,97.1,4.67,0.0,5,19.63
0.0,65.1,18.0,6.42,3.13,5,46.24
14.3,93.6,93.0,6.69,0.0,4,16.67
0.0,88.2,78.1,6.44,6.12,5,3.21
16.91,90.2,78.7,9.83,3.95,4,0.0
8.18,98.8,98.8,5.64,0.0,4,76.84
2.67,99.7,47.2,8.92,19.06,2,0.0
12.36,93.8,50.3,9.36,16.58,4,0.0
0.0,90.5,20.5,6.43,0.0,5,0.0
12.7,95.4,48.0,6.5,0.0,1,32.49
13.06,95.2,93.2,4.86,0.0,4,27.3
3.36,93.2,94.1,7.0,0.0,2,10.0
0.0,51.4,34.4,5.1,0.0,5,141.11
13.35,95.1,17.3,6.31,0.0,4,12.9
0.0,59.9,87.6,5.24,6.07,5,41.83
13.96,94.7,66.5,5.72,0.0,1,19.17
15.2,94.9,90.7,6.84,0.0,1,9.84
3.54,90.9,92.8,6.28,7.05,3,2.73
4.73,99.6,45.1,9.2,0.0,3,12.72
16.59,91.9,47.2,7.0,0.0,4,4.06
0.17,56.5,68.9,5.55,0.0,1,198.29
2.39,98.7,93.8,5.3,0.0,2,14.44
0.0,67.1,88.0,5.97,18.53,5,0.0
4.29,91.9,57.4,6.52,0.0,3,9.52
5.26,90.3,56.9,5.1,0.0,3,7.39
0.33,74.1,89.1,5.78,6.4,1,107.53
0.0,88.2,35.0,6.36,0.0,5,13.98
3.56,92.4,32.8,9.52,0.0,3,19.43
14.19,92.0,30.8,4.53,0.0,4,15.67
0.32,71.4,48.8,5.32,0.0,3,56.84
1.19,94.7,73.6,5.71,0.0,2,26.84
0.02,79.8,57.0,5.86,4.22,1,199.79
0.24,61.2,36.8,5.86,2.7,1,197.63
0.0,89.5,70.2,5.95,0.0,5,10.37
0.0,89.6,65.8,5.14,8.85,5,0.0
8.57,93.1,69.2,5.37,0.0,4,72.69
15.05,94.0,15.8,6.35,0.0,1,0.0
4.06,91.2,81.2,7.0,0.0,3,10.0
16.58,94.9,51.8,9.34,2.17,4,4.16
2.81,97.4,42.2,9.14,1.19,2,14.82
3.07,95.7,95.1,4.12,3.02,2,4.1
0.0,84.1,63.5,5.38,0.0,5,30.68
0.2,59.1,51.3,5.17,0.0,1,197.96
3.05,95.4,81.5,5.11,0.0,2,8.11
16.64,92.3,29.2,6.37,0.0,4,3.63
0.0,93.6,94.1,6.5,0.0,5,9.5
12.31,94.3,98.0,5.48,3.75,1,31.62
16.67,94.5,21.8,6.38,0.0,4,3.25
0.32,60.6,70.6,9.66,9.65,4,144.92
4.52,97.2,61.0,6.18,0.0,3,9.18
0.0,60.8,71.5,5.09,2.6,5,105.72
3.26,92.2,81.0,9.53,3.26,2,10.66
5.42,93.1,31.1,9.12,2.67,3,5.76
6.11,90.3,64.3,5.11,4.33,1,92.66
5.08,96.6,74.0,5.75,0.0,3,8.75
0.05,78.9,25.8,9.47,3.97,3,59.54
2.64,90.2,80.3,6.92,9.0,2,0.0
2.74,92.7,30.9,9.38,7.51,3,8.02
16.14,95.4,20.3,5.17,4.24,1,0.0
0.07,67.8,25.7,8.75,0.0,1,173.85
12.99,93.1,78.5,6.52,3.48,1,26.19
0.0,86.2,75.4,5.88,8.5,5,4.15
5.04,97.8,86.2,5.56,0.0,4,108.12
0.07,59.5,77.7,5.71,0.0,3,59.31
0.0,85.6,55.8,5.61,0.0,5,20.18
17.58,99.5,76.6,5.0,0.0,4,0.0
3.13,95.1,62.1,6.74,8.36,2,0.0
12.77,94.0,73.0,4.08,0.0,1,29.35
2.08,96.6,30.2,6.67,0.0,2,18.85
0.07,75.9,68.4,8.63,0.0,4,169.27
11.4,90.2,22.2,8.55,1.47,4,26.52
3.51,96.3,40.0,5.36,0.0,2,8.36
0.03,71.8,29.8,6.16,1.44,4,169.7
0.0,65.1,64.7,5.59,0.29,5,95.09
4.18,99.9,53.9,5.17,16.19,3,0.0
0.05,68.9,87.3,6.66,0.0,1,199.51
2.35,99.8,26.1,5.07,0.0,2,2.92
0.23,61.7,39.3,9.88,0.66,3,57.75
0.04,59.9,27.8,5.76,0.0,3,59.64
11.38,90.3,66.0,8.91,12.62,4,0.0
4.79,94.5,33.6,5.52,8.65,3,0.0
0.28,84.6,89.8,5.5,1.18,1,197.17
15.18,98.6,96.0,8.79,0.0,4,13.56
0.0,90.1,67.3,5.07,0.0,5,8.07
3.44,98.4,72.1,9.64,2.38,3,18.22
0.11,56.1,72.8,9.97,0.0,4,168.9
0.24,70.0,58.5,9.81,0.0,3,57.63
14.87,90.9,61.0,6.86,0.0,1,11.2
0.0,86.4,26.6,5.16,1.66,5,3.16
0.23,77.7,37.0,5.66,2.13,3,57.72
4.01,95.4,27.4,5.79,0.0,3,4.39
14.65,92.4,26.5,9.03,0.0,4,8.92
2.45,93.2,88.8,6.1,0.0,2,14.64
3.07,98.5,56.2,4.04,1.83,2,5.21
0.0,94.7,91.5,5.71,12.89,5,0.0
14.01,99.1,40.1,5.62,0.0,4,18.54
1.22,93.1,34.0,6.37,0.0,2,27.17
7.81,98.6,90.8,4.9,1.7,1,78.13
4.17,93.2,21.4,5.25,4.77,3,0.0
15.56,90.6,73.9,6.5,1.57,1,7.93
4.47,93.9,46.7,5.86,0.0,3,8.86
7.64,95.7,93.2,8.6,3.37,4,93.63
0.15,68.2,35.0,9.44,4.71,4,168.5
3.7,93.0,56.5,9.77,0.0,3,18.11
17.26,98.9,81.7,6.23,1.45,1,7.78
0.0,86.7,39.8,6.35,1.74,5,16.27
0.0,92.2,57.5,5.96,12.87,5,0.0
0.16,80.9,41.3,6.19,0.0,3,58.41
3.39,92.3,44.6,6.86,4.16,3,11.76
6.03,97.7,67.8,9.4,0.0,4,109.71
3.22,98.3,49.0,6.57,12.9,3,0.0
13.09,91.3,62.0,6.55,0.0,1,28.63
2.0,91.3,15.2,6.69,3.59,2,3.22
1.1,90.8,65.7,5.38,4.89,2,22.47
0.0,82.2,40.1,5.82,0.0,5,37.71
0.0,92.0,61.7,5.76,0.0,5,8.76
16.99,92.5,31.4,9.02,18.84,4,0.0
3.53,96.5,60.7,5.53,7.01,2,0.0
4.35,92.5,59.8,6.16,2.35,3,6.81
0.0,90.5,36.8,6.77,16.43,5,0.0
11.93,91.1,39.0,8.75,7.52,4,16.05
17.11,97.5,59.4,6.4,0.0,1,9.4
0.0,97.7,71.6,5.69,0.0,5,8.69
2.99,97.3,25.7,6.7,9.91,2,0.0
17.63,96.0,61.3,5.4,12.15,1,0.0
0.0,90.3,36.4,6.43,0.0,5,9.43
3.87,95.4,94.2,5.87,0.0,3,10.13
2.49,98.2,57.3,5.9,0.0,2,13.99
0.0,85.9,20.1,5.57,1.35,5,3.57
0.37,61.6,95.2,9.26,0.0,4,166.32
0.0,83.0,86.4,5.57,0.0,5,34.79
13.93,96.4,25.2,4.38,1.23,1,3.36
0.0,92.2,64.2,5.25,4.29,5,3.96
0.19,83.5,99.1,8.69,10.07,4,0.0
17.4,94.8,81.4,6.18,9.64,1,0.0
17.29,98.4,68.0,8.93,0.0,4,0.0
4.87,96.5,41.7,5.41,0.0,2,0.0
0.0,47.1,41.0,5.96,12.37,5,0.0
5.83,90.4,38.5,6.43,8.79,3,0.0
16.02,93.2,85.6,5.86,12.95,4,0.0
17.2,90.2,58.4,5.78,0.0,1,8.78
0.25,53.1,20.5,5.89,3.16,1,171.98
0.0,94.0,63.4,6.78,0.0,5,9.78
1.72,91.8,32.4,6.57,0.0,2,22.37
0.0,83.3,69.9,5.95,0.0,5,34.39
17.76,94.5,34.1,6.48,2.77,1,6.7
9.34,93.0,70.1,5.36,0.0,4,64.99
12.67,94.3,62.9,6.31,4.77,4,27.89
0.0,90.0,22.7,6.11,0.0,5,0.0
0.22,59.7,33.6,4.15,3.29,4,167.79
0.08,57.0,18.0,9.69,0.0,3,59.22
0.0,86.1,74.5,6.39,4.08,5,15.47
16.78,97.9,61.5,9.09,0.0,1,13.91
7.48,95.0,19.3,6.21,8.95,1,6.04
0.12,67.9,25.3,4.9,7.44,3,28.81
0.1,72.0,22.4,5.94,4.45,3,58.97
19.15,97.1,75.7,5.35,4.06,1,4.29
16.67,96.2,68.9,6.79,2.97,1,6.82
0.0,99.0,27.8,4.33,7.85,5,0.0
16.9,91.5,40.8,8.88,0.0,1,13.67
4.78,90.6,69.1,6.37,9.61,3,0.0
0.05,62.0,33.1,5.57,0.67,1,199.55
0.04,55.6,55.1,6.04,0.0,1,199.64
3.36,91.5,87.2,5.24,0.0,2,8.24
10.58,96.2,97.1,4.31,0.0,1,51.47
4.2,98.4,30.4,8.71,3.14,3,9.87
0.0,87.0,83.5,6.53,0.0,5,17.22
0.0,92.4,72.6,4.84,7.77,5,0.0
1.19,99.1,16.7,8.89,12.41,2,0.0
0.39,69.0,59.6,4.71,19.18,4,0.0
0.14,79.9,26.6,6.61,0.0,2,48.63
0.0,90.3,50.7,6.16,10.47,5,0.0
0.0,86.9,17.9,5.58,17.57,5,0.0
7.38,94.1,43.3,9.1,9.85,4,36.1
1.9,96.2,16.7,9.76,4.75,2,4.37
0.0,87.6,85.5,6.47,7.55,5,3.31
0.0,82.1,98.2,6.63,0.0,5,39.34
13.2,90.9,54.7,8.82,0.0,4,34.3
0.0,86.8,81.7,9.31,8.97,5,5.36
0.0,87.0,66.6,6.92,7.19,5,4.24
12.57,95.1,32.9,8.9,5.4,4,14.16
10.7,94.8,65.8,6.55,6.05,4,18.6
0.0,81.4,42.2,6.51,0.0,5,41.49
0.37,56.9,19.8,5.53,17.97,4,0.0
11.12,97.9,15.1,5.86,2.59,1,9.02
3.35,94.2,17.2,6.15,14.89,2,0.0
2.79,92.7,92.9,5.18,0.51,3,19.8
0.04,71.4,84.2,5.2,0.0,3,59.56
0.1,56.2,80.3,6.17,11.18,3,0.0
3.36,95.2,53.1,5.52,0.0,2,8.52
0.0,98.3,44.7,6.55,0.0,5,9.55
5.25,95.5,57.0,9.77,0.0,1,126.77
15.7,95.8,25.1,5.58,8.33,1,0.0
0.17,76.2,49.9,6.73,4.51,4,168.26
0.0,98.0,77.5,6.3,4.4,5,4.9
8.22,99.7,90.2,9.96,1.25,4,87.75
1.6,90.1,95.9,6.33,7.92,2,6.17
0.0,51.4,95.7,6.89,0.0,5,143.16
14.79,95.6,60.1,6.99,0.0,4,12.13
0.0,94.5,90.1,6.27,0.0,5,9.27
0.05,50.4,25.4,6.48,2.72,3,59.51
14.84,92.9,18.6,5.98,0.0,4,5.3
1.47,99.8,82.1,8.65,6.41,3,14.03
3.28,99.3,44.9,9.9,0.0,2,14.83
1.42,92.3,100.0,9.76,9.78,2,8.65
16.33,94.4,29.1,4.23,4.93,1,2.3
17.53,90.1,31.2,6.47,18.48,1,0.0
12.6,99.1,66.1,8.84,0.0,4,41.19
15.54,91.9,28.4,9.87,0.0,4,14.64
0.24,84.9,87.2,5.99,0.0,1,197.61
5.18,98.3,90.5,9.02,0.58,3,8.23
6.81,96.7,37.8,5.29,0.0,4,90.18
3.3,91.9,28.4,6.28,0.0,2,9.28
14.02,91.7,49.1,8.97,2.03,4,22.72
0.0,82.6,30.7,5.62,0.0,5,36.09
15.68,94.4,58.7,9.49,8.1,1,2.02
3.0,97.3,33.3,6.35,0.38,2,8.97
12.67,97.6,73.2,5.31,4.09,4,27.54
0.0,65.4,18.3,6.55,0.0,3,59.98
0.29,50.7,49.1,6.47,19.64,2,0.0
17.17,95.0,57.9,9.75,0.0,1,14.66
4.29,95.0,81.0,5.15,1.67,3,6.48
0.25,71.7,62.6,7.0,0.0,1,197.47
0.21,65.6,64.1,6.64,0.35,4,167.94
5.88,94.1,19.0,8.66,6.11,4,22.26
1.91,91.5,26.4,6.06,1.21,2,3.76
3.86,93.7,20.4,6.77,0.0,3,5.59
14.05,93.8,57.6,6.35,0.0,1,18.82
0.0,86.5,78.1,5.06,0.0,5,17.14
0.16,75.4,63.9,8.9,0.0,4,168.39
14.85,93.8,65.9,9.38,0.0,4,16.01
5.9,99.5,65.0,8.83,0.0,4,110.99
5.36,95.2,38.5,6.36,0.33,1,105.44
0.0,94.3,75.6,7.0,2.93,5,7.07
8.51,96.4,41.7,4.05,0.0,1,71.96
0.0,56.7,25.9,4.12,16.38,5,0.0
3.62,90.5,97.8,9.83,6.77,3,4.54
3.55,96.2,16.2,9.62,0.0,3,9.83
0.39,65.7,51.2,5.52,2.95,3,56.07
9.08,97.5,63.0,9.93,0.0,4,79.19
12.4,93.0,81.3,6.22,0.0,1,35.23
18.33,92.2,74.3,6.11,9.03,1,0.0
0.0,53.0,52.9,6.59,0.0,5,137.49
0.0,57.3,84.9,5.1,0.0,5,121.06
2.7,92.0,16.3,5.85,0.0,3,10.95
19.1,97.3,88.3,5.76,3.72,1,5.05
10.4,90.3,43.0,9.83,0.0,4,66.04
2.71,91.3,57.9,5.32,0.0,2,11.25
0.0,91.1,17.3,5.03,3.56,5,0.0
10.54,91.8,84.8,5.02,0.3,1,52.28
3.66,96.2,59.5,5.12,6.21,3,2.14
2.04,98.2,55.5,6.18,0.0,2,18.79
2.65,93.1,85.0,6.21,12.53,2,0.0
0.03,64.8,25.9,6.23,14.49,2,0.0
3.33,92.9,81.1,9.75,3.28,3,18.6
9.73,94.6,21.0,5.41,2.96,1,11.62
12.72,94.1,21.4,5.63,0.0,4,15.73
0.2,73.0,45.4,6.77,0.0,1,197.99
16.62,96.1,56.9,6.08,2.68,1,6.4
7.65,93.9,17.9,9.7,9.13,4,17.72
0.28,80.7,42.5,5.76,3.01,2,47.19
17.51,98.9,62.9,6.32,0.0,1,9.32
18.6,91.8,76.8,4.6,0.0,1,7.6
0.0,87.3,48.9,4.95,7.67,5,2.94
2.23,95.2,55.5,5.58,0.0,2,16.27
15.43,95.7,93.0,9.47,0.0,4,14.34
1.77,96.2,79.8,6.03,0.98,3,30.32
3.64,94.3,37.3,4.23,0.0,3,10.88
17.92,95.2,89.8,5.82,0.0,1,8.82
0.02,50.3,78.5,5.19,7.78,2,49.78
0.33,76.9,83.5,6.56,0.0,1,196.69
10.78,93.3,26.9,6.43,18.61,1,0.0
3.84,90.2,23.7,9.81,4.61,3,5.63
0.0,97.0,31.0,6.37,0.0,5,9.37
4.83,96.0,77.9,6.02,2.04,2,0.0
12.12,93.4,39.0,6.57,0.0,4,38.4
0.0,94.6,71.1,5.91,4.89,5,4.02
1.66,94.1,81.1,5.34,0.0,2,21.77
3.3,93.0,73.8,6.75,0.0,2,9.75
0.18,83.0,50.6,6.92,5.56,1,96.42
0.0,92.8,78.6,4.9,13.49,5,0.0
0.0,89.7,93.1,9.06,4.74,5,9.4
0.0,87.0,61.1,5.15,0.0,5,16.01
13.49,91.0,68.6,5.16,0.0,1,23.25
15.78,95.4,55.5,6.31,0.0,1,9.31
0.0,97.2,45.0,5.73,3.64,5,5.09
15.59,95.0,95.9,5.25,0.0,1,8.25
3.22,98.9,55.2,8.91,0.0,3,22.61
17.56,98.5,49.6,9.54,0.0,4,0.0
1.46,91.4,16.3,5.15,19.79,3,0.0
0.0,88.7,30.8,5.83,5.51,5,2.66
0.0,91.7,28.9,8.74,9.67,5,0.0
0.0,85.6,44.3,6.63,13.53,5,0.0
0.0,97.1,15.8,4.92,3.01,5,0.0
13.03,93.3,64.5,5.44,3.51,1,24.57
16.7,90.3,29.6,5.02,4.7,4,3.04
0.0,67.3,64.6,6.33,2.04,5,86.34
0.0,81.0,19.3,5.53,13.77,5,0.0
17.1,91.8,77.9,6.21,2.05,1,7.16
3.43,92.7,56.8,9.97,7.53,3,5.11
0.0,96.1,97.4,6.06,0.0,5,9.06
15.3,91.9,73.9,5.63,3.33,4,5.3
15.09,92.7,81.4,6.19,0.0,1,9.19
15.1,95.6,95.6,6.9,0.0,4,9.9
0.0,84.6,22.3,6.87,10.68,5,0.0
3.77,90.2,77.0,6.1,0.0,3,11.41
14.67,93.2,35.7,4.76,7.36,4,0.0
5.84,90.2,24.4,6.14,0.0,1,20.15
9.69,96.8,19.6,5.76,0.0,4,30.95
2.78,99.0,98.4,8.58,14.66,2,0.0
0.08,69.0,84.8,6.13,0.0,4,169.2
15.24,94.9,69.0,5.17,0.0,4,8.17
3.73,93.3,88.3,6.09,2.04,3,9.77
0.0,87.2,68.0,5.79,0.0,5,16.1
3.83,93.9,58.4,6.98,7.1,2,0.0
0.0,52.6,57.8,6.51,0.0,5,138.77
5.62,94.5,49.8,8.52,0.0,3,3.79
0.35,59.8,39.7,4.19,0.0,4,166.49
1.37,93.0,90.9,6.57,0.0,2,25.88
3.21,99.3,24.2,9.04,0.0,2,2.77
7.45,90.9,75.3,6.2,0.0,4,84.72
5.79,90.8,57.4,6.48,0.0,4,101.63
4.72,95.0,43.3,9.22,0.0,3,12.82
3.18,91.7,33.8,5.61,9.08,2,0.0
16.59,99.3,42.5,8.87,11.51,4,0.0
10.05,96.3,48.3,9.35,0.28,4,69.51
11.29,91.7,71.2,8.68,0.0,4,56.05
16.77,96.9,18.1,8.87,0.0,4,2.33
13.45,92.0,21.0,5.34,0.0,4,11.92
12.53,93.5,42.0,5.31,3.62,1,29.37
0.06,76.1,26.0,6.31,9.11,4,51.83
0.0,95.7,38.8,6.29,0.0,5,9.29
0.33,53.0,68.9,5.12,9.18,1,134.17
16.49,94.1,67.0,9.66,2.12,4,5.15
4.98,99.5,99.5,9.53,0.44,3,10.24
14.58,97.2,65.1,5.93,8.21,4,0.0
4.79,93.8,48.2,9.62,0.0,3,12.13
16.73,99.7,23.1,5.08,0.7,1,0.0
2.65,97.5,37.4,6.23,5.66,2,2.82
18.64,91.3,61.4,6.65,4.77,1,4.88
8.24,91.9,49.4,9.38,0.0,4,87.58
0.0,92.8,68.8,6.85,0.0,5,9.85
0.28,60.2,81.9,9.85,2.31,3,57.22
0.0,82.2,18.0,5.11,0.75,5,17.98
2.06,91.5,93.7,8.66,0.0,3,35.78
9.58,96.2,40.1,6.52,0.0,1,63.69
3.99,95.8,39.0,6.61,0.9,3,8.84
11.16,94.3,71.8,6.67,4.4,1,43.69
19.35,90.8,63.0,6.41,2.43,1,6.51
13.78,90.3,45.3,8.79,0.0,4,27.56
0.0,87.8,32.1,9.39,0.0,5,20.86
0.0,95.9,82.2,6.36,0.0,5,9.36
6.11,93.9,93.2,6.33,0.0,4,98.26
0.0,87.9,75.2,5.2,0.0,5,13.56
0.09,78.1,54.6,6.92,0.0,3,59.13
3.44,92.8,85.8,5.99,0.0,2,8.99
15.67,96.8,37.1,5.16,0.0,1,8.16
0.0,93.5,54.4,6.42,0.0,5,9.42
3.59,94.4,43.9,6.16,0.0,3,13.24
0.31,58.1,39.4,5.92,1.09,1,196.92
14.25,95.7,56.3,9.84,7.82,4,5.77
5.47,93.6,72.6,8.62,0.0,3,5.28
3.29,99.4,41.8,5.82,0.0,3,15.94
0.0,89.8,62.4,5.52,0.0,5,9.1
0.0,62.2,85.0,6.17,0.0,5,105.74
9.77,91.9,87.1,4.18,2.24,4,57.28
4.31,90.2,81.1,9.56,0.0,3,14.45
5.53,98.9,80.0,6.21,4.64,3,4.57
4.71,99.9,77.4,6.88,1.91,2,2.93
4.42,95.6,55.9,6.41,1.24,2,5.82
4.25,91.2,62.1,5.24,0.0,3,8.24
2.35,91.6,57.6,6.19,2.39,3,23.33
1.79,93.0,77.5,6.12,0.0,3,31.26
18.0,90.9,85.3,5.53,7.53,1,0.0
0.1,52.0,48.0,4.09,0.0,4,169.03
0.13,78.7,75.0,6.2,10.93,2,0.0
4.21,93.6,71.1,6.04,0.0,3,9.04
3.26,92.4,59.2,5.83,0.0,3,16.28
12.52,99.3,48.0,6.67,0.0,1,34.44
19.47,96.2,84.4,6.57,0.0,1,5.27
1.39,95.3,55.4,6.72,0.0,2,25.82
10.54,97.6,82.2,6.85,0.0,1,54.47
0.07,69.6,91.0,9.25,2.98,3,59.29
2.34,92.6,45.7,5.17,0.0,2,14.73
4.71,93.3,85.9,9.9,1.37,3,12.95
0.0,93.8,71.9,4.22,0.0,5,7.22
3.8,99.1,70.5,6.87,0.21,2,9.66
0.12,53.6,64.8,6.83,12.91,4,0.0
0.0,89.0,29.0,9.75,2.54,5,14.8
0.35,63.6,83.4,8.72,0.0,3,56.5
14.21,92.8,90.4,9.96,4.71,4,18.56
3.96,90.2,28.1,5.78,15.71,2,0.0
0.0,88.3,52.1,5.41,1.56,5,11.28
0.26,69.4,71.2,9.37,0.0,4,167.38
2.46,90.7,37.3,5.55,0.15,2,13.85
0.38,81.3,49.2,9.87,7.38,3,48.56
3.8,96.9,97.7,8.81,0.0,3,15.89
16.36,96.1,62.0,6.82,0.0,1,9.82
0.34,74.7,75.1,9.78,0.0,3,56.61
15.89,91.8,62.5,8.58,0.0,4,11.05
14.65,92.2,27.9,9.44,0.0,4,18.28
2.84,92.2,64.5,6.68,1.39,2,9.88
4.58,91.3,39.0,5.0,7.66,2,0.0
2.28,99.7,84.4,8.84,4.39,3,28.36
2.91,90.3,48.0,9.41,9.63,3,6.31
0.39,59.5,84.2,9.3,0.0,3,56.1
0.04,52.5,27.3,9.7,10.51,2,0.0
0.0,94.0,52.4,6.14,12.73,5,0.0
4.41,96.1,84.2,8.91,6.04,3,2.7
0.03,73.8,53.4,6.94,0.0,1,199.7
5.31,96.9,60.5,4.92,8.89,3,0.0
3.0,97.6,25.2,5.06,1.88,2,0.0
0.0,53.3,23.1,5.15,5.94,5,25.4
18.22,95.1,90.9,5.71,0.0,1,8.71
15.41,95.7,82.2,9.01,0.0,4,13.81
0.0,85.9,68.1,6.17,0.96,5,18.86
4.44,93.4,97.4,4.62,0.0,3,7.62
5.36,94.7,79.2,5.05,0.0,4,104.46
4.46,90.5,90.4,5.52,0.7,3,7.81
0.0,90.3,35.5,6.44,0.0,5,9.44
4.39,99.9,18.2,9.06,3.69,3,4.81
15.41,97.3,19.9,8.76,12.47,4,0.0
8.19,98.7,38.4,6.92,6.43,1,28.64
4.88,98.5,24.9,5.34,2.4,2,0.0
0.0,52.5,77.8,5.79,10.6,5,0.0
0.0,72.6,66.6,5.78,4.2,5,64.61
0.0,85.9,97.3,5.84,0.0,5,19.45
2.89,90.8,50.7,6.54,4.18,2,6.49
0.31,65.9,37.1,8.89,17.49,2,0.0
14.03,95.7,50.4,8.85,5.78,4,7.24
9.36,99.4,56.5,8.71,6.41,4,28.39
0.0,90.1,50.2,6.27,1.63,5,7.63
5.81,92.2,36.3,6.28,0.0,3,0.0
3.67,93.3,23.4,5.06,1.42,2,0.0
0.0,90.2,90.6,6.8,0.0,5,9.8
0.0,52.8,58.7,6.94,15.86,5,0.0
3.88,92.8,74.9,4.93,0.0,3,9.1
1.72,99.7,83.4,8.64,4.25,2,23.18
10.49,92.5,92.1,6.3,7.58,1,18.72
2.57,98.7,26.8,5.68,1.61,2,2.27
17.68,99.2,24.7,8.81,7.53,4,0.0
0.12,56.8,35.5,5.36,3.15,3,58.84
2.18,93.4,96.6,8.74,0.0,3,34.49
2.98,95.0,45.4,8.91,17.67,2,0.0
11.15,92.7,80.8,5.56,16.21,1,0.0
0.0,55.2,52.8,5.98,0.0,5,129.27
0.4,78.6,82.8,9.71,2.31,3,56.02
15.13,90.1,80.1,6.9,0.0,1,9.9
13.65,93.2,87.0,9.86,0.5,4,29.69
0.0,56.1,36.5,9.43,0.0,3,59.98
3.51,91.5,17.0,6.07,0.0,2,0.0
3.53,90.1,88.4,6.97,0.0,2,9.97
2.51,94.6,69.1,9.02,0.0,2,19.42
0.0,52.7,26.4,4.36,14.04,5,0.0
0.0,89.1,52.5,5.99,0.0,5,11.3
7.65,94.2,16.1,5.82,0.0,1,16.46
16.45,91.0,53.9,4.87,4.12,1,3.75
0.0,79.4,64.6,5.78,0.0,5,47.37
0.1,58.0,32.5,4.14,4.5,2,48.96
3.2,92.8,45.7,9.44,17.63,3,0.0
15.43,91.2,81.9,6.12,0.0,1,9.12
3.87,92.0,25.8,9.82,1.36,3,7.33
5.63,91.7,70.9,9.05,9.37,3,0.0
0.07,80.7,67.3,5.92,11.7,1,0.0
17.34,97.6,45.6,6.64,8.4,1,0.0
0.24,75.6,36.2,6.21,9.23,1,104.18
0.0,87.5,21.5,6.07,6.52,5,0.0
13.69,94.1,18.4,5.43,0.0,1,4.31
0.06,73.1,79.5,6.87,5.1,1,110.14
15.7,94.1,40.7,5.22,1.16,1,7.06
4.44,92.6,95.9,5.5,0.0,3,8.5
0.37,68.8,70.1,6.17,6.75,2,46.3
3.54,97.2,51.4,8.9,0.0,3,18.99
14.15,97.7,64.5,4.1,1.63,1,13.98
0.15,80.2,60.3,6.87,0.0,2,48.46
4.43,98.5,30.7,8.88,0.0,3,13.66
15.11,91.5,54.9,4.62,0.0,4,7.62
2.64,95.4,75.6,4.01,0.0,3,20.59
16.51,90.7,90.2,6.59,17.49,4,0.0
12.16,99.7,95.7,6.35,0.0,4,37.76
4.66,93.3,40.2,5.71,3.16,3,5.54
3.56,97.2,41.9,9.6,2.44,2,11.68
0.0,91.9,44.3,5.11,0.0,5,8.11
2.65,94.0,61.0,5.41,0.0,3,21.93
4.29,94.7,48.2,4.3,0.74,3,6.56
0.0,65.0,31.8,6.54,3.21,5,92.88
1.2,91.1,26.5,6.97,0.0,2,5.59
8.88,99.0,95.6,5.74,7.31,4,25.06
16.9,95.7,81.4,9.67,5.0,4,0.0
0.0,85.1,30.0,5.6,6.8,5,5.79
3.97,95.6,24.7,6.24,0.0,3,4.78
4.2,95.1,93.2,5.15,4.01,2,4.14
17.28,90.5,74.1,6.82,11.64,4,0.0
3.21,98.9,45.4,5.01,0.0,2,8.01
3.8,91.2,17.8,8.75,0.0,3,7.9
0.0,90.2,34.5,5.51,0.88,5,7.63
3.69,96.9,38.1,9.48,0.0,3,17.86
0.0,90.0,74.5,6.18,0.0,5,9.27
1.39,93.0,73.6,9.14,0.0,2,32.53
0.0,87.1,79.8,9.79,0.91,5,22.19
0.39,82.9,27.2,5.05,0.0,3,51.72
0.03,77.8,55.1,6.87,0.0,2,49.68
0.0,98.2,25.0,6.25,0.0,5,0.0
10.77,92.1,91.7,5.17,0.0,1,50.48
0.06,58.4,32.1,5.33,0.0,1,199.44
2.83,97.3,24.4,9.93,0.0,2,3.36
11.48,97.6,90.3,5.66,8.32,4,14.23
17.97,97.9,47.6,4.3,0.0,4,0.0
0.17,69.3,71.8,5.37,0.2,1,198.29
2.77,91.0,92.3,6.62,0.62,2,11.29
3.21,91.4,52.5,5.73,9.21,2,0.0
0.0,93.7,96.0,5.65,0.0,5,8.65
0.0,54.3,62.0,5.74,0.0,5,132.05
0.0,79.9,25.9,4.42,2.54,3,54.71
0.06,50.1,82.8,6.87,0.0,4,169.37
0.0,47.4,19.4,5.04,0.0,5,77.17
5.9,91.2,44.1,8.82,17.98,4,0.0
0.0,62.5,65.8,9.6,2.68,5,121.56
4.29,96.0,54.8,5.27,0.0,3,8.27
18.82,93.9,50.9,4.97,2.12,1,5.85
3.49,97.9,56.4,8.72,0.0,2,13.48
14.41,97.3,64.1,8.62,2.42,1,17.3
13.2,90.0,29.8,4.28,2.56,4,22.75
0.27,73.1,80.0,6.02,7.25,3,51.34
0.0,88.9,97.5,5.96,0.0,5,11.77
14.81,92.6,38.7,5.21,0.0,1,10.09
0.37,62.3,71.9,6.44,0.0,1,196.31
13.62,99.9,95.8,6.32,0.0,1,23.17
10.41,90.5,58.6,5.13,9.03,1,18.01
4.25,94.0,98.5,6.84,3.95,3,5.89
2.36,95.8,75.1,5.21,3.12,2,11.49
0.37,55.1,29.9,5.85,0.0,3,56.31
15.46,99.0,23.4,9.87,15.08,4,0.0
0.0,88.5,80.4,5.03,0.0,5,11.84
5.98,95.6,67.5,8.98,1.14,3,0.0
0.0,86.5,97.6,6.83,9.8,5,3.61
1.99,94.1,47.7,6.94,6.16,3,9.55
3.25,90.4,70.9,9.06,0.0,3,22.53
3.38,92.9,97.1,6.61,0.0,3,15.82
3.06,95.3,91.0,6.82,17.07,2,0.0
3.62,98.7,58.5,5.43,0.0,2,8.43
0.0,47.7,59.8,5.03,14.14,5,0.0
0.3,75.8,44.1,8.53,1.69,4,167.04
2.18,99.1,88.2,6.98,0.0,3,28.23
17.05,91.0,45.5,5.89,0.67,1,8.22
16.41,91.1,15.1,8.68,0.0,4,5.85
0.2,56.5,15.3,6.67,2.86,4,167.02
0.0,88.2,96.9,9.6,1.3,5,18.32
4.02,90.3,99.3,5.77,0.0,2,8.77
17.38,98.8,48.6,6.89,0.0,1,9.89
0.0,85.3,77.7,6.24,0.0,5,21.46
13.48,92.1,26.6,6.61,9.26,1,0.0
0.0,54.8,48.2,9.34,0.76,5,153.95
4.12,95.3,21.0,6.29,0.42,2,0.0
6.19,94.3,42.3,8.56,0.0,4,108.09
13.9,96.2,36.6,5.66,0.0,1,19.66
3.32,92.3,46.2,4.05,14.0,2,0.0
5.32,97.9,61.8,8.86,0.0,3,6.76
15.43,97.8,18.2,6.78,2.31,1,0.0
0.0,94.6,86.4,5.87,3.26,5,5.61
12.91,94.5,27.5,6.99,0.0,1,30.89
3.8,92.9,53.4,4.34,10.82,2,0.0
0.0,89.0,95.4,9.83,0.0,5,17.64
16.94,98.9,18.3,9.81,0.0,4,0.0
0.0,88.4,73.1,9.59,15.88,5,0.0
15.76,96.8,54.4,8.71,0.0,4,12.39
0.0,60.4,54.0,6.81,1.02,5,111.41
3.43,98.7,89.5,5.42,0.41,3,13.69
0.0,88.8,96.3,5.04,0.0,5,11.15
0.15,76.7,43.2,9.71,0.0,4,168.48
12.56,98.5,21.8,9.36,4.92,4,18.3
4.88,92.4,99.1,9.98,1.53,3,11.23
13.07,97.4,51.7,9.86,5.43,4,12.31
0.28,67.3,77.2,5.29,0.0,1,197.19
0.33,60.9,93.0,8.75,8.77,3,56.69
0.2,84.2,94.1,6.97,12.84,3,0.0
0.21,83.9,15.1,6.37,10.98,4,0.0
0.0,60.0,52.3,8.51,6.58,5,49.58
0.0,59.5,63.4,6.89,3.52,5,111.37
0.0,76.7,97.4,5.85,0.0,5,56.3
2.36,99.4,83.9,5.31,18.7,2,0.0
0.29,54.8,45.2,5.67,0.0,3,57.14
1.31,91.7,79.0,5.49,0.0,3,35.35
1.71,97.0,92.3,6.25,7.06,2,6.04
1.63,97.6,54.7,9.3,6.76,2,8.85
0.4,67.5,78.5,4.14,0.32,3,56.04
0.12,60.9,16.1,6.72,0.0,3,58.81
15.32,96.0,94.3,9.65,3.28,4,10.78
1.4,99.1,63.2,4.37,7.41,2,6.38
13.52,95.7,47.9,9.7,6.56,4,9.64
7.96,94.8,31.2,9.69,1.31,4,90.44
4.2,96.7,33.7,6.37,0.0,3,9.37
3.03,94.2,71.6,6.62,1.2,2,8.42
0.19,63.2,28.1,5.62,1.75,4,168.11
12.51,99.7,75.0,5.5,0.94,1,32.49
12.22,93.7,65.4,6.17,2.77,1,34.16
0.25,72.4,92.7,6.08,7.4,2,46.96
4.63,95.7,81.6,5.46,0.0,2,3.71
0.0,59.3,18.7,5.8,6.12,5,21.43
15.91,96.7,27.9,9.44,0.0,4,10.9
12.66,94.6,21.5,6.15,0.0,1,6.5
0.28,65.8,45.4,8.55,0.0,3,57.24
15.15,98.1,31.9,5.75,3.78,1,4.97
13.53,96.2,24.8,4.4,0.0,1,4.42
2.44,96.8,77.1,6.44,4.1,2,10.94
7.2,95.1,42.0,5.59,7.45,4,31.65
0.36,83.0,74.4,5.15,2.67,3,56.39
3.01,90.3,68.3,9.01,0.0,2,13.81
16.98,90.6,69.9,5.31,3.67,1,4.64
0.0,95.7,58.0,5.77,0.44,5,8.33
0.06,51.9,29.8,9.75,6.87,3,59.35
0.0,87.8,42.7,4.73,0.0,5,13.44
4.47,94.4,42.9,5.68,0.0,3,8.68
0.0,84.4,73.0,5.36,6.38,5,8.57
2.8,99.6,66.7,5.11,0.0,2,10.11
3.21,92.4,83.2,5.34,0.0,2,8.34
4.55,92.4,95.1,5.49,0.0,3,8.49
0.25,69.1,56.7,6.6,18.9,3,0.0
8.2,96.6,72.6,5.97,0.0,1,76.96
12.35,96.6,42.1,6.61,0.0,1,36.1
0.0,86.3,23.6,5.34,0.0,5,3.58
0.4,71.5,77.6,5.84,0.0,3,56.01
3.45,94.9,53.4,4.88,0.0,2,7.88
0.0,86.0,94.6,5.83,4.43,5,14.73
16.78,99.7,26.6,4.06,0.56,4,2.22
0.0,88.1,98.5,5.79,0.0,5,13.6
8.68,99.4,35.6,5.1,1.38,1,69.95
0.2,62.0,70.0,6.31,0.0,3,57.96
0.21,78.8,66.6,9.9,0.23,4,167.88
3.45,95.6,81.7,6.19,0.0,2,9.19
0.0,81.9,52.2,9.55,0.0,5,50.38
15.39,90.7,67.9,5.44,0.0,1,8.44
5.44,97.5,38.2,8.51,10.71,3,0.0
0.28,67.1,56.4,4.42,0.0,1,197.17
4.54,97.2,97.3,5.62,5.7,2,0.0
4.41,97.0,17.7,8.84,0.0,2,2.72
10.57,94.3,63.6,4.97,0.0,1,52.29
0.0,88.1,81.4,6.49,0.0,5,14.35
3.58,100.0,78.1,5.71,1.01,2,7.7
4.17,97.5,23.1,9.42,2.89,3,5.48
17.13,97.9,46.5,9.42,0.0,1,14.28
0.0,58.8,52.4,6.63,0.0,5,118.11
4.33,96.0,45.4,8.63,0.0,3,13.38
13.27,99.6,51.0,5.1,0.0,4,25.45
0.0,89.0,38.0,5.23,9.91,5,0.0
3.61,92.2,50.4,9.52,1.22,3,17.47
12.77,95.3,80.4,5.51,3.69,1,27.07
3.71,94.9,94.4,5.4,1.57,3,9.68
0.0,54.1,94.7,6.72,2.03,5,131.21
0.0,95.0,38.3,6.98,12.08,5,0.0
0.37,74.5,53.6,8.83,2.52,2,46.33
12.96,99.3,70.4,4.39,11.55,1,0.0
0.34,51.3,81.2,5.61,17.61,4,0.0
10.86,94.2,20.6,5.07,2.8,1,9.34
5.39,95.6,94.6,8.66,0.93,3,6.09
4.23,98.6,63.2,6.22,6.78,3,0.0
1.01,97.6,59.8,6.62,0.0,2,29.54
5.12,95.7,34.4,6.59,18.51,1,0.0
4.08,92.3,64.7,9.33,1.83,3,12.07
8.67,92.7,29.3,4.66,0.0,4,70.98
12.82,98.8,38.6,9.97,8.77,4,11.95
2.92,90.7,70.2,6.68,11.31,2,0.0
12.88,99.5,85.0,6.09,0.0,4,30.26
0.0,58.3,49.8,4.32,0.0,5,116.58
8.05,91.6,95.6,9.64,0.0,4,89.53
2.24,90.1,26.4,6.25,1.74,2,3.02
12.63,91.8,98.3,9.8,2.3,4,39.3
2.18,91.7,17.7,9.17,0.0,2,4.69
0.0,90.6,17.6,8.95,0.0,5,2.75
0.0,46.5,61.3,9.04,4.71,5,180.02
5.61,91.4,49.2,8.57,0.0,4,113.88
5.87,92.3,32.3,8.64,3.19,3,0.0
0.0,89.9,51.6,5.79,0.0,5,9.15
3.01,91.8,28.0,6.27,0.0,2,9.27
0.0,90.1,36.7,5.7,4.15,5,4.55
0.39,74.9,81.5,9.1,5.77,3,56.05
0.14,57.7,59.8,5.54,0.0,1,198.65
18.17,96.4,79.1,6.65,0.0,1,9.65
16.99,97.7,33.9,5.94,0.0,1,8.94
0.0,88.4,52.9,9.7,2.09,5,17.05
3.3,90.9,59.5,4.43,0.0,2,7.43
2.45,94.5,62.7,5.8,3.68,2,10.66
16.11,93.8,32.0,5.06,1.29,1,6.77
0.0,77.3,42.3,5.62,0.0,5,53.97
3.57,98.7,62.6,5.94,0.0,2,8.94
0.12,57.1,51.6,9.86,0.29,4,168.82
3.21,99.1,39.9,4.68,7.47,2,0.0
1.38,94.1,91.6,5.51,5.46,2,7.7
18.34,95.6,27.9,5.7,0.0,1,8.7
9.93,99.3,26.8,5.77,13.73,1,0.0
0.0,94.7,82.8,5.94,3.94,5,5.01
14.03,91.8,65.9,6.95,0.0,4,19.7
0.0,93.9,90.8,5.21,0.0,5,8.21
0.0,74.3,34.0,6.77,0.0,5,65.6
17.78,92.5,62.1,4.21,0.0,4,0.0
0.0,87.1,31.6,5.07,0.0,5,15.74
16.47,96.6,39.8,9.04,0.0,4,5.29
14.47,94.6,46.6,6.14,0.0,1,14.43
0.0,87.2,86.2,5.66,6.12,5,3.92
1.83,97.3,32.0,5.61,0.0,3,30.36
5.37,92.9,96.1,5.53,15.15,3,0.0
3.42,97.2,66.5,6.32,8.72,2,0.0
10.86,93.0,95.8,6.63,0.0,4,51.04
0.33,65.6,30.9,6.58,0.0,4,166.7
4.6,93.4,92.0,8.91,0.56,2,4.03
0.04,65.9,89.3,9.01,0.0,2,49.61
2.04,90.8,24.4,9.33,0.0,2,5.04
0.0,68.3,44.1,9.71,0.0,5,103.51
15.68,98.1,20.3,6.22,0.0,1,0.0
2.74,95.7,36.8,6.37,0.0,2,11.97
14.86,98.6,49.6,6.93,0.0,1,11.31
0.0,96.3,82.0,6.85,0.0,5,9.85
4.33,98.7,38.9,6.98,3.79,2,6.19
2.73,90.5,66.4,9.76,8.63,2,3.15
17.48,98.8,81.4,5.25,0.0,4,0.0
2.46,90.5,89.2,6.03,4.38,3,20.02
12.81,92.2,75.7,9.97,0.0,4,40.05
3.36,91.2,78.4,6.23,0.0,2,9.23
2.17,93.2,92.6,6.36,9.56,2,3.25
4.01,93.9,91.0,6.55,6.24,3,0.0
4.43,91.8,76.5,4.82,0.0,3,7.82
0.31,68.3,35.5,6.18,0.0,2,46.91
3.46,94.4,55.2,5.75,0.0,2,8.75
13.89,99.2,24.4,5.15,0.0,4,9.6
14.53,99.2,26.3,9.64,0.0,4,9.95
4.66,96.2,55.4,8.83,0.0,3,13.43
19.57,97.4,54.2,6.35,0.0,1,4.28
0.0,47.7,45.5,8.54,19.16,5,0.0
15.99,95.3,19.9,5.37,0.0,1,0.0
0.11,80.2,87.3,5.1,0.0,2,48.9
12.1,98.5,23.9,9.5,3.09,4,22.08
5.5,96.8,61.8,9.41,0.0,3,5.0
0.09,57.5,19.1,6.91,2.93,3,59.08
0.08,70.8,62.9,8.94,0.0,2,49.17
4.12,91.6,64.8,5.39,0.0,3,8.39
0.34,74.1,83.5,5.18,3.44,2,46.59
13.87,95.8,74.8,9.02,0.0,4,26.82
17.7,92.9,55.2,6.07,3.91,4,0.0
5.44,95.0,63.8,5.07,6.44,3,0.0
0.0,76.4,40.4,6.65,2.64,5,55.09
0.23,54.3,73.6,5.33,2.71,4,167.74
0.12,69.8,41.7,6.82,12.72,1,0.0
15.48,90.4,15.2,9.23,8.73,4,0.0
4.29,95.5,66.0,6.91,5.47,3,0.0
17.79,97.0,97.8,6.45,0.0,1,9.45
4.22,99.0,92.6,6.75,0.0,2,7.8
3.78,97.4,20.2,9.98,0.84,3,8.24
0.0,46.6,45.1,6.43,0.31,5,158.61
0.0,86.7,94.4,6.69,15.14,5,0.0
14.31,98.3,44.4,5.13,0.0,1,15.06
0.0,94.3,70.2,6.38,10.52,5,0.0
0.0,45.5,72.4,6.65,8.02,5,61.05
2.0,97.0,53.5,6.45,0.0,2,19.45
0.0,92.2,78.7,5.45,11.32,5,0.0
14.84,95.8,80.9,6.39,0.0,1,10.96
15.18,98.4,73.2,9.24,0.0,4,14.08
4.49,93.2,89.2,9.24,17.43,3,0.0
1.73,93.6,48.3,9.55,9.23,3,11.95
17.14,92.6,43.1,5.02,8.9,4,0.0
6.5,93.9,43.3,9.04,7.91,4,41.01
16.05,92.1,81.6,5.66,0.0,4,8.66
0.0,89.6,68.1,6.56,0.0,5,10.52
0.0,86.5,68.7,5.56,1.58,5,16.17
0.17,77.5,87.8,4.4,18.47,3,0.0
3.12,92.0,38.7,5.03,0.0,2,8.03
0.0,85.9,20.6,5.2,0.0,5,3.76
0.21,73.1,40.8,5.16,0.0,2,47.85
3.42,95.4,25.7,9.53,19.36,3,0.0
5.26,99.6,28.6,5.37,2.61,3,5.76
3.39,98.6,40.9,5.03,1.9,3,12.22
6.93,91.8,85.1,5.32,5.67,4,33.33
17.89,93.0,39.4,5.79,19.86,1,0.0
4.24,95.3,87.5,6.7,0.0,3,9.7
8.68,90.2,31.3,6.42,0.0,4,72.67
13.21,98.1,36.0,6.5,0.0,1,27.41
14.51,92.7,56.3,5.92,8.75,1,2.04
0.19,63.6,80.9,8.83,0.0,4,168.05
2.93,97.4,20.5,4.29,2.59,2,0.0
19.6,95.3,87.1,6.52,5.2,1,0.0
14.35,96.5,98.5,9.23,2.16,4,19.07
16.9,94.2,36.8,5.0,0.0,4,0.0
12.37,99.9,45.6,6.42,13.5,1,0.0
0.25,70.8,70.6,6.47,13.17,1,0.0
8.29,91.2,18.3,6.24,0.0,1,15.28
0.34,62.7,53.9,9.56,0.0,4,166.65
2.44,97.9,71.5,4.5,4.4,2,8.67
0.0,92.2,66.7,6.23,1.6,5,7.63
0.0,89.8,64.9,6.52,8.59,5,0.0
5.21,92.5,82.1,6.55,0.0,3,7.93
0.0,86.1,37.9,5.01,3.44,5,14.71
0.33,80.9,53.8,5.39,0.0,3,56.74
14.01,92.4,44.3,5.52,1.3,1,17.12
4.29,94.6,48.6,9.74,3.07,3,11.13
15.55,99.5,86.6,6.89,4.44,4,5.45
14.87,96.1,39.0,8.8,0.0,4,15.05
0.0,88.2,90.4,6.51,4.61,5,9.64
1.7,98.6,17.0,6.48,0.0,3,16.25
0.0,72.0,16.7,6.7,8.08,5,12.6
0.28,60.2,91.9,4.97,15.48,2,0.0
15.53,96.6,76.5,8.9,0.0,4,13.68
6.14,96.4,87.2,8.92,2.42,4,108.56
4.25,90.6,59.5,9.04,1.81,3,11.76
0.0,88.2,17.1,6.48,8.18,5,0.0
3.15,97.6,98.7,4.82,3.32,2,4.5
3.82,90.7,56.6,9.8,4.77,3,11.26
13.87,98.6,64.1,5.23,0.0,4,19.51
0.0,91.2,72.5,6.42,6.74,5,0.0
3.38,93.4,21.7,6.59,15.22,2,0.0
18.75,98.2,35.4,6.32,0.0,1,9.32
12.76,95.2,77.6,5.42,0.0,4,30.78
16.02,97.3,89.5,9.34,0.0,1,14.19
0.0,91.8,99.1,9.66,3.61,5,10.41
5.41,96.5,47.6,4.42,0.0,1,103.34
5.64,90.2,80.3,6.55,0.0,3,3.59
0.16,81.9,77.2,9.63,2.68,4,168.35
2.91,95.5,97.9,5.5,6.48,2,0.0
0.03,76.5,75.2,6.9,9.75,2,40.75
5.83,91.3,18.6,5.77,1.97,3,0.0
3.51,91.9,93.4,6.54,0.0,2,9.54
3.39,92.1,84.5,5.77,0.0,3,14.84
14.84,92.5,43.8,9.61,0.0,4,16.32
10.73,93.7,90.9,9.19,17.93,4,0.0
0.0,83.8,71.8,5.12,4.23,5,26.0
0.04,73.0,68.1,9.47,6.0,3,59.6
0.0,80.2,62.6,5.49,0.0,5,44.07
0.0,91.8,29.5,4.75,0.0,5,7.75
2.51,97.7,19.1,6.06,0.0,2,2.79
1.27,97.3,79.5,6.86,10.71,3,0.0
2.51,93.0,50.6,8.93,0.0,3,30.88
5.4,99.5,92.8,8.96,0.0,3,6.04
0.0,96.9,89.7,4.75,0.0,5,7.75
0.16,79.8,71.7,8.64,19.16,4,0.0
0.31,70.1,93.4,5.86,18.07,3,0.0
0.33,51.1,72.4,9.77,0.0,4,166.68
0.0,86.1,77.5,5.65,0.0,5,18.68
0.0,87.8,15.4,6.19,9.59,5,0.0
10.95,93.9,99.8,6.67,1.58,4,48.6
4.58,95.9,68.6,9.14,3.3,3,10.17
12.11,97.1,69.4,9.96,3.71,4,43.92
2.4,92.3,39.5,9.13,0.0,2,20.83
0.0,86.1,80.5,5.36,1.67,5,16.8
0.34,80.9,29.2,4.67,0.0,4,166.59
2.69,92.8,98.7,5.45,0.0,3,21.52
14.75,92.3,25.4,9.6,0.0,1,3.46
1.54,97.8,23.3,9.36,0.0,2,6.21
0.0,87.1,85.1,5.82,0.0,5,16.43
5.04,92.2,95.6,6.48,0.0,4,109.04
0.0,93.3,73.4,5.13,0.0,5,8.13
14.37,90.3,90.6,5.2,0.0,4,14.5
15.72,99.0,57.6,5.04,0.0,1,8.04
5.82,94.9,60.6,5.48,6.46,3,0.0
17.6,99.6,53.1,4.22,3.7,1,3.52
0.05,67.8,79.9,9.12,6.44,2,49.54
2.8,94.2,88.0,5.99,8.45,2,0.0
0.24,67.9,85.2,6.59,2.53,2,47.62
3.36,92.4,71.7,6.43,9.56,2,0.0
0.01,50.1,84.8,6.43,0.0,2,49.94
4.78,94.9,38.1,4.81,0.0,3,7.81
0.32,53.2,52.4,8.67,0.0,1,196.79
14.78,98.3,46.1,4.84,0.0,1,10.08
0.0,94.8,75.6,5.35,0.0,5,8.35
13.94,90.6,46.3,9.83,6.73,4,7.7
16.12,99.8,55.9,5.28,19.44,1,0.0
0.22,54.5,90.0,6.65,0.77,1,197.84
0.0,94.1,84.5,6.63,16.99,5,0.0
0.0,92.7,61.4,6.29,3.7,5,5.6
14.68,92.3,71.6,9.03,1.64,1,15.58
0.0,46.6,75.6,6.66,0.0,5,159.25
0.0,55.4,87.8,6.03,1.87,5,126.37
0.0,89.6,47.8,6.84,0.0,5,10.88
18.47,91.6,83.0,5.9,0.0,1,8.9
18.58,95.9,57.3,6.65,0.0,1,9.65
0.06,78.2,38.1,9.74,0.0,1,199.38
0.23,76.9,46.8,5.93,0.0,4,167.73
0.08,51.5,36.7,9.46,1.17,4,169.24
4.53,98.0,80.4,9.42,0.0,3,14.28
1.94,90.9,40.3,6.09,0.0,3,29.65
16.33,91.5,53.5,8.52,9.41,4,0.0
2.98,100.0,70.7,5.49,8.31,2,0.0
0.18,75.6,15.9,6.9,1.87,2,48.21
8.37,91.2,96.9,8.56,0.0,4,86.31
17.17,92.2,34.2,6.5,16.85,1,0.0
16.83,90.9,76.3,4.4,0.0,4,0.0
12.07,98.0,37.6,8.53,0.0,4,46.96
0.0,89.5,78.8,6.03,0.0,5,10.21
19.49,98.5,93.1,5.15,7.55,1,0.0
3.45,92.9,35.3,9.59,0.0,2,14.48
3.34,93.0,42.8,6.62,7.59,3,3.44
0.18,52.7,78.3,4.26,0.0,2,48.19
19.68,98.3,28.9,9.9,0.0,1,3.16
3.55,95.3,41.5,8.58,1.24,3,17.09
0.0,54.0,92.2,5.3,11.95,5,0.0
17.0,94.3,87.6,4.55,0.0,4,0.0
1.34,94.1,54.7,9.62,3.77,3,40.76
0.0,85.5,64.4,9.56,0.0,5,27.8
0.0,88.5,41.4,6.52,9.68,5,0.0
4.23,92.1,26.4,9.8,6.03,3,0.0
17.03,94.9,83.4,6.97,11.65,1,0.0
1.23,94.3,74.6,9.29,0.0,3,46.03
4.18,90.5,85.0,9.22,0.0,2,8.17
13.48,96.8,27.1,6.88,14.04,1,0.0
5.62,90.3,95.0,9.26,1.83,3,3.77
0.0,77.3,83.6,4.23,0.0,5,52.39
0.33,82.4,45.7,6.46,5.31,4,97.2
13.09,96.6,87.6,6.68,0.0,1,28.78
0.0,89.4,31.1,5.43,0.0,5,9.92
2.07,99.5,72.1,5.92,0.0,2,18.21
3.75,95.4,22.1,9.84,5.38,3,2.29
0.39,71.7,23.6,5.96,6.53,1,55.42
0.06,75.6,99.2,5.24,0.0,4,169.42
2.63,93.9,39.9,6.61,10.31,2,0.0
5.67,94.4,27.4,4.46,0.0,3,3.28
0.0,92.8,41.4,6.48,0.0,5,9.48
16.96,93.5,70.2,8.67,4.28,4,0.0
4.42,93.7,44.4,9.62,15.3,3,0.0
4.21,99.2,60.5,5.79,0.0,2,7.93
14.09,94.5,94.0,6.0,7.14,1,4.38
3.96,91.3,15.5,5.62,0.0,2,0.0
0.18,62.3,48.9,9.52,0.0,3,58.18
0.34,64.3,29.1,6.4,8.92,1,119.76
9.92,93.6,66.5,9.9,0.0,4,70.76
5.36,97.6,41.1,5.75,3.42,4,101.74
0.0,93.0,78.5,6.64,0.0,5,9.64
5.33,92.7,90.7,4.59,7.0,3,0.0
16.67,91.9,52.2,9.51,15.15,1,0.0
2.29,96.0,89.8,8.69,0.0,3,33.17
0.04,52.4,37.1,5.54,7.01,1,136.45
0.27,52.6,38.1,5.72,0.0,2,47.32
14.89,95.5,80.7,6.61,16.95,1,0.0
0.0,82.7,62.8,6.9,4.23,5,32.02
13.24,90.7,19.0,5.72,4.14,1,4.44
0.0,83.4,22.5,5.75,5.64,5,5.29
10.31,99.4,63.6,5.81,0.0,1,55.68
14.21,90.3,24.8,9.79,0.0,4,11.92
0.0,94.7,69.1,9.54,12.95,5,0.0
0.25,76.5,90.6,5.43,0.26,2,47.46
4.18,91.8,26.7,9.48,7.53,3,0.0
0.0,94.8,69.7,9.35,0.0,5,14.2
0.4,74.9,82.1,9.22,3.21,2,46.01
3.22,92.3,35.8,6.82,2.55,3,15.08
1.28,95.0,32.4,9.78,0.0,3,45.92
1.22,94.9,72.7,5.68,1.14,2,25.34
0.12,56.3,44.5,5.14,2.72,1,198.78
0.23,59.4,44.8,8.66,2.88,4,167.73
0.0,96.9,96.3,4.19,9.8,5,0.0
17.59,99.7,80.6,9.1,2.44,1,11.11
0.4,53.2,58.5,9.89,0.0,4,166.04
0.0,98.7,35.9,6.73,4.62,5,5.11
18.69,97.9,83.6,6.68,3.98,1,5.7
7.44,96.4,54.8,4.57,2.12,1,81.05
6.89,96.5,59.5,6.94,0.0,4,91.0
3.0,97.3,23.3,9.14,0.0,3,12.71
12.82,97.8,19.3,6.52,0.0,1,6.27
8.75,96.6,39.3,5.32,0.0,4,70.86
2.94,96.2,29.9,9.88,11.75,2,0.0
0.39,80.7,41.9,9.1,1.71,2,46.14
13.05,91.7,63.0,5.51,2.81,4,25.21
0.0,83.1,64.6,6.58,2.65,5,32.35
17.09,100.0,93.3,6.33,5.69,1,0.0
0.0,92.5,20.3,6.96,0.0,5,0.0
4.49,92.3,78.6,5.26,2.57,3,5.69
0.0,93.8,72.9,5.86,0.0,5,8.86
0.0,90.1,45.1,5.07,6.89,5,0.0
0.0,94.4,73.0,8.68,11.24,5,0.0
1.93,98.4,49.8,6.6,0.0,2,20.35
3.03,95.1,87.3,6.04,0.0,2,9.04
16.7,96.4,23.6,9.12,0.0,4,3.03
1.66,94.0,19.8,4.47,3.77,2,3.41
0.0,93.6,43.7,5.6,3.51,5,5.1
0.15,78.9,70.3,6.87,0.0,1,198.53
0.0,90.0,79.3,5.62,2.84,5,5.79
17.59,96.4,77.0,6.78,6.44,1,0.0
12.6,92.6,63.5,6.8,0.0,4,33.78
5.21,96.7,56.3,5.25,0.0,4,106.15
5.44,96.6,66.2,5.16,0.0,3,5.62
16.24,95.3,52.8,9.71,3.35,4,7.6
0.0,59.6,47.0,5.65,0.0,5,113.94
5.62,99.9,64.3,6.34,11.41,3,0.0
2.36,92.4,76.4,9.18,0.0,3,32.87
0.01,77.3,82.8,5.97,0.0,1,199.9
3.42,95.7,68.4,9.79,7.2,3,5.22
0.36,63.0,94.6,6.56,7.94,4,122.14
8.17,91.3,85.5,5.46,0.62,1,76.15
15.72,94.9,39.9,4.85,0.0,4,7.85
0.0,87.5,54.0,4.96,7.69,5,2.66
1.85,92.1,75.5,4.84,0.0,2,19.31
3.28,92.7,60.0,6.45,9.61,2,0.0
0.0,96.6,39.0,5.83,2.61,5,6.22
0.0,97.8,99.8,6.84,0.0,5,9.84
15.62,93.6,39.6,9.93,1.3,4,13.37
3.57,94.1,99.9,9.59,0.0,2,14.3
0.17,73.4,34.7,8.65,9.56,4,124.5
0.0,53.1,23.3,5.51,0.0,5,67.81
0.28,72.3,82.5,5.58,0.0,2,47.21
2.2,95.8,84.7,5.58,11.97,3,0.0
3.11,90.3,50.6,6.67,0.0,2,9.67
0.16,80.9,36.2,6.94,0.0,4,168.37
0.26,69.3,36.0,5.92,0.84,3,57.37
0.0,85.9,40.0,6.12,8.67,5,4.42
0.34,83.3,42.9,4.92,3.93,4,166.58
0.0,81.1,20.6,5.9,7.31,5,6.4
16.52,90.1,38.5,9.2,7.49,4,2.17
0.1,50.1,65.1,4.07,4.19,3,59.04
16.92,98.1,27.2,9.88,3.77,4,0.0
0.0,93.5,63.1,5.05,0.0,5,8.05
14.91,99.6,92.3,9.63,0.0,1,15.59
6.4,93.1,90.9,5.95,0.0,1,94.94
10.37,96.4,20.9,6.89,0.0,4,28.11
0.0,89.6,20.3,6.21,2.18,5,0.0
4.75,91.7,99.9,6.37,0.0,2,2.48
0.0,93.0,95.5,9.31,0.0,5,14.16
0.0,91.8,26.9,6.53,1.65,5,0.0
2.29,92.6,69.3,9.03,0.0,3,33.51
4.34,98.4,82.9,5.25,0.0,2,6.59
5.17,90.8,65.5,6.14,5.38,3,0.0
14.5,93.9,65.0,5.47,7.44,1,2.4
4.78,91.8,74.6,8.9,0.0,2,2.22
2.47,98.4,63.6,6.32,10.94,2,0.0
4.59,93.7,30.8,6.6,0.0,3,9.6
14.98,99.7,91.8,8.72,6.24,4,2.6
0.24,77.9,54.0,5.02,11.92,1,0.0
3.4,93.7,76.5,5.63,3.36,2,5.27
1.02,95.4,18.5,6.36,7.75,2,0.0
4.07,93.1,98.8,8.52,17.66,3,0.0
15.42,94.5,70.9,6.33,0.0,1,9.33
2.45,99.7,61.4,6.66,0.0,2,15.16
4.39,95.4,30.9,4.82,0.0,3,7.82
12.94,97.7,38.6,6.18,8.37,4,8.55
0.0,62.0,78.1,5.9,0.0,5,106.07
0.03,52.7,33.2,6.9,12.22,2,0.0
11.94,95.7,22.9,6.09,2.11,4,18.81
15.02,92.3,75.1,6.75,0.0,1,9.75
16.08,94.1,70.5,6.93,5.8,4,0.0
4.13,98.4,28.2,5.05,0.0,2,8.05
0.36,83.9,88.5,6.43,5.68,1,94.94
4.3,99.5,26.2,5.61,0.0,3,4.3
1.41,91.7,50.7,6.82,0.0,3,35.71
0.0,45.3,20.3,6.34,17.06,5,0.0
16.57,97.4,60.0,5.87,16.7,1,0.0
0.0,77.0,65.4,5.02,4.77,5,47.99
0.0,89.8,35.6,5.84,10.27,5,0.0
13.94,98.2,38.1,6.99,0.0,4,20.6
6.62,90.2,50.9,5.5,0.0,1,92.34
13.18,96.7,88.3,9.69,0.0,4,35.58
3.13,98.9,51.0,5.32,0.0,2,8.32
4.71,90.5,30.6,6.13,0.0,3,9.13
2.81,93.8,26.7,5.62,0.0,2,2.11
13.58,95.0,81.0,9.07,6.73,4,8.98
16.03,99.2,23.7,6.99,0.0,1,0.0
0.0,97.2,78.5,4.67,3.03,5,4.64
0.0,86.2,58.7,5.62,0.0,5,18.63
0.35,62.5,30.7,9.88,0.0,3,56.52
12.93,99.6,80.8,5.71,6.98,1,8.99
0.0,91.1,69.6,5.03,0.0,5,8.03
5.52,97.9,93.7,9.17,0.0,3,4.77
16.5,96.0,32.4,8.52,10.1,4,0.0
3.43,94.9,27.6,5.59,3.53,2,5.07
7.01,97.7,81.5,9.99,0.0,4,99.95
13.26,92.2,48.9,4.19,0.0,4,24.62
1.61,99.0,67.6,5.36,0.0,2,22.31
0.0,98.4,82.7,6.67,0.0,5,9.67
3.02,99.6,83.5,9.28,18.66,2,0.0
13.84,98.8,24.6,9.81,0.0,4,14.02
14.91,96.4,34.7,4.24,0.0,4,8.13
0.0,92.2,65.2,5.81,0.0,5,8.81
16.66,97.0,70.2,6.03,5.38,4,0.0
8.89,92.4,46.4,5.75,3.14,4,66.68
3.36,94.4,82.4,6.03,0.0,2,9.03
13.42,95.0,72.6,6.86,12.98,1,0.0
0.0,87.0,29.5,5.11,0.0,5,15.9
15.22,98.9,48.9,5.27,16.12,4,0.0
0.0,48.1,54.9,5.68,18.26,5,0.0
0.0,81.5,82.6,5.28,0.0,5,39.42
16.09,96.5,39.9,5.15,0.0,1,8.15
2.85,90.7,55.8,6.98,12.52,2,0.0
4.53,93.8,42.4,8.74,0.0,3,13.5
0.0,85.3,73.2,9.35,0.39,5,27.69
1.48,94.8,99.2,8.98,0.0,2,31.23
1.73,99.5,70.4,4.29,5.46,3,9.82
12.17,92.0,47.2,5.59,1.25,4,35.67
0.4,51.8,55.3,9.71,0.0,3,56.03
2.9,93.3,20.7,6.51,0.0,2,2.11
3.07,97.7,25.8,5.3,0.0,2,0.0
0.0,92.8,30.7,4.64,0.0,5,7.64
0.0,94.3,72.4,5.77,0.0,5,8.77
13.03,99.7,80.1,9.37,0.0,4,36.84
3.88,99.9,77.9,4.18,3.25,3,5.13
0.38,68.8,60.9,5.96,11.03,4,0.0
3.3,98.5,72.6,9.98,0.0,2,14.92
3.32,97.1,75.8,9.49,0.0,3,22.19
4.29,90.6,15.7,5.9,7.93,3,0.0
0.07,72.6,20.7,9.19,0.0,4,164.8
6.15,90.5,86.3,9.97,7.74,4,43.1
3.06,91.8,57.3,6.66,0.0,2,9.66
0.34,63.4,99.8,9.12,11.22,2,0.0
0.0,89.9,76.7,6.52,9.47,5,0.0
8.34,91.8,85.2,4.52,0.0,4,74.17
3.06,95.4,45.3,6.27,0.0,2,9.27
2.95,99.2,62.2,5.68,0.0,2,9.2
0.0,89.9,60.6,4.33,1.8,5,5.89
12.09,92.7,21.2,5.69,0.0,1,7.56
4.05,94.0,49.6,8.54,4.79,3,7.76
17.2,95.5,64.4,5.47,0.0,1,8.47
2.08,93.9,15.9,5.18,8.24,2,0.0
6.01,96.8,38.8,6.17,9.14,1,35.95
0.0,62.3,37.2,6.24,0.0,5,105.79
16.87,98.2,91.0,8.74,18.85,1,0.0
0.0,72.5,61.9,6.75,3.66,5,67.03
13.86,90.3,63.7,5.38,1.49,1,18.32
0.07,59.6,39.8,9.7,0.0,2,49.27
16.59,91.4,47.4,5.13,0.21,4,4.12
3.44,98.3,46.6,6.88,0.0,3,15.49
2.75,98.3,35.6,9.87,2.16,2,15.25
3.61,98.3,88.7,9.53,8.74,3,3.54
4.25,99.3,80.1,6.34,3.72,3,5.63
17.12,93.5,59.3,6.95,0.0,1,9.95
13.34,97.9,88.2,5.92,17.08,4,0.0
1.99,93.6,56.5,9.04,1.05,3,35.82
0.0,95.8,45.3,9.1,4.38,5,8.88
0.29,73.9,87.1,6.98,0.15,4,167.1
0.0,92.2,96.0,5.46,0.0,5,8.46
11.42,97.6,98.0,5.9,2.2,1,42.5
0.08,76.0,59.8,8.55,12.45,4,0.0
2.36,98.4,21.3,9.07,1.35,3,15.59
13.16,97.7,60.6,8.76,0.0,4,34.74
0.0,49.4,51.7,6.42,0.0,5,149.37
0.0,85.6,37.6,5.61,4.07,5,15.87
9.13,90.7,29.2,5.49,4.24,1,62.99
2.35,93.0,60.7,6.17,0.0,2,15.62
3.48,99.8,97.4,6.12,0.0,3,14.36
0.4,77.7,68.5,5.28,5.87,3,45.44
4.73,98.6,35.4,9.09,0.0,3,12.69
0.11,64.7,19.4,6.69,0.0,1,154.93
16.15,97.6,60.2,6.37,0.0,4,8.48
0.37,50.8,21.3,7.0,0.0,3,56.26
7.77,92.3,79.8,6.56,14.43,1,0.0
7.82,95.9,82.9,6.65,0.0,1,81.46
0.0,90.5,74.3,5.5,0.0,5,8.5
16.5,92.8,40.8,6.76,11.59,4,0.0
0.0,94.0,17.9,6.15,3.5,5,0.0
0.05,81.1,85.2,5.67,0.0,2,49.51
15.14,93.0,65.2,8.72,0.0,1,13.48
12.04,96.8,46.4,5.54,5.6,1,13.03
0.09,66.9,56.1,6.85,7.69,2,49.13
2.01,98.2,24.0,6.65,0.0,2,3.91
13.1,95.0,32.4,5.04,5.14,4,8.76
0.0,88.2,87.5,5.47,0.0,5,13.15
6.7,96.6,76.9,9.95,0.0,4,102.99
0.0,94.5,17.2,5.21,9.88,5,0.0
15.46,96.6,88.6,6.89,12.85,1,0.0
3.74,94.1,53.6,4.08,15.61,2,0.0
0.0,47.7,68.3,4.15,9.4,5,56.01
0.25,54.5,67.8,5.23,0.0,1,197.47
0.0,97.8,81.7,6.93,8.94,5,0.0
2.46,96.8,28.7,6.65,6.15,2,3.54
15.6,95.9,24.4,9.96,0.0,4,7.45
4.04,96.3,40.9,8.58,0.0,3,13.31
13.11,93.5,72.7,5.45,0.9,4,26.49
0.37,66.9,49.7,5.56,0.0,2,46.26
0.31,55.2,53.9,8.71,2.64,4,166.9
15.76,97.2,79.9,5.87,7.79,4,0.0
2.98,99.0,69.3,5.59,0.0,2,8.74
4.87,95.3,81.3,5.12,0.0,2,0.0
0.07,54.4,78.4,8.96,3.87,4,169.33
0.39,52.7,66.7,6.25,6.64,1,136.55
0.0,86.6,36.9,5.22,12.91,5,0.0
12.9,93.2,51.8,6.08,0.0,1,30.09
4.75,93.4,16.9,8.95,10.32,3,0.0
2.91,91.8,90.8,6.31,0.0,2,10.21
1.44,90.2,71.1,5.3,0.0,2,23.88
4.34,99.7,72.2,6.66,18.92,3,0.0
5.43,92.4,22.6,5.18,3.87,3,2.16
0.29,58.3,48.7,5.45,0.0,3,57.1
14.54,97.8,17.9,5.01,0.0,1,2.52
0.14,76.8,56.7,5.88,0.0,3,58.64
3.01,97.0,70.8,5.98,0.0,3,18.87
13.01,91.9,68.5,6.95,13.16,1,0.0
1.95,90.0,54.8,5.47,0.0,3,29.01
4.91,95.6,74.3,4.85,0.0,3,7.85
15.56,91.3,96.3,5.95,0.0,1,8.95
16.87,96.4,30.2,4.78,4.55,4,0.0
12.78,95.7,91.8,8.9,3.8,4,34.87
5.51,97.6,65.1,9.8,3.83,4,114.94
2.43,95.0,51.0,9.87,0.0,2,21.37
1.19,96.3,24.7,5.55,0.64,2,5.2
3.63,97.5,38.7,9.86,0.0,2,13.75
0.0,89.3,47.3,6.17,0.26,5,10.82
0.02,78.5,51.6,8.93,13.84,4,0.0
4.54,97.1,53.4,4.71,0.0,3,7.71
0.1,74.8,71.5,5.1,0.0,1,199.03
4.06,95.0,73.4,5.9,0.75,2,8.14
16.31,99.4,17.1,5.2,0.0,1,0.0
3.45,97.5,23.8,6.78,5.89,3,0.0
0.08,60.4,41.6,6.91,0.0,3,59.22
4.14,94.5,64.5,9.91,0.0,3,14.84
0.34,61.2,64.8,6.05,2.03,2,46.62
10.28,93.3,60.3,5.06,0.0,1,55.29
4.21,98.6,48.2,6.76,0.0,3,9.76
0.0,93.5,47.3,4.13,0.0,5,7.13
0.0,89.1,18.1,5.7,1.98,5,0.0
11.75,92.6,34.8,4.61,0.0,4,40.08
0.0,97.2,34.0,9.92,0.0,5,14.86
0.29,65.3,48.7,5.57,0.0,2,47.1
1.88,93.5,76.5,6.26,0.0,3,30.48
1.04,91.8,89.8,8.59,3.12,3,43.77
16.93,93.9,72.8,6.87,2.42,1,7.45
3.21,92.9,82.3,6.26,0.0,2,9.26
0.17,75.3,28.8,6.34,6.94,1,105.85
5.04,97.9,82.1,4.71,0.0,3,7.71
0.13,64.9,72.5,9.38,4.08,4,168.68
12.68,98.5,39.6,4.22,10.11,4,0.0
0.0,63.9,92.5,5.64,3.93,5,94.39
7.86,99.8,48.6,6.13,0.0,1,80.56
0.2,83.4,50.9,9.87,17.39,4,0.0
12.08,99.0,26.6,9.32,0.0,4,23.9
18.88,97.8,88.7,5.76,0.0,1,8.76
